transaction_id,sender_id,receiver_id,amount,timestamp,is_injected,pattern_type,cluster_id
84fa3889-f21f-9823-f23b-1efb0bd18d4a,81f631d4-a392-31a7-d777-a4774c66e0a8,83f4a9a9-48a6-39d0-15b5-2908a8aa7158,2060.72,2026-08-01T00:05:58,False,,
c0da1043-5b5d-c6ed-ef45-89fb59555d44,c2dff335-5666-6f9f-53ac-2ab974672cd9,beb79919-3f22-faf8-23be-d01d43cf2fde,725.6,2026-08-01T00:06:29,False,,
880061b6-73f6-21a8-2633-0c43a92f85fe,a5d04d53-1e12-42e3-f272-92b6762172ed,8b8148f6-b38a-088c-a65e-d389b74d0fb1,2168.72,2026-08-01T00:12:53,False,,
4fc55e4c-ab09-ec62-8e46-1d8bb555d6ee,f42d47cc-00d4-af59-7427-3ca3287d06ca,41357e8c-30a9-00ad-939b-462de645f129,1338.02,2026-08-01T00:24:43,False,,
1c153057-5bf7-74cf-fa8b-d601d21ce315,badcc32a-c159-0f53-8a0f-4efbedcd465e,7428a656-b3ee-4d3b-5a10-412954aebd1b,3323.27,2026-08-01T00:58:57,False,,
4a0c408d-9ee8-27fa-d451-b59ff60b9881,80962718-2051-acef-097a-1e10f6febc0e,f6f7f0cc-29ec-8e49-d1bd-b8c0c71d5e60,289.68,2026-08-01T01:09:58,False,,
62a876d7-6d58-bf63-3a07-61d90624ebdf,dd750e98-90e0-b95f-0212-b554464458b4,3170f437-a8f7-ef5a-060e-df5b39118497,517.09,2026-08-01T01:24:36,False,,
b0d508a9-e4b8-1e89-6287-729e12194d94,0e5dd462-cbd0-0ef2-530a-37df0bc61066,f16287e4-e9c3-49e0-3602-f8ac10f1bc81,142.35,2026-08-01T01:35:19,False,,
4e6c2bae-bb8c-ea35-1bc4-71612ff79a57,cbd58bf6-1efd-76e9-ce37-14af99b49350,47229389-571a-a876-6c30-7511b2b9437a,1030.95,2026-08-01T01:42:05,False,,
d8dcc3a5-309a-8327-891d-47fe970e287a,fbe33b24-3eae-0032-0bd4-a9900640be0f,610461e3-2a25-a888-0f02-bad0e7067ef4,735.36,2026-08-01T01:57:20,False,,
8fd73af9-7b88-99f9-9ee3-1563d32880c7,c521bf2d-dc45-d539-c03f-3538e4855aa1,c40c5d91-46fd-e062-a33d-c7afd701410d,2615.36,2026-08-01T03:33:26,False,,
93683dd6-5050-127e-4e38-5d03a0d80651,382c043f-7cfc-9b79-3875-394ce5d6f6e6,47229389-571a-a876-6c30-7511b2b9437a,321.31,2026-08-01T03:35:00,False,,
ed84acc9-413b-48c4-ef22-9e93cfdea771,f42d47cc-00d4-af59-7427-3ca3287d06ca,ae9bec36-35c7-936c-5b99-62c6e61fecc0,3779.84,2026-08-01T03:48:23,False,,
202f00a8-db75-dada-d51f-6de1f17daa26,53f8382b-8fb8-64e4-f173-8856e25d36eb,ab9099a4-35a2-40ae-5af3-05535ec42e08,682.05,2026-08-01T04:17:01,False,,
e0821918-b18a-d67d-39ec-8ca13fb2df47,9191b363-4e2d-6645-6dc7-cac7fd72b050,c1a6423b-9f64-eeed-5c9d-927d84b871bb,5926.22,2026-08-01T04:48:16,False,,
eba0330c-6a9a-6f4b-2e39-c29a921f266f,11b7e948-d0e6-e660-7c69-dee1bb5e4bcf,6232b17a-2507-4181-8d1f-b54074eff545,2342.39,2026-08-01T04:48:24,False,,
06b81c8a-03f9-c74d-085d-5d016a2062aa,7bb38605-da74-3152-627b-41a1ffd6f232,e2817efd-ae84-9217-1d53-434bb88139b9,7331.11,2026-08-01T04:50:38,False,,
d24e4a96-f3b6-d5ae-38c7-f2360a6119f6,57207246-4223-623b-cc3e-bdde5ad5cf06,f7860b50-11c5-8ef0-dd46-3c09475287aa,1123.16,2026-08-01T04:59:32,False,,
8f026c2c-1b41-4999-8198-d1f56839f98f,bcae8081-bdf0-70aa-f0b5-156bb82c9074,f1eedba3-1343-2e61-1ca3-c4480279b6a6,838.08,2026-08-01T05:25:09,False,,
8cc19913-7886-64f3-1993-edfe583f097d,4d3485c5-c5c1-4eb4-b27b-3d901a16342c,cf36d58b-4737-8190-96da-1dac72ff5d2a,958.84,2026-08-01T05:45:39,False,,
f26d3dd3-8c2a-a0b1-8982-cbf864e289c0,bd1531c8-3764-fbda-3108-d4482f65fafa,92f5df7b-0323-d342-df6a-8f931a432f0a,1405.6,2026-08-01T05:51:36,False,,
cb712efd-8ffa-1194-c14a-2a61358fb73f,d9178793-a9d3-c2e6-505c-c6869f871ce7,beb79919-3f22-faf8-23be-d01d43cf2fde,1558.45,2026-08-01T06:29:29,False,,
31456a6c-f423-23d9-11ea-88157ddc44f5,c8fe3ccd-c8b8-d9c6-ed30-49cf43e458fc,2e183554-cae2-8e66-ae8a-781390e0a95b,8571.58,2026-08-01T07:02:24,False,,
37634604-fe04-8d5a-d12b-32e67d531cdc,a8c01f05-c478-f6f1-b88e-c318c16d83ed,ae340454-cac5-b68c-28f4-9481a0a04dc4,1988.29,2026-08-01T07:24:21,False,,
7eebf539-7873-1a4e-8271-bbbaf96f4a1b,b24445a7-b7e5-8481-31c6-81ec935f2b0a,a3917c99-4c95-5f6a-966b-1964fcd6bdca,1748.23,2026-08-01T07:35:35,False,,
4968fdf2-5760-c094-7942-000acf242413,587ef344-6f3f-920c-98b8-e4cc1bc044fc,ae340454-cac5-b68c-28f4-9481a0a04dc4,946.71,2026-08-01T07:40:30,False,,
d91738f8-0ad1-c18c-f53f-091e8a9e0964,faf14ff0-7b85-179a-d5b0-77e06a5d932b,4ca9cf07-b1aa-0f6a-2a96-e1e27194eae2,1219.79,2026-08-01T07:43:01,False,,
480d0cf3-406d-5351-aefb-e3b3f7d7f5c0,96fc734d-a003-cd28-ca8f-3653c9af18f8,12e89d10-2871-1733-8bed-db12ad77e82f,757.84,2026-08-01T08:08:09,False,,
6001f54d-01d7-7831-850f-1cdc1e2a03f1,c29cfc0c-fa02-eaec-96ef-2ad6b97e6703,6105716b-ab0e-664e-9c3e-b2d591e1aa96,715.6,2026-08-01T08:17:18,False,,
deb2d490-1c66-fdd9-6565-e779a3708c7f,2790cebd-bfdd-c3d9-9ee3-ac2af94d6204,ae340454-cac5-b68c-28f4-9481a0a04dc4,920.61,2026-08-01T08:18:48,False,,
97feb937-a6d9-77a1-b4ec-fe8d16d1f5ca,093923de-8bab-ce3b-2628-6bfbe767dcea,a8c01f05-c478-f6f1-b88e-c318c16d83ed,4142.91,2026-08-01T08:24:59,False,,
5855e4a0-bfea-3d2a-88c9-82ecb3dd0cfb,badcc32a-c159-0f53-8a0f-4efbedcd465e,610cf373-4299-9aa4-0cdf-742b2e85cb21,1752.46,2026-08-01T08:29:37,False,,
5fcd859e-d6e1-8109-d7e1-74e6f76b9723,bb2488a3-d363-57b6-6f81-cf4f7701f7bb,654821d0-7fcd-9eb1-a7ca-d415366eb16f,2026.71,2026-08-01T08:33:37,False,,
663463e9-d317-d8c9-1060-573a721b7707,a2a9d4d8-102e-fde5-a5cc-8bf738ab854c,2260e70f-e0cc-edc5-f05d-b76e1a84a51a,1479.25,2026-08-01T08:40:19,False,,
af376fbe-2cd3-1317-8874-a1c508fe3f40,b4a69f3c-8d3a-ed99-711c-21c9bdc14f1f,b4d7e28e-271e-3ee2-b1a6-b1f1620e99d3,1481.94,2026-08-01T08:52:52,False,,
f17316d5-df42-eabd-604f-3c8d961a9968,587ef344-6f3f-920c-98b8-e4cc1bc044fc,8b8148f6-b38a-088c-a65e-d389b74d0fb1,129.58,2026-08-01T09:17:11,False,,
7a211151-c166-a8b3-f26b-cebf7def3b8e,ffe3fa49-054f-92ff-f366-bad4964db03f,9ef2b93e-30ac-7d7b-a2f9-63a33810ae66,542.21,2026-08-01T09:41:24,False,,
e78d147c-3d87-7034-7217-3fa35893ef12,ef8c485b-c07a-30f2-edd4-253b50f0fd0a,654821d0-7fcd-9eb1-a7ca-d415366eb16f,400.18,2026-08-01T10:15:25,False,,
13eb4599-32d4-d3a5-98dd-6c3ce4ceb832,7428a656-b3ee-4d3b-5a10-412954aebd1b,0c0fd195-c17a-f08a-1745-d6d87e570ddf,1340.98,2026-08-01T11:34:15,False,,
b169fded-f972-3977-52c0-3f9bdf16eb70,658b2523-6014-1de9-f54a-d0a2e87466d7,ce9e1a11-fcbb-4e59-fbdd-cf7c9c96e9ec,578.85,2026-08-01T12:01:26,False,,
4799c04b-f719-25ae-bb00-84fa3822b51b,74f93d17-e912-b4bf-86a4-bae41986b4b2,c40c5d91-46fd-e062-a33d-c7afd701410d,913.34,2026-08-01T12:07:35,False,,
e09012d7-14ce-6f0f-75d9-704d5fe12b57,787f2425-dbcc-c477-09e9-db0adf465290,f16287e4-e9c3-49e0-3602-f8ac10f1bc81,649.31,2026-08-01T12:09:43,False,,
53bd8128-22f0-6403-eac9-7d37b5878d33,41357e8c-30a9-00ad-939b-462de645f129,ef8c485b-c07a-30f2-edd4-253b50f0fd0a,415.04,2026-08-01T12:30:35,False,,
0678fe13-4bcd-6e4d-24e1-171634491318,83f4a9a9-48a6-39d0-15b5-2908a8aa7158,580d7b71-d8f5-6413-5be6-128e18c26797,889.52,2026-08-01T12:42:56,False,,
59b9222c-115a-ffac-b173-fcdf3fe1e8f3,f2e9702d-11e9-cdaa-6e69-81a35d3d9e56,cd5f4822-6966-08aa-ee49-f329c84a7b28,5172.71,2026-08-01T13:16:36,False,,
6c262577-66d6-089e-ab91-e501f5bd62cd,a9597663-6daa-2e68-8861-fe1858e25888,f16287e4-e9c3-49e0-3602-f8ac10f1bc81,1097.21,2026-08-01T13:30:06,False,,
1c2b498f-054d-a360-624d-347360bc6cbc,7a4c75d4-dc99-e04c-f0e9-8b3b40a26c60,06cb0fb3-9a1d-e644-815e-f6d13b8faa18,819.09,2026-08-01T13:44:04,False,,
72114575-fa3e-fd03-4ede-ae5f59f2674c,67f48ad5-4d0b-0d1a-91b0-e1d99d9262af,e45b712e-b822-5688-d0a4-44329cd6c852,1236.49,2026-08-01T14:12:11,False,,
ceb557ac-8b22-e445-7fa7-0485dafc3805,9b1bc895-2af4-3ab7-5e6f-ea07c4536f1d,12476f57-a5e5-a5ab-aefc-fad8efc89849,762.93,2026-08-01T14:13:23,False,,
624d2ff7-81c8-d068-931e-5f8920f5128d,46d483f3-d450-281c-6c6f-7633a2607723,b24445a7-b7e5-8481-31c6-81ec935f2b0a,699.11,2026-08-01T14:14:33,False,,
eab8d5be-b62c-09bf-a4f7-3a3017a15a60,ef8c485b-c07a-30f2-edd4-253b50f0fd0a,ff5e9ff0-ff50-bde4-3825-67b85cabcc97,571.72,2026-08-01T14:22:26,False,,
9cba7bc6-db87-2c8f-0551-7102f6ef66e4,7922bac2-82dc-4c8e-36b5-229aacf5e81e,587ef344-6f3f-920c-98b8-e4cc1bc044fc,404.21,2026-08-01T14:28:06,False,,
cccf4d37-0714-4da9-4e67-4f72627f34eb,1c8eaee9-5715-bd6f-a416-1293c4c2e2e3,c521bf2d-dc45-d539-c03f-3538e4855aa1,2198.52,2026-08-01T14:39:17,False,,
70249792-6578-7d0c-1aec-8b70ac0e7307,f1533ae8-670a-cc5c-b321-bf214dd8eb85,033d2bce-575a-ed2c-a5c5-650c8186a576,1184.2,2026-08-01T14:53:47,False,,
a477e25a-e193-83a9-0f5c-365a27e83b87,6e0d2648-35ce-8841-4973-2d6c4dcabfb7,06cb0fb3-9a1d-e644-815e-f6d13b8faa18,1012.68,2026-08-01T15:23:24,False,,
1fc22517-e593-562b-c249-f59a9dc906df,6651529e-8268-690b-a438-25b559e4b671,bdd640fb-0667-1ad1-1c80-317fa3b1799d,5056.7,2026-08-01T15:29:09,False,,
86cc556b-f0bb-1e32-c14f-a9be05209457,894a05e4-30b1-87ef-310c-0c003fa7f104,988c24c9-61b1-cd22-6280-1c4510435a10,2828.57,2026-08-01T15:53:34,False,,
54ca4adc-215b-def5-dcaa-5893c53d1af9,5283aac7-bc0a-6a5d-6e99-6e3ee3b137fc,5e781fd7-94e0-d3ba-a9f9-48b24e6384bb,487.72,2026-08-01T15:55:00,False,,
30c9a2be-87f1-d48c-d54e-7948c1c0c5e3,a3917c99-4c95-5f6a-966b-1964fcd6bdca,a7f36ae9-25c7-3c44-3e75-c3b4664fa663,371.84,2026-08-01T16:24:03,False,,
be0bbddd-38f9-5001-69bd-40d8f3402dd3,9ef2b93e-30ac-7d7b-a2f9-63a33810ae66,688c7015-aab9-7e49-4f2d-479681d2c7de,690.71,2026-08-01T17:29:34,False,,
15e5be78-463e-9bb3-f372-96a2aebeca58,ad64b56c-610f-aa3f-f0bb-ac67aa38d0a1,9261549d-3d22-5c30-b28f-41defb140bc3,5424.32,2026-08-01T17:41:23,False,,
b07bd4ed-e67b-6ad3-34be-5f0161a93ecf,db20a56e-dc81-5fe7-ceda-8bbb71710434,e2817efd-ae84-9217-1d53-434bb88139b9,2172.36,2026-08-01T18:10:00,False,,
ae1b3c1a-c5e3-8a4e-7cde-6371c1886c58,cfa701cd-2631-d00b-26d7-94d30db95301,a0ee89ae-d453-dd32-4b0d-bb418d5288f1,209.58,2026-08-01T18:12:47,False,,
f0636972-c737-327a-de34-106afa902bfb,3dc98290-15ea-bb27-30e9-12f2f2b43abf,398d1ca6-8b68-70b5-1d61-fac36cd5e859,4336.73,2026-08-01T18:13:12,False,,
6fcddf50-a86d-e251-7c98-756fe288109d,2260e70f-e0cc-edc5-f05d-b76e1a84a51a,1dad09b2-52c2-1221-409d-360250843242,4368.43,2026-08-01T18:18:03,False,,
35901039-06dd-5e19-dbe8-3664302f420e,7135f221-a6c9-537f-84da-d06a7872bdeb,6502d6a2-ca6a-2224-171e-16cc5da36f1b,4290.42,2026-08-01T18:30:27,False,,
de2565fe-d1ad-5c22-8088-a7de4e954929,d1843324-17e8-392a-55ce-e5db9e87e04c,dc5c0eed-8da0-365b-f898-97b9405cacec,7623.03,2026-08-01T18:51:51,False,,
c942e6e8-2df7-21e0-767f-3c15a95d3271,ef8c485b-c07a-30f2-edd4-253b50f0fd0a,6dadd6c7-95a7-6d79-bf3c-4c06434308bc,288.87,2026-08-01T18:57:15,False,,
b8943df8-c9ab-da91-5674-b9e20e5995aa,894a05e4-30b1-87ef-310c-0c003fa7f104,a0ee89ae-d453-dd32-4b0d-bb418d5288f1,1047.76,2026-08-01T19:07:43,False,,
af32baf8-811d-b4af-e8ca-7483dc0e3375,ccc56569-f9e8-a369-2999-b735dd56cc94,6105716b-ab0e-664e-9c3e-b2d591e1aa96,657.72,2026-08-01T19:17:48,False,,
ce610199-6e3a-0ba8-ac8d-6c7db2a6e468,11b7e948-d0e6-e660-7c69-dee1bb5e4bcf,80962718-2051-acef-097a-1e10f6febc0e,1321.41,2026-08-01T19:58:21,False,,
ebc05f02-2233-212a-f526-4ea279533cb7,04fc6d82-7d15-4385-52fb-e43b99546eb4,ff233d5f-6ced-d15d-5800-7c0287ea7ff5,3071.62,2026-08-01T19:59:11,False,,
13b96213-b668-4e19-9a46-3e703204c06d,61985d54-cfb8-7e6f-e9d6-8f23b489d070,dc322c97-39c1-e262-f76c-8edec1101266,4493.82,2026-08-01T20:01:05,False,,
3a710f9e-d5da-16fd-4a68-998ffd8bb697,f36cb62b-892e-6161-be2d-740a1e9b23bc,5283aac7-bc0a-6a5d-6e99-6e3ee3b137fc,1508.96,2026-08-01T20:15:42,False,,
25693e13-0efa-8993-94e7-4f2629b05b37,3c19e71d-1184-05ad-9e11-d2cd0930aef6,580d7b71-d8f5-6413-5be6-128e18c26797,693.06,2026-08-01T20:26:29,False,,
e14fea78-6e2f-1d3b-fd9f-45f40816d739,e9ff1cae-41c8-ca8c-2a1f-955ad499da99,ff5e9ff0-ff50-bde4-3825-67b85cabcc97,1606.7,2026-08-01T20:35:14,False,,
fd8190c8-dff4-cc91-3164-6c14f1a0051f,e8dd5e5a-1712-fb16-21a4-344fbb7bee03,766ecb15-474e-bc19-2ef9-12766c006f61,429.87,2026-08-01T20:56:06,False,,
fe41bb81-5e45-2956-81e4-ee990c286323,93b7a886-12f7-0c97-7de3-1a516694c343,74f93d17-e912-b4bf-86a4-bae41986b4b2,4395.51,2026-08-01T21:02:04,False,,
88df12c1-1fc8-628d-4b4d-10792d5f60d9,93b7a886-12f7-0c97-7de3-1a516694c343,9e8fc965-0a2c-827e-9832-685694340a03,384.94,2026-08-01T21:02:54,False,,
60920068-c403-b430-631a-9c3c0d591303,5e781fd7-94e0-d3ba-a9f9-48b24e6384bb,12476f57-a5e5-a5ab-aefc-fad8efc89849,805.9,2026-08-01T21:04:55,False,,
4d654036-a00f-230b-5afa-0fb35a16f9d9,e45b712e-b822-5688-d0a4-44329cd6c852,654821d0-7fcd-9eb1-a7ca-d415366eb16f,2524.81,2026-08-01T21:24:18,False,,
93ac009a-2fc1-0403-dcda-8cc184274378,9191b363-4e2d-6645-6dc7-cac7fd72b050,beb79919-3f22-faf8-23be-d01d43cf2fde,2023.88,2026-08-01T21:40:27,False,,
19fc8579-acd3-2f62-960f-69fcf6a646ee,8a14be62-295b-4715-c333-e8615fb8d16c,5e781fd7-94e0-d3ba-a9f9-48b24e6384bb,941.55,2026-08-01T21:41:49,False,,
0038dc84-a3ed-033a-a722-2ea2261b5048,d865d69a-74f3-3103-4006-6ff2b0b862ef,12476f57-a5e5-a5ab-aefc-fad8efc89849,394.95,2026-08-01T21:51:45,False,,
32440f07-0ae2-63e0-6e66-3c0ac1e0a4a1,dabac50d-ca3d-d859-c5ce-099c46b82659,cbd58bf6-1efd-76e9-ce37-14af99b49350,1068.96,2026-08-01T21:54:39,False,,
f0b2a5d1-8c7e-6f42-2646-eaf9d5c0244d,8a14be62-295b-4715-c333-e8615fb8d16c,787f2425-dbcc-c477-09e9-db0adf465290,663.97,2026-08-01T22:08:28,False,,
6b732c7a-8dca-94bd-c50a-2d22b08c19fa,c521bf2d-dc45-d539-c03f-3538e4855aa1,6232b17a-2507-4181-8d1f-b54074eff545,861.35,2026-08-01T22:48:02,False,,
5b9a289a-b58d-fc59-ebe0-c8c1ae38cf46,4ab7706e-b773-50ca-eec2-59dc7f95897c,ad64b56c-610f-aa3f-f0bb-ac67aa38d0a1,1512.77,2026-08-01T23:02:50,False,,
ee523a03-5cc5-3673-d165-4869fcdeb1c8,f96b648a-0ba6-eab9-4639-447b2067bdac,ffe3fa49-054f-92ff-f366-bad4964db03f,4190.02,2026-08-01T23:14:53,False,,
89131a4a-c5c6-5d8a-6022-7afc4ba82162,2790cebd-bfdd-c3d9-9ee3-ac2af94d6204,3b982ef8-daf6-1a26-146d-3f31fc377a4c,1011.71,2026-08-01T23:20:02,False,,
228c0659-64d0-72f8-0e8d-b9f5e5141d91,859131d2-bbda-0242-2d17-4fc96f7c15ea,eb6c1016-cee6-24d0-9dac-6e8345241ea6,2203.72,2026-08-02T00:08:17,False,,
9e3d750d-f296-d9f0-cd23-72c22bffe17b,d882b5c1-f79e-fd70-65bc-c272fadd7ea3,c521bf2d-dc45-d539-c03f-3538e4855aa1,691.84,2026-08-02T00:17:58,False,,
75be1ba7-0ae4-e096-24dc-1ee54cc378c3,d4f8fd72-f382-1cfd-c083-b73a473bd358,61985d54-cfb8-7e6f-e9d6-8f23b489d070,1546.56,2026-08-02T00:23:36,False,,
55525e11-b469-3821-c7ca-7ddc171acd35,0b2c782a-6928-8e92-c68a-152fdb23aa8c,3b982ef8-daf6-1a26-146d-3f31fc377a4c,1332.4,2026-08-02T00:36:14,False,,
9364ecb5-db29-920a-c886-b7c6a4c755b0,67f48ad5-4d0b-0d1a-91b0-e1d99d9262af,c8dcd19f-3e35-1128-7900-f7f993829b43,1325.55,2026-08-02T00:46:47,False,,
2101d598-f7ad-3965-b25b-56dc462e9af3,a319dcb4-217d-65a0-c568-11cd5563f616,50c187fc-ce17-7b4e-0837-b8a3d261a7ab,479.34,2026-08-02T01:29:09,False,,
b60b4f87-5dd8-effc-1f87-8b322b429596,f96b648a-0ba6-eab9-4639-447b2067bdac,eb6c1016-cee6-24d0-9dac-6e8345241ea6,5029.74,2026-08-02T01:31:50,False,,
4d53280e-1ebd-55b6-e605-84a208f548e7,83f4a9a9-48a6-39d0-15b5-2908a8aa7158,22f235f2-e11b-868d-bf0d-073d821c1336,370.5,2026-08-02T02:05:29,False,,
b119e78c-bb3f-4297-1033-5eb47acf41f0,6f962882-95d8-2980-ff37-d19c2e76128b,b8a6171f-1ee3-4dc4-3b04-8a8b405bfdc9,283.99,2026-08-02T02:16:59,False,,
b81c5f50-8b6a-cc43-96af-3fcbb3ebf780,6efb63b1-1b04-9863-7d7d-dbedd284476c,dd81b7f5-7d59-11c6-a8f1-e091ffb8102d,348.04,2026-08-02T02:42:07,False,,
4087be6a-4514-c416-6c44-821eaf051764,e9ff1cae-41c8-ca8c-2a1f-955ad499da99,4ab7706e-b773-50ca-eec2-59dc7f95897c,1070.42,2026-08-02T02:43:48,False,,
f0c0804b-406b-f02d-a97a-4f4e3c10871b,3e896c64-e117-dac3-119c-4ea3e1805081,69ca97d2-7644-14fd-8ae7-69edde8ede0b,764.36,2026-08-02T02:54:53,False,,
1c66021e-1a79-aec1-ddef-b7bb945094c8,9b49bd26-df57-c59a-8715-a10343dac043,53f8382b-8fb8-64e4-f173-8856e25d36eb,1831.89,2026-08-02T02:57:39,False,,
43a7320c-1984-93ce-33e1-f6f7757ad703,d1843324-17e8-392a-55ce-e5db9e87e04c,2095eef6-8ded-f9fb-4bb0-0f20b27c4026,2844.45,2026-08-02T03:18:00,False,,
6ac475a5-5b5c-d6c5-4b11-c1812dc12143,3d85de89-c217-1429-8e20-07247d137018,d9178793-a9d3-c2e6-505c-c6869f871ce7,696.98,2026-08-02T03:24:53,False,,
de6a7c6e-961b-9221-7a19-980761d21319,f96b648a-0ba6-eab9-4639-447b2067bdac,0c0fd195-c17a-f08a-1745-d6d87e570ddf,4095.31,2026-08-02T03:35:43,False,,
174d6b87-41d6-676a-61cb-78c3513ff9a9,0e5dd462-cbd0-0ef2-530a-37df0bc61066,57207246-4223-623b-cc3e-bdde5ad5cf06,799.18,2026-08-02T04:01:42,False,,
75d5a115-9ce8-b890-cc6b-3a6e5583b4db,d6d7b3b8-3309-4d35-3f4d-f561f319c125,3b982ef8-daf6-1a26-146d-3f31fc377a4c,268.93,2026-08-02T04:07:29,False,,
332cce0a-0e7d-a698-ab95-c72f0d95aaf5,6b8e869f-d538-5b0e-34f3-193c0ff0a55c,8b8148f6-b38a-088c-a65e-d389b74d0fb1,599.45,2026-08-02T05:26:39,False,,
ab87aea4-c54f-87ad-7750-bfbbdaf9ae1b,3e83b91f-2544-0fe0-6e41-7d475ff595ea,458f1f19-3c07-c574-4925-7af1b6aae05b,4275.51,2026-08-02T05:28:17,False,,
2d914e29-6541-f574-52ea-13b8a575c5c7,9191b363-4e2d-6645-6dc7-cac7fd72b050,04f64d86-7866-0765-14f7-ce8dd5bcb8d0,2256.48,2026-08-02T05:40:09,False,,
272e31b1-97e1-bc36-c520-d50fa0ff3498,04f64d86-7866-0765-14f7-ce8dd5bcb8d0,474a493b-3ced-df2d-839f-bc501223b513,1001.71,2026-08-02T05:52:22,False,,
610918c9-5016-8bd5-5a74-4822fd07f913,badcc32a-c159-0f53-8a0f-4efbedcd465e,b7b56ea7-35eb-d32d-9ad6-20ab48212ddb,2553.34,2026-08-02T06:06:26,False,,
1fe72d21-4526-ed62-13d8-a6e63f5c022a,dc322c97-39c1-e262-f76c-8edec1101266,7a4c75d4-dc99-e04c-f0e9-8b3b40a26c60,5131.96,2026-08-02T06:11:13,False,,
b6bbcd58-5cdb-7eda-9044-1ec65ef0195e,598336e3-75d6-6ed4-eb1f-a9f2d10bd1d0,dc5c0eed-8da0-365b-f898-97b9405cacec,1304.2,2026-08-02T06:13:22,False,,
1ba651ed-3146-74a6-967a-efbb5404801d,913e4de2-e0c5-3cb8-3da9-c2a90ed42f1a,3e6dd58b-7367-c28d-e1b2-94de4767d76c,1169.67,2026-08-02T06:15:34,False,,
ec35fb0c-5612-66fb-e4a6-bf51c125798e,d47d577b-fa5a-91ca-059d-d55d4b943e30,50c187fc-ce17-7b4e-0837-b8a3d261a7ab,1103.7,2026-08-02T06:16:58,False,,
17d3d848-b638-8b9c-2f4d-7d4a53e7ad02,78b2b549-3bdb-c09e-acc2-16a01bbc91f7,67f48ad5-4d0b-0d1a-91b0-e1d99d9262af,5188.3,2026-08-02T06:27:51,False,,
9baefd9e-88c0-6786-3238-7a5acfb57f2e,a65e688e-abf3-ad39-fec2-1bbe66245bfa,d664d264-4c6e-27ff-b9de-7a3a486822b9,884.55,2026-08-02T06:42:15,False,,
31d83f78-6843-7031-ff36-fe7fc1ab5f4c,f96b648a-0ba6-eab9-4639-447b2067bdac,8dfa6a56-d12d-bc9a-aaf9-15310200b1f0,3748.01,2026-08-02T06:43:49,False,,
c86c6544-a7d4-cf50-f791-f1e543f9cd6b,92f5df7b-0323-d342-df6a-8f931a432f0a,12476f57-a5e5-a5ab-aefc-fad8efc89849,1383.34,2026-08-02T07:02:46,False,,
3c5bf3a7-5fbb-f0b1-8083-89c8657e01c9,907bfe36-9786-48f8-64de-82e6e82c7d7b,1a3d1fa7-bc89-60a9-23b8-c1e9392456de,1567.3,2026-08-02T07:04:22,False,,
f4be28b4-4cd7-e6f7-433e-cd2c276e1d67,551ac8ea-585a-0afa-7bfd-cc1289e06ab3,122c9a56-01d7-4256-3860-2ab696a402f2,321.9,2026-08-02T07:16:15,False,,
3c33499f-c491-6b7f-2d9b-e5429bc81ea5,81f631d4-a392-31a7-d777-a4774c66e0a8,771ad655-cdfc-6ee0-e61e-de900267deb3,1198.3,2026-08-02T07:20:11,False,,
52044e75-129b-1e2d-74a4-1600af562306,db52ca58-0500-0bc6-b20d-cb6ef2311f17,8b8148f6-b38a-088c-a65e-d389b74d0fb1,1468.79,2026-08-02T07:46:16,False,,
6bc152ad-c44b-04e8-f51e-2df306c3998e,dd750e98-90e0-b95f-0212-b554464458b4,7428a656-b3ee-4d3b-5a10-412954aebd1b,127.51,2026-08-02T08:14:28,False,,
2e654dcc-8087-d4bc-11b0-830f71c629a6,088a93ec-70d9-c9f8-c9e2-60744f1639a0,eb6c1016-cee6-24d0-9dac-6e8345241ea6,1690.8,2026-08-02T08:53:49,False,,
9afdd464-42e6-918c-25db-be8da5349425,7135f221-a6c9-537f-84da-d06a7872bdeb,654821d0-7fcd-9eb1-a7ca-d415366eb16f,299.82,2026-08-02T08:55:14,False,,
3c3c9c08-e523-e8a9-1223-d9061db67101,a9597663-6daa-2e68-8861-fe1858e25888,d4aac9a3-3ed8-c56c-da09-dfa052828d80,2541.84,2026-08-02T09:51:48,False,,
1cacfd9f-6a3e-ed4f-c754-7e4d55a79731,f96b648a-0ba6-eab9-4639-447b2067bdac,06cb0fb3-9a1d-e644-815e-f6d13b8faa18,364.2,2026-08-02T10:15:05,False,,
26d658fb-39bf-c9b6-47ba-c8aaf2f94b2c,336749b5-2cf6-bf75-6a5e-6920bf5ae7e6,ff233d5f-6ced-d15d-5800-7c0287ea7ff5,1022.32,2026-08-02T10:19:48,False,,
f610f40d-69fe-890f-f90f-b6e4e15052f3,faf14ff0-7b85-179a-d5b0-77e06a5d932b,a0ee89ae-d453-dd32-4b0d-bb418d5288f1,1054.1,2026-08-02T10:21:02,False,,
54f0327b-1e97-8ef7-ba89-eda37eb6af51,aff8754d-1238-d630-743b-65a2dc0f2fcf,e2817efd-ae84-9217-1d53-434bb88139b9,2389.73,2026-08-02T10:21:19,False,,
13ba8d24-3ebb-527c-1438-e799242ac30f,8da01097-be0f-051b-1b66-b5a9e3c43657,0bbb2599-11ce-5dd2-b45e-d1f03139d32c,377.08,2026-08-02T11:10:08,False,,
a4540937-4a27-ebf2-8baa-f744a08dd21b,75b17a55-d426-2982-e43e-4288a2b5b498,dc5c0eed-8da0-365b-f898-97b9405cacec,1174.46,2026-08-02T11:17:08,False,,
ced7430d-be00-b0cb-c1ef-5aef2a38746e,da4bd9ca-eb5c-f467-80ba-cd647a0ecfea,a0ee89ae-d453-dd32-4b0d-bb418d5288f1,1625.87,2026-08-02T11:21:26,False,,
03ac0d1b-2cb1-5c02-79fc-3831ee9a61b5,75a66981-4104-a8b5-a34d-b7c5760debbb,a0a11839-e745-7704-18df-bc3ca0d4de3d,15000.0,2026-08-02T11:22:50,False,,
4f3b81d6-3745-abe5-bfd0-96b42c85ab3f,980402a2-b07a-a066-7354-35ea68949b8d,ab9099a4-35a2-40ae-5af3-05535ec42e08,1461.66,2026-08-02T11:33:31,False,,
465cc2cb-085e-b489-4ac6-678038749f3c,5260001e-eecf-67d2-7491-76f46090d697,4ab7706e-b773-50ca-eec2-59dc7f95897c,2315.3,2026-08-02T11:57:19,False,,
a00e0b60-64ee-c4c1-9714-fadcb3c4d030,1d870966-0710-d430-f071-d87954c63cd8,d58842de-a2bc-372f-7412-b29347294739,2491.11,2026-08-02T12:19:58,False,,
2fb9950b-a190-aa44-a888-7521845c10ea,9ef2b93e-30ac-7d7b-a2f9-63a33810ae66,ef8c485b-c07a-30f2-edd4-253b50f0fd0a,567.86,2026-08-02T12:38:22,False,,
3cd61f5e-e086-4418-7f3e-f59b16386137,688c7015-aab9-7e49-4f2d-479681d2c7de,d58842de-a2bc-372f-7412-b29347294739,579.76,2026-08-02T12:50:58,False,,
25660316-f39e-f1be-c025-53ead7f2a678,2d06e8cf-3805-f907-6cd6-6193c7468f59,0ea2622b-5048-67ba-bf7b-539b0f9aea4b,1634.57,2026-08-02T12:58:35,False,,
9e189a98-1d2d-1771-6e3d-24945675c8f3,61985d54-cfb8-7e6f-e9d6-8f23b489d070,07a0ca6e-0822-e8f3-6c03-1199972a8469,475.64,2026-08-02T13:14:51,False,,
a1a262d0-141f-b001-f7bc-bc1492419671,246998e8-d39e-198b-4400-7d5ae88da719,c2a79689-1933-918c-fa74-57616f18c108,789.49,2026-08-02T13:35:35,False,,
90968629-91f3-90f4-fa06-988915c52392,fbc9f87a-f668-a617-94a1-875d2db69edb,d9178793-a9d3-c2e6-505c-c6869f871ce7,1331.93,2026-08-02T13:42:36,False,,
c6a1a468-afb3-e3ad-dc43-2ed564caa1c7,11b7e948-d0e6-e660-7c69-dee1bb5e4bcf,e45b712e-b822-5688-d0a4-44329cd6c852,3266.61,2026-08-02T13:56:17,False,,
f2335074-b2b3-bb39-4510-eaadc0bd44c0,7922bac2-82dc-4c8e-36b5-229aacf5e81e,c2dff335-5666-6f9f-53ac-2ab974672cd9,856.47,2026-08-02T14:06:53,False,,
aa35b738-c67a-56e3-06fe-8fcfc7b13265,faf14ff0-7b85-179a-d5b0-77e06a5d932b,474a493b-3ced-df2d-839f-bc501223b513,1585.62,2026-08-02T14:34:17,False,,
c63e23bf-5c0c-309c-0157-2a56e4aeb85f,fb16e5db-a6ea-b79e-d21c-82f8cada4f80,8dfa6a56-d12d-bc9a-aaf9-15310200b1f0,2749.44,2026-08-02T14:43:35,False,,
1122e28f-6c18-eb52-b3b9-66e28eaa0112,ad64b56c-610f-aa3f-f0bb-ac67aa38d0a1,04f64d86-7866-0765-14f7-ce8dd5bcb8d0,1871.75,2026-08-02T15:04:23,False,,
4b211512-68e9-31d8-963d-101f40c8c7a3,f6802cdb-77e4-90c7-1d7b-c313cde22f1c,bb2488a3-d363-57b6-6f81-cf4f7701f7bb,2836.45,2026-08-02T15:19:59,False,,
de8c5a13-5bdf-d4ce-a125-151b1ac7ea5b,a7f36ae9-25c7-3c44-3e75-c3b4664fa663,beb79919-3f22-faf8-23be-d01d43cf2fde,285.47,2026-08-02T15:26:16,False,,
fd6c47e3-2abc-4b2f-b0a6-e45706205f4a,148f8b74-a65b-b1f2-65c1-7795b15516bc,d4f8fd72-f382-1cfd-c083-b73a473bd358,320.68,2026-08-02T15:42:03,False,,
b04816fd-fd86-9a13-809b-d8134f13823b,2f32751e-5738-811d-70c2-903f7a8d03aa,a0ee89ae-d453-dd32-4b0d-bb418d5288f1,238.49,2026-08-02T16:00:48,False,,
918b2860-c1a9-6b3b-90cc-44af52f2978f,980402a2-b07a-a066-7354-35ea68949b8d,67f48ad5-4d0b-0d1a-91b0-e1d99d9262af,870.56,2026-08-02T16:14:06,False,,
2294fa0a-8482-0c08-042c-65ad9883e9b1,78b2b549-3bdb-c09e-acc2-16a01bbc91f7,67f48ad5-4d0b-0d1a-91b0-e1d99d9262af,413.28,2026-08-02T16:23:06,False,,
924cde09-ccea-5031-844e-250be684390c,859131d2-bbda-0242-2d17-4fc96f7c15ea,bd1531c8-3764-fbda-3108-d4482f65fafa,5589.33,2026-08-02T16:27:41,False,,
057eccfa-15f3-b747-10bb-5ed3c9765bdf,1497d658-7010-f719-7e69-5d0d8a3c3b5e,06cb0fb3-9a1d-e644-815e-f6d13b8faa18,436.22,2026-08-02T17:07:45,False,,
992033eb-6a8e-b758-f32d-2812121d87ac,04fc6d82-7d15-4385-52fb-e43b99546eb4,78b2b549-3bdb-c09e-acc2-16a01bbc91f7,3383.63,2026-08-02T17:11:59,False,,
55ec2b78-6009-4db3-b265-293e45314fd0,0a4c9f7f-9384-ec2b-44fe-acaed248a9a7,f1533ae8-670a-cc5c-b321-bf214dd8eb85,1541.62,2026-08-02T17:55:24,False,,
efc59738-2fb2-1e66-7ed1-7aabc9b7c9bc,889b78d5-dbfd-d97e-aca2-b148da330aa1,8bcf53a1-bc10-fa52-bf5d-2fdf89c8d2ab,2507.86,2026-08-02T18:20:20,False,,
d789c624-5e14-901b-fea5-9d94998c603a,2dea9493-0658-663a-698c-206fe1a47e10,27a0c3d7-7c96-7f79-b7e9-9acaa97065e1,3202.04,2026-08-02T18:25:42,False,,
214b1e1c-4b40-3399-bb10-f0bedb768604,7135f221-a6c9-537f-84da-d06a7872bdeb,f920264c-0763-fcd0-1f15-c7b67c16128d,136.04,2026-08-02T18:30:20,False,,
dcf89878-73bb-84e5-33f7-d722e51728b2,cd5f4822-6966-08aa-ee49-f329c84a7b28,1a2a73ed-562b-0f79-c374-59eef50bea63,100.0,2026-08-02T18:38:50,False,,
cff2b1c4-e53f-9644-b39e-4df25c0a1feb,551ac8ea-585a-0afa-7bfd-cc1289e06ab3,d882b5c1-f79e-fd70-65bc-c272fadd7ea3,1338.17,2026-08-02T18:50:04,False,,
42264ba4-0775-d778-22ed-1e2545d07382,ccc56569-f9e8-a369-2999-b735dd56cc94,cf36d58b-4737-8190-96da-1dac72ff5d2a,1274.64,2026-08-02T19:06:44,False,,
3c1bdacc-18e1-9331-1dba-12677e1ca5a1,d1843324-17e8-392a-55ce-e5db9e87e04c,a6348e78-4d5c-55c7-b379-cb1ee8cda0cc,1802.11,2026-08-02T19:21:18,False,,
d66d4627-e1da-ce6a-6afa-828c2cd10b9f,dd750e98-90e0-b95f-0212-b554464458b4,e2817efd-ae84-9217-1d53-434bb88139b9,1446.19,2026-08-02T19:27:20,False,,
88e44a48-c570-9e30-417b-6634a3ec152c,8ae8905b-54b4-a482-6858-6eba6a34c854,dc5c0eed-8da0-365b-f898-97b9405cacec,1879.78,2026-08-02T19:31:53,False,,
9d2cd944-6690-a951-fc04-ca7aee415f16,fcf56188-d32e-6dcd-83bc-9478dd6ac7b8,db52ca58-0500-0bc6-b20d-cb6ef2311f17,243.92,2026-08-02T19:59:17,False,,
54492845-acd3-d56f-3257-69cd5571276b,72bb912d-7da6-7785-b63b-4dc3a559e463,ccc56569-f9e8-a369-2999-b735dd56cc94,414.44,2026-08-02T20:36:03,False,,
a3e53892-2540-647b-784f-cb14f2d31a65,72bb912d-7da6-7785-b63b-4dc3a559e463,439472e6-da58-7e8a-a25d-6b29afffcfd2,2975.93,2026-08-02T20:36:07,False,,
8573b517-cb50-8544-b481-acdeeeafab56,d4f8fd72-f382-1cfd-c083-b73a473bd358,06cb0fb3-9a1d-e644-815e-f6d13b8faa18,604.46,2026-08-02T20:41:20,False,,
e0b55615-d3b6-ef1b-74f7-6d09739cafa5,6105716b-ab0e-664e-9c3e-b2d591e1aa96,06cb0fb3-9a1d-e644-815e-f6d13b8faa18,3849.72,2026-08-02T20:52:10,False,,
410f71df-945e-49c7-e785-79d2ab1e5fcf,dfcaf0b7-19b1-7e80-dea4-ae1754fd9ad3,1a2a73ed-562b-0f79-c374-59eef50bea63,1267.61,2026-08-02T21:06:03,False,,
90cbb982-eea0-0af9-6283-f50f1fddc20a,a6348e78-4d5c-55c7-b379-cb1ee8cda0cc,9b689c88-3ae9-09fe-cc82-18dac696f5e6,2286.73,2026-08-02T21:14:11,False,,
13abd39b-b92e-2cab-08e5-dd93dad50f42,969b6662-0562-8059-568c-c69b1064005c,2a405f12-b963-f37f-6781-4c1fcc530e36,3567.87,2026-08-02T21:41:03,False,,
3d8a3090-353a-044d-681f-95150d93d08b,9191b363-4e2d-6645-6dc7-cac7fd72b050,658b2523-6014-1de9-f54a-d0a2e87466d7,435.08,2026-08-02T21:52:34,False,,
7a14cf98-611e-6047-790a-474e6185e21b,ce9e1a11-fcbb-4e59-fbdd-cf7c9c96e9ec,75a66981-4104-a8b5-a34d-b7c5760debbb,5845.64,2026-08-02T21:52:44,False,,
11bb797a-f464-a31f-5938-949e8a426ff0,44656d6b-81fb-18b3-c9a7-d91fef2ae713,8b8148f6-b38a-088c-a65e-d389b74d0fb1,1095.86,2026-08-02T21:57:56,False,,
8af09ec3-4b72-6a7c-8f1c-3fa070000009,a9597663-6daa-2e68-8861-fe1858e25888,5913f9d3-7852-99f4-175b-a98df8140102,639.21,2026-08-02T22:00:26,False,,
127ba660-bb33-5cf7-0beb-a1debeb07722,6651529e-8268-690b-a438-25b559e4b671,82ec9f2d-fbf6-e16f-9b30-80d56fb78271,354.03,2026-08-02T22:50:37,False,,
0144fe67-8df5-b9a0-e577-e1b64dd35982,ef8c485b-c07a-30f2-edd4-253b50f0fd0a,fbc9f87a-f668-a617-94a1-875d2db69edb,1733.13,2026-08-02T23:00:05,False,,
5a3c49e0-1158-6f46-7abd-cb0fd8e06ea2,088a93ec-70d9-c9f8-c9e2-60744f1639a0,988c24c9-61b1-cd22-6280-1c4510435a10,368.84,2026-08-02T23:12:51,False,,
a07c68c2-1ce2-ec5b-4165-53a1e4203a34,6b8e869f-d538-5b0e-34f3-193c0ff0a55c,ae340454-cac5-b68c-28f4-9481a0a04dc4,1010.78,2026-08-02T23:44:07,False,,
30307633-a6de-d1d8-9258-17b7cf501889,793b4c32-2050-0494-3d11-48022702878b,e2817efd-ae84-9217-1d53-434bb88139b9,1527.31,2026-08-02T23:47:41,False,,
602ba256-01db-eb73-cab2-85dc85b7b774,e3e9de99-f10c-718b-1eb0-e38a675dd5af,47229389-571a-a876-6c30-7511b2b9437a,2149.91,2026-08-03T00:46:10,False,,
5afce6a6-9229-13f1-00f3-e86630260bb1,894a05e4-30b1-87ef-310c-0c003fa7f104,793b4c32-2050-0494-3d11-48022702878b,674.99,2026-08-03T00:53:32,False,,
f454ef98-2712-cefe-f330-f9313b8ff9d7,598336e3-75d6-6ed4-eb1f-a9f2d10bd1d0,4ab7706e-b773-50ca-eec2-59dc7f95897c,632.98,2026-08-03T01:08:18,False,,
dcb33df3-13ee-cdc6-ebd1-4d2c75b27455,04f64d86-7866-0765-14f7-ce8dd5bcb8d0,c8dcd19f-3e35-1128-7900-f7f993829b43,250.0,2026-08-03T01:17:08,False,,
6f47d6b6-81d4-2b2f-0a56-8d1c780826ff,74962764-12a4-def0-c4bb-b7a9d98868dd,3b982ef8-daf6-1a26-146d-3f31fc377a4c,6027.61,2026-08-03T01:28:09,False,,
77c8c297-23a9-654d-f679-d5445acf614a,d47d577b-fa5a-91ca-059d-d55d4b943e30,e2817efd-ae84-9217-1d53-434bb88139b9,349.42,2026-08-03T01:40:10,False,,
a0041dd5-fb93-2692-dc16-0e3deb159f5b,513a7052-986f-9025-8f15-ba58fce68504,7656af72-29d4-beef-3eab-edcbbaa80dd4,1583.64,2026-08-03T01:48:50,False,,
e1ef2dd3-4616-33bc-286e-3f0adedbaec4,fbc9f87a-f668-a617-94a1-875d2db69edb,771ad655-cdfc-6ee0-e61e-de900267deb3,556.84,2026-08-03T02:52:22,False,,
2483c458-4485-2295-1566-8483c5266dc8,8b10550c-d570-4f32-702c-dd20286218b8,1a2a73ed-562b-0f79-c374-59eef50bea63,229.71,2026-08-03T02:57:39,False,,
33bb7382-0801-8e83-df9d-39102dbb45bd,148f8b74-a65b-b1f2-65c1-7795b15516bc,8b8148f6-b38a-088c-a65e-d389b74d0fb1,1416.62,2026-08-03T03:00:15,False,,
e2c350af-42e3-97d9-a97b-43bd00b73636,2f32751e-5738-811d-70c2-903f7a8d03aa,8a63f881-ffd0-f9d5-a6f2-f7b80cf35b58,3815.75,2026-08-03T03:26:03,False,,
2f8a637d-f330-dc59-750d-456e19412cae,dd750e98-90e0-b95f-0212-b554464458b4,b386f7a4-c991-603f-28c1-3091444d610b,3165.09,2026-08-03T04:06:12,False,,
db2865da-4cb9-be7b-2444-4f6430259856,1d870966-0710-d430-f071-d87954c63cd8,1a3d1fa7-bc89-60a9-23b8-c1e9392456de,3718.34,2026-08-03T04:07:14,False,,
ab24f74a-9f2b-e8ba-3f05-344c9947c98a,439472e6-da58-7e8a-a25d-6b29afffcfd2,8b8148f6-b38a-088c-a65e-d389b74d0fb1,1424.04,2026-08-03T04:08:43,False,,
6fe05fa2-5707-6494-05f4-949bef10b6cc,033d2bce-575a-ed2c-a5c5-650c8186a576,0e5dd462-cbd0-0ef2-530a-37df0bc61066,367.85,2026-08-03T04:24:35,False,,
18302082-69bb-a3c4-6cc7-21f082ba0fed,d4aac9a3-3ed8-c56c-da09-dfa052828d80,506e5a9a-b758-588d-ab73-295b344a54b8,416.4,2026-08-03T04:32:21,False,,
025fc70f-9088-4400-2d67-5be33fbe5756,2260e70f-e0cc-edc5-f05d-b76e1a84a51a,988c24c9-61b1-cd22-6280-1c4510435a10,2308.13,2026-08-03T04:51:33,False,,
01f7c7ec-0e06-30cd-996d-5c50fc04a168,598336e3-75d6-6ed4-eb1f-a9f2d10bd1d0,3b982ef8-daf6-1a26-146d-3f31fc377a4c,2294.95,2026-08-03T04:54:54,False,,
4cf6a297-11e7-4656-9026-1d4c88ba135e,46d483f3-d450-281c-6c6f-7633a2607723,6dadd6c7-95a7-6d79-bf3c-4c06434308bc,363.81,2026-08-03T04:59:36,False,,
4d711f28-6185-21ab-9ea1-e6178129aa0c,e7c99b26-1141-25c6-3a9b-edd40f1259e0,580d7b71-d8f5-6413-5be6-128e18c26797,551.06,2026-08-03T05:01:30,False,,
0426fcc9-255b-30e2-bdc2-b74b38a56b49,b8a6171f-1ee3-4dc4-3b04-8a8b405bfdc9,3e83b91f-2544-0fe0-6e41-7d475ff595ea,1169.44,2026-08-03T05:15:44,False,,
85319f0f-ba53-3122-74b7-96204a73b0bf,83f4a9a9-48a6-39d0-15b5-2908a8aa7158,87e5f0fe-5da8-d6d2-f8b3-8a8be05fb8bc,1087.92,2026-08-03T05:15:56,False,,
e8acd757-f5b0-fa1c-b013-b95163db2b6d,44656d6b-81fb-18b3-c9a7-d91fef2ae713,398d1ca6-8b68-70b5-1d61-fac36cd5e859,5081.87,2026-08-03T05:35:37,False,,
20f8260c-bf10-545a-1dd3-c5d218927ebd,11b7e948-d0e6-e660-7c69-dee1bb5e4bcf,0a4c9f7f-9384-ec2b-44fe-acaed248a9a7,441.56,2026-08-03T06:00:41,False,,
26b3a03a-e575-13a5-447a-4e2c8e990457,22f235f2-e11b-868d-bf0d-073d821c1336,9549c931-e9af-299d-7f67-1eec3da70577,334.42,2026-08-03T06:22:54,False,,
c9c1ad45-f4ea-6b97-6aa4-15b56336c815,a8c01f05-c478-f6f1-b88e-c318c16d83ed,3b982ef8-daf6-1a26-146d-3f31fc377a4c,1537.02,2026-08-03T06:44:07,False,,
9cb076a2-0e55-1d71-871e-b65c600c8bc0,87e5f0fe-5da8-d6d2-f8b3-8a8be05fb8bc,07a0ca6e-0822-e8f3-6c03-1199972a8469,920.06,2026-08-03T07:49:34,False,,
2498a9f2-03aa-96d2-2ea2-daecfac284dd,5260001e-eecf-67d2-7491-76f46090d697,47229389-571a-a876-6c30-7511b2b9437a,1967.29,2026-08-03T07:56:43,False,,
a175a9c3-d7b1-02a9-2332-a50e6992896e,faf14ff0-7b85-179a-d5b0-77e06a5d932b,bdd640fb-0667-1ad1-1c80-317fa3b1799d,571.58,2026-08-03T08:31:24,False,,
3bfda8a6-705f-ddf5-66fa-dca00b531932,587ef344-6f3f-920c-98b8-e4cc1bc044fc,6dadd6c7-95a7-6d79-bf3c-4c06434308bc,1833.14,2026-08-03T08:42:43,False,,
63c81fb9-4be7-30a1-669f-9a4af2eb0d5a,f6802cdb-77e4-90c7-1d7b-c313cde22f1c,6502d6a2-ca6a-2224-171e-16cc5da36f1b,719.99,2026-08-03T08:59:12,False,,
52b19d01-942c-aa0c-dd53-abe12b2f8082,fcf56188-d32e-6dcd-83bc-9478dd6ac7b8,dc322c97-39c1-e262-f76c-8edec1101266,2633.44,2026-08-03T09:18:13,False,,
46401757-fd81-a925-0bfa-8cd57fa79708,0b2c782a-6928-8e92-c68a-152fdb23aa8c,6efb63b1-1b04-9863-7d7d-dbedd284476c,2907.93,2026-08-03T09:51:28,False,,
6c8c3b6a-a974-d079-716f-da0a45a88829,f1533ae8-670a-cc5c-b321-bf214dd8eb85,07a0ca6e-0822-e8f3-6c03-1199972a8469,154.52,2026-08-03T09:58:39,False,,
c90703e8-4884-1707-e0f3-ee6659a7e6e4,41357e8c-30a9-00ad-939b-462de645f129,8b8148f6-b38a-088c-a65e-d389b74d0fb1,1432.43,2026-08-03T10:08:24,False,,
00009f1e-ee1e-edbf-4634-0607f260a3ed,4ca9cf07-b1aa-0f6a-2a96-e1e27194eae2,474a493b-3ced-df2d-839f-bc501223b513,2887.61,2026-08-03T10:17:12,False,,
a77d95f1-d7c4-fe9c-e1e0-fffc98f6fd7f,67f48ad5-4d0b-0d1a-91b0-e1d99d9262af,6efb63b1-1b04-9863-7d7d-dbedd284476c,4052.72,2026-08-03T10:53:01,False,,
12fcff49-e269-6a73-8b2d-fd839b5de3c9,bb2488a3-d363-57b6-6f81-cf4f7701f7bb,4ca9cf07-b1aa-0f6a-2a96-e1e27194eae2,580.82,2026-08-03T11:08:15,False,,
9863bb20-7d53-c706-fb50-78f7a0cbfeca,78b2b549-3bdb-c09e-acc2-16a01bbc91f7,c2dff335-5666-6f9f-53ac-2ab974672cd9,1050.66,2026-08-03T11:24:40,False,,
7a71ce7b-3248-f699-12b3-b3eba247a4f5,b24445a7-b7e5-8481-31c6-81ec935f2b0a,0c0fd195-c17a-f08a-1745-d6d87e570ddf,1403.19,2026-08-03T11:30:56,False,,
f1685db8-47d2-8391-5d13-539c44ed4fd5,d1843324-17e8-392a-55ce-e5db9e87e04c,a53f8a28-abf3-e3fc-2181-3d25655238a6,1058.24,2026-08-03T12:10:58,False,,
3c8aae87-9606-006a-98d5-4b7ec08bd631,ccc56569-f9e8-a369-2999-b735dd56cc94,1a2a73ed-562b-0f79-c374-59eef50bea63,1328.82,2026-08-03T12:26:32,False,,
3c6841d6-1ce8-e12f-f928-7d2637c0f87a,3e83b91f-2544-0fe0-6e41-7d475ff595ea,9854ce4e-4ebf-a5c3-cae9-b4a72a79ea68,1491.89,2026-08-03T12:41:10,False,,
ca803df8-7182-fcf2-a151-ed022f098f4d,980402a2-b07a-a066-7354-35ea68949b8d,f16287e4-e9c3-49e0-3602-f8ac10f1bc81,3602.81,2026-08-03T12:41:58,False,,
aa3319bc-6ce7-63e1-708f-75a1cea6e9bc,8dfa6a56-d12d-bc9a-aaf9-15310200b1f0,bb2488a3-d363-57b6-6f81-cf4f7701f7bb,841.75,2026-08-03T12:48:17,False,,
0c49f33a-1c5d-9fe9-0b07-0a68c8f217a3,bcae8081-bdf0-70aa-f0b5-156bb82c9074,dc5c0eed-8da0-365b-f898-97b9405cacec,2843.74,2026-08-03T13:09:23,False,,
e6dc9c76-ee7a-e3bb-5034-07151706c3cd,2d06e8cf-3805-f907-6cd6-6193c7468f59,c2a79689-1933-918c-fa74-57616f18c108,401.84,2026-08-03T13:27:40,False,,
bd8c6f4f-8fe2-75b1-24e7-23838429e12c,6f962882-95d8-2980-ff37-d19c2e76128b,47229389-571a-a876-6c30-7511b2b9437a,572.49,2026-08-03T13:46:23,False,,
d80213ba-af6c-2278-2633-1cc6cbeed3e3,8f5486b7-c7b5-b2bc-5a8a-aeca1a50aec3,a53f8a28-abf3-e3fc-2181-3d25655238a6,1053.47,2026-08-03T13:49:47,False,,
a9065c79-5a2d-6aee-6e29-a319014d9829,033d2bce-575a-ed2c-a5c5-650c8186a576,1ff49b78-8946-3e85-759c-de66bacfb3d0,224.95,2026-08-03T13:58:28,False,,
f69f239b-578e-911f-6db4-6c7fe6d1fe21,acdabacc-1165-e210-9854-3881118a9d29,d865d69a-74f3-3103-4006-6ff2b0b862ef,337.3,2026-08-03T14:36:51,False,,
2436c8de-c40c-fbde-caf9-19244f2c8cfd,6502d6a2-ca6a-2224-171e-16cc5da36f1b,acdabacc-1165-e210-9854-3881118a9d29,989.08,2026-08-03T14:40:53,False,,
9f32fd3e-f358-206d-b49b-c1ef692c6843,e45b712e-b822-5688-d0a4-44329cd6c852,dc5c0eed-8da0-365b-f898-97b9405cacec,606.4,2026-08-03T14:54:42,False,,
f18c5581-3c9b-3b84-cb4a-ddc685096c78,1efa2197-7394-988f-847f-d9b4e64d1bcb,8eb22579-0cdb-1ca4-76ec-bdd68498e113,378.0,2026-08-03T15:25:07,False,,
8c69e2e8-1b82-9ae1-4700-cde911fdde63,766ecb15-474e-bc19-2ef9-12766c006f61,3c19e71d-1184-05ad-9e11-d2cd0930aef6,2561.71,2026-08-03T15:29:58,False,,
d473e687-76ad-1c33-2469-d0c2e7574997,ffe3fa49-054f-92ff-f366-bad4964db03f,3e6dd58b-7367-c28d-e1b2-94de4767d76c,4660.97,2026-08-03T15:33:05,False,,
7eb0f62a-3d45-74eb-f465-5a21cb35097a,d664d264-4c6e-27ff-b9de-7a3a486822b9,d865d69a-74f3-3103-4006-6ff2b0b862ef,624.08,2026-08-03T15:34:39,False,,
40c37cbc-3d5b-6535-abed-e2b6c9eef97c,ffe3fa49-054f-92ff-f366-bad4964db03f,e2817efd-ae84-9217-1d53-434bb88139b9,515.8,2026-08-03T15:41:52,False,,
0d333496-e352-8539-5d2e-7b90acb60e81,d4aac9a3-3ed8-c56c-da09-dfa052828d80,e2817efd-ae84-9217-1d53-434bb88139b9,402.78,2026-08-03T15:51:36,False,,
230d27b8-ff97-588e-f6cd-d0d1aa31e22b,e8dd5e5a-1712-fb16-21a4-344fbb7bee03,1ff49b78-8946-3e85-759c-de66bacfb3d0,644.86,2026-08-03T15:58:41,False,,
2a26f770-4ddb-1b36-272c-058884a2576c,43d88870-f81d-baa1-c812-0a8e78308930,43e42caf-8181-a8cc-3691-47eb89a2688b,1972.11,2026-08-03T16:33:38,False,,
61a2d612-9a2f-c701-f3af-bb098c126e0e,f920264c-0763-fcd0-1f15-c7b67c16128d,27a0c3d7-7c96-7f79-b7e9-9acaa97065e1,993.92,2026-08-03T16:42:10,False,,
cc21cbdb-fb8f-e8c4-d8b4-8ead93608edf,faf14ff0-7b85-179a-d5b0-77e06a5d932b,1a2a73ed-562b-0f79-c374-59eef50bea63,977.95,2026-08-03T17:08:17,False,,
f54f1b92-8442-906f-2e16-f0b6ec257a75,a319dcb4-217d-65a0-c568-11cd5563f616,580d7b71-d8f5-6413-5be6-128e18c26797,1371.81,2026-08-03T17:08:31,False,,
ad9e5c1e-b997-4024-90a0-14ab4ca1cabd,1efa2197-7394-988f-847f-d9b4e64d1bcb,6105716b-ab0e-664e-9c3e-b2d591e1aa96,12775.7,2026-08-03T17:16:14,False,,
d0d75e37-3bf2-025f-4a0d-2b73fe54ee4b,8dfa6a56-d12d-bc9a-aaf9-15310200b1f0,7656af72-29d4-beef-3eab-edcbbaa80dd4,1835.46,2026-08-03T17:45:43,False,,
485835db-2e3b-5fd6-7045-32d5207073f0,944528c0-0ef8-c2d6-f7fd-564637bb3eec,1a3d1fa7-bc89-60a9-23b8-c1e9392456de,889.61,2026-08-03T18:16:27,False,,
8f909d9d-d23c-7585-b322-81f33eac5015,70286046-49bc-473f-ed7b-f656218a1536,0c0fd195-c17a-f08a-1745-d6d87e570ddf,741.18,2026-08-03T18:28:41,False,,
3a24ec19-0292-9d3d-96af-a28a178cb5a0,1d870966-0710-d430-f071-d87954c63cd8,6651529e-8268-690b-a438-25b559e4b671,4427.91,2026-08-03T19:29:04,False,,
6a80cac2-1a8c-f13c-28ce-231ed8274fc3,78b2b549-3bdb-c09e-acc2-16a01bbc91f7,336749b5-2cf6-bf75-6a5e-6920bf5ae7e6,442.5,2026-08-03T20:19:40,False,,
f1f7d904-1307-5157-d8c1-28e7d6cd3155,2e8d0e87-5334-20e6-d9d8-0b8d7e8adee7,1a3d1fa7-bc89-60a9-23b8-c1e9392456de,1147.76,2026-08-03T20:25:40,False,,
f6ae7936-0071-4e0f-2b23-ace018720dc7,9b49bd26-df57-c59a-8715-a10343dac043,b4d7e28e-271e-3ee2-b1a6-b1f1620e99d3,744.64,2026-08-03T20:54:37,False,,
24435958-eacf-33a9-b466-fab6962c04dd,a8b317fa-18d0-752b-1825-bc5430beb45f,8b8148f6-b38a-088c-a65e-d389b74d0fb1,2044.38,2026-08-03T21:23:15,False,,
69d4de06-342e-d9b4-4a00-ae9986375844,288b78b5-b5b4-53ca-3d42-993ccc9fd334,9b1bc895-2af4-3ab7-5e6f-ea07c4536f1d,1060.39,2026-08-03T21:25:48,False,,
c7d77fbb-520b-7950-dee4-254b0afc13fb,17dc8eff-6872-13f9-8d60-593603802b70,d4f8fd72-f382-1cfd-c083-b73a473bd358,2587.51,2026-08-03T21:31:26,False,,
52c2a44b-f3f4-8d53-1120-c1b71b2391f0,7337c599-7984-4388-dc8a-ee30be6033f7,dc322c97-39c1-e262-f76c-8edec1101266,438.7,2026-08-03T21:37:33,False,,
b9a3773d-d283-4904-d40b-f9dc65fd5412,77097749-527e-ecfa-a79a-c9aa9b4e2c24,0c0fd195-c17a-f08a-1745-d6d87e570ddf,769.67,2026-08-03T21:39:21,False,,
343ada2a-76e5-ae78-7bf7-e1d36a662fce,d89a40c0-e87d-1c78-e7c4-21c740497b71,59970043-f3b1-025b-fff9-f5850d557b61,1760.92,2026-08-03T21:48:13,False,,
78d9a88a-ef0b-ea4f-fc73-7d9211ab3d11,088a93ec-70d9-c9f8-c9e2-60744f1639a0,dc5c0eed-8da0-365b-f898-97b9405cacec,1278.86,2026-08-03T22:12:10,False,,
6feccac2-90d2-abfe-0425-c4305f9c041d,dd750e98-90e0-b95f-0212-b554464458b4,7656af72-29d4-beef-3eab-edcbbaa80dd4,1678.89,2026-08-03T22:14:19,False,,
a0ea0251-4957-43a2-81b1-3b8065e1b0f5,87e5f0fe-5da8-d6d2-f8b3-8a8be05fb8bc,551ac8ea-585a-0afa-7bfd-cc1289e06ab3,684.69,2026-08-03T22:27:04,False,,
330faaa3-6b52-f93c-2321-e64e620d4a1f,14822f53-8201-0c62-f5f5-9b220e8fa8e0,580d7b71-d8f5-6413-5be6-128e18c26797,1793.49,2026-08-03T23:02:44,False,,
f7336094-6b2b-78b9-85c7-f3bed183010f,c268283e-e32f-2e63-b7fd-dd71a075e927,f1578470-0182-67c4-7a1b-58066160a6b4,4926.37,2026-08-03T23:03:04,False,,
2d0490a7-145d-eec7-019d-c12d81f10d04,a6d964a3-f510-ab53-c7fe-e39f1190f938,cf36d58b-4737-8190-96da-1dac72ff5d2a,1928.71,2026-08-03T23:22:49,False,,
25c37945-8063-fce4-c2e4-1a50d33650db,c8fe3ccd-c8b8-d9c6-ed30-49cf43e458fc,8f5486b7-c7b5-b2bc-5a8a-aeca1a50aec3,1623.62,2026-08-03T23:38:00,False,,
afd3ec8b-4a29-8783-099c-492957059671,f1533ae8-670a-cc5c-b321-bf214dd8eb85,beb79919-3f22-faf8-23be-d01d43cf2fde,2523.33,2026-08-03T23:41:15,False,,
32b8d8aa-2176-8dd7-38e7-e019fb8986c8,43d88870-f81d-baa1-c812-0a8e78308930,44656d6b-81fb-18b3-c9a7-d91fef2ae713,648.23,2026-08-03T23:50:59,False,,
929c93b3-33c0-8bf1-8167-999fe723ada3,43d88870-f81d-baa1-c812-0a8e78308930,b02b61c4-a3d7-0628-ece6-6fa2fd5166e6,2582.2,2026-08-03T23:57:12,False,,
5336723b-8f96-4685-3514-589084c86c46,5913f9d3-7852-99f4-175b-a98df8140102,8b8148f6-b38a-088c-a65e-d389b74d0fb1,333.18,2026-08-04T00:33:46,False,,
9058e121-f2af-f86f-ce3f-de9a12aa5ab4,81f631d4-a392-31a7-d777-a4774c66e0a8,6efb63b1-1b04-9863-7d7d-dbedd284476c,3079.57,2026-08-04T00:37:04,False,,
2fdc9992-8971-8eea-df3a-098accac2fb5,c29cfc0c-fa02-eaec-96ef-2ad6b97e6703,06cb0fb3-9a1d-e644-815e-f6d13b8faa18,669.81,2026-08-04T00:53:31,False,,
cedcf5bf-6e94-34ab-7adf-14580722ab3c,9191b363-4e2d-6645-6dc7-cac7fd72b050,e3e9de99-f10c-718b-1eb0-e38a675dd5af,1108.05,2026-08-04T01:13:07,False,,
e6162980-3dc0-f8cf-1b6c-2937e282d170,f36cb62b-892e-6161-be2d-740a1e9b23bc,f6802cdb-77e4-90c7-1d7b-c313cde22f1c,671.05,2026-08-04T01:21:45,False,,
4814e14e-b5bc-1efc-47e4-02c5e05a2a8a,f6802cdb-77e4-90c7-1d7b-c313cde22f1c,22f235f2-e11b-868d-bf0d-073d821c1336,1895.55,2026-08-04T01:24:44,False,,
d4986a31-d5db-cbee-cc03-38d318bafcc9,598336e3-75d6-6ed4-eb1f-a9f2d10bd1d0,dc5c0eed-8da0-365b-f898-97b9405cacec,4921.33,2026-08-04T01:36:00,False,,
de4b061e-b45e-9463-032a-09e05071e5f0,bcae8081-bdf0-70aa-f0b5-156bb82c9074,96fc734d-a003-cd28-ca8f-3653c9af18f8,412.59,2026-08-04T01:47:30,False,,
97fa7f04-8363-9007-5cae-9610c72c1fe3,d4a057a7-b0cc-1b3b-9793-b9b413748146,d6d7b3b8-3309-4d35-3f4d-f561f319c125,195.41,2026-08-04T02:03:01,False,,
0f94db38-4d81-bc5e-85c6-576421eeba3d,9326dffd-5be4-bf51-9269-869861a11729,dc5c0eed-8da0-365b-f898-97b9405cacec,1915.42,2026-08-04T02:10:46,False,,
13badc91-a0a5-fde6-939f-71a2f99cea5c,f2e9702d-11e9-cdaa-6e69-81a35d3d9e56,49c8a43f-7ed7-0ed7-b194-990b6961929e,1075.98,2026-08-04T02:24:58,False,,
98507072-7f44-cbca-1d3a-e1311b388581,dfcaf0b7-19b1-7e80-dea4-ae1754fd9ad3,ae340454-cac5-b68c-28f4-9481a0a04dc4,1010.14,2026-08-04T02:30:57,False,,
bba04391-e716-eb38-581f-03df7e71bda8,610461e3-2a25-a888-0f02-bad0e7067ef4,07a0ca6e-0822-e8f3-6c03-1199972a8469,961.53,2026-08-04T03:19:35,False,,
ef59a4b5-2e89-015e-92f7-65e74927db4a,0b2c782a-6928-8e92-c68a-152fdb23aa8c,1ff49b78-8946-3e85-759c-de66bacfb3d0,746.19,2026-08-04T03:32:38,False,,
a4ba0ef5-284a-f9d8-428e-31edda36967d,f6f7f0cc-29ec-8e49-d1bd-b8c0c71d5e60,93b7a886-12f7-0c97-7de3-1a516694c343,810.75,2026-08-04T03:39:48,False,,
71219097-cd69-3dab-eb4b-2c0c0fdf60d5,d664d264-4c6e-27ff-b9de-7a3a486822b9,8b8148f6-b38a-088c-a65e-d389b74d0fb1,909.62,2026-08-04T03:45:48,False,,
7f572473-0983-64e3-07a7-6739609eed33,8bcf53a1-bc10-fa52-bf5d-2fdf89c8d2ab,1497d658-7010-f719-7e69-5d0d8a3c3b5e,292.23,2026-08-04T03:54:51,False,,
ece027bb-1835-9b4b-4dfc-f384ac482af2,4ab7706e-b773-50ca-eec2-59dc7f95897c,d4f8fd72-f382-1cfd-c083-b73a473bd358,2943.44,2026-08-04T04:22:56,False,,
14860c2d-1659-ddcc-7537-3d14e24c724b,ae9bec36-35c7-936c-5b99-62c6e61fecc0,dc5c0eed-8da0-365b-f898-97b9405cacec,1164.01,2026-08-04T04:27:42,False,,
a045d9e6-73ad-562d-58c6-88774897c6e2,b4fb0eb9-49c1-3de7-3b42-06c5085b15fb,07a0ca6e-0822-e8f3-6c03-1199972a8469,480.82,2026-08-04T04:54:56,False,,
d8b22277-f413-db19-bade-8d5d6fff15cc,fbe33b24-3eae-0032-0bd4-a9900640be0f,beb79919-3f22-faf8-23be-d01d43cf2fde,534.62,2026-08-04T05:01:46,False,,
6f850440-0e91-3294-e3a9-9752ed167ec3,a65e688e-abf3-ad39-fec2-1bbe66245bfa,74962764-12a4-def0-c4bb-b7a9d98868dd,1905.12,2026-08-04T05:16:08,False,,
ef0d44d7-a832-d652-d5a2-86133a0c5dc9,5e5ba13d-746c-db77-1fa3-82e8895ccd99,6dadd6c7-95a7-6d79-bf3c-4c06434308bc,4194.28,2026-08-04T05:56:41,False,,
fb334e61-236e-9007-3468-0b6ec6090b78,7428a656-b3ee-4d3b-5a10-412954aebd1b,beb79919-3f22-faf8-23be-d01d43cf2fde,6618.91,2026-08-04T06:04:03,False,,
537d0bd1-8d53-6c75-65b9-0e948e6de263,14822f53-8201-0c62-f5f5-9b220e8fa8e0,f1578470-0182-67c4-7a1b-58066160a6b4,1610.12,2026-08-04T06:04:28,False,,
18b87245-6e8f-75a1-17dd-ed8115da705c,f42d47cc-00d4-af59-7427-3ca3287d06ca,43d88870-f81d-baa1-c812-0a8e78308930,636.27,2026-08-04T06:12:57,False,,
ac09bdb7-9908-6e47-7249-f62c08987462,9e8fc965-0a2c-827e-9832-685694340a03,92f5df7b-0323-d342-df6a-8f931a432f0a,1835.43,2026-08-04T06:23:58,False,,
bd0443f0-7027-e1f1-5ef3-6d4d9d85aa72,fbc9f87a-f668-a617-94a1-875d2db69edb,d58842de-a2bc-372f-7412-b29347294739,641.75,2026-08-04T06:31:37,False,,
f0abe316-29d3-6291-85d4-f2c11a2d4453,8dfa6a56-d12d-bc9a-aaf9-15310200b1f0,b7b56ea7-35eb-d32d-9ad6-20ab48212ddb,287.55,2026-08-04T07:06:10,False,,
90efb126-1295-43a4-fcc3-bcc7fd67eb3e,4d3485c5-c5c1-4eb4-b27b-3d901a16342c,7656af72-29d4-beef-3eab-edcbbaa80dd4,405.12,2026-08-04T07:13:07,False,,
1235d52e-16d7-ba54-5a76-5b485d0314d8,ad64b56c-610f-aa3f-f0bb-ac67aa38d0a1,c29cfc0c-fa02-eaec-96ef-2ad6b97e6703,403.71,2026-08-04T07:24:51,False,,
897b303d-8b07-4d1a-6a7a-784128cc812a,dd81b7f5-7d59-11c6-a8f1-e091ffb8102d,eb6c1016-cee6-24d0-9dac-6e8345241ea6,3645.37,2026-08-04T07:25:52,False,,
61f43c2b-2dd9-3719-f8d9-bf3306d903c0,75b17a55-d426-2982-e43e-4288a2b5b498,1497d658-7010-f719-7e69-5d0d8a3c3b5e,773.83,2026-08-04T07:29:31,False,,
8761f9da-0394-79c1-c363-f61f94009191,9e8fc965-0a2c-827e-9832-685694340a03,ae340454-cac5-b68c-28f4-9481a0a04dc4,3459.11,2026-08-04T07:37:06,False,,
74915c14-a30b-669c-1c40-50454a22eae9,6e068097-25e9-7977-8d72-48e2951f58d0,ce9e1a11-fcbb-4e59-fbdd-cf7c9c96e9ec,136.74,2026-08-04T07:45:58,False,,
efe5f873-da60-314c-1f16-bfe5df8b6c1c,944528c0-0ef8-c2d6-f7fd-564637bb3eec,8b8148f6-b38a-088c-a65e-d389b74d0fb1,2657.74,2026-08-04T07:54:46,False,,
f3952657-4ea1-2bd9-afaf-20ec2a08c526,ad64b56c-610f-aa3f-f0bb-ac67aa38d0a1,610cf373-4299-9aa4-0cdf-742b2e85cb21,1145.51,2026-08-04T07:58:14,False,,
21433dfc-34db-da6b-dd9e-7b6de75182a4,f1578470-0182-67c4-7a1b-58066160a6b4,bf1e8366-4b8e-63d4-ce76-07adf7a67b94,9483.5,2026-08-04T08:06:52,False,,
244f35c6-7489-0e8c-e65d-d44355082167,a319dcb4-217d-65a0-c568-11cd5563f616,eededb07-e623-a689-5d59-cd2a4eea04e7,1190.87,2026-08-04T08:55:13,False,,
3ba878d9-34b5-5b86-48a8-458762c9f4fc,dd750e98-90e0-b95f-0212-b554464458b4,dc322c97-39c1-e262-f76c-8edec1101266,6809.06,2026-08-04T08:57:46,False,,
6a961ac0-8651-62a6-0fe9-17808b8c6b6e,6efb63b1-1b04-9863-7d7d-dbedd284476c,382c043f-7cfc-9b79-3875-394ce5d6f6e6,598.33,2026-08-04T09:03:45,False,,
addb8943-f067-ad82-79c5-f45acd6c78dd,d865d69a-74f3-3103-4006-6ff2b0b862ef,c268283e-e32f-2e63-b7fd-dd71a075e927,1767.0,2026-08-04T09:06:01,False,,
b0736dd1-f443-864c-6269-9a4400d8c046,3d85de89-c217-1429-8e20-07247d137018,1a2a73ed-562b-0f79-c374-59eef50bea63,623.86,2026-08-04T09:40:19,False,,
57647ecf-b852-5de3-e916-ee82c1168b7e,75a66981-4104-a8b5-a34d-b7c5760debbb,d289f0ab-618a-e305-95a5-bafa431d029f,662.37,2026-08-04T10:01:30,False,,
ca8b6e4c-e6f7-b3d4-28af-3b731d82e2a8,1337739e-8d4f-5d27-2c7f-0b793d67cde9,06cb0fb3-9a1d-e644-815e-f6d13b8faa18,391.75,2026-08-04T10:10:00,False,,
7dccc026-a7df-30b2-356f-dc0aebc8f6b7,b92da22b-21df-306f-8a0b-3c3336d8393a,a0a11839-e745-7704-18df-bc3ca0d4de3d,3024.1,2026-08-04T10:34:26,False,,
c5991a45-a3a8-68d7-86a5-6845deef7995,61985d54-cfb8-7e6f-e9d6-8f23b489d070,43e42caf-8181-a8cc-3691-47eb89a2688b,451.84,2026-08-04T10:37:09,False,,
25391b09-8286-b3c8-db9b-c56e2080293c,8da01097-be0f-051b-1b66-b5a9e3c43657,654821d0-7fcd-9eb1-a7ca-d415366eb16f,729.16,2026-08-04T10:37:33,False,,
972d5d57-669b-e896-7602-72ba8862036f,551ac8ea-585a-0afa-7bfd-cc1289e06ab3,d1843324-17e8-392a-55ce-e5db9e87e04c,653.53,2026-08-04T10:37:56,False,,
2944e059-bafa-34da-69e8-fe2a879f22eb,1e52d770-3f89-7142-fe71-6b1415ce6a66,07a0ca6e-0822-e8f3-6c03-1199972a8469,364.98,2026-08-04T10:44:11,False,,
8cf996a3-d028-4602-6066-5e51f76d7126,41357e8c-30a9-00ad-939b-462de645f129,43e42caf-8181-a8cc-3691-47eb89a2688b,1029.14,2026-08-04T11:56:40,False,,
abe42e7d-b96c-1163-966b-e275c2fe8954,ae9bec36-35c7-936c-5b99-62c6e61fecc0,0b2c782a-6928-8e92-c68a-152fdb23aa8c,1190.2,2026-08-04T12:47:59,False,,
7b5fb427-8fd1-bc4e-03d2-a7ca377533ab,9ef2b93e-30ac-7d7b-a2f9-63a33810ae66,43d88870-f81d-baa1-c812-0a8e78308930,354.22,2026-08-04T12:49:22,False,,
f4fd25b7-384f-6e3b-8680-4a8a515f352c,d664d264-4c6e-27ff-b9de-7a3a486822b9,beb79919-3f22-faf8-23be-d01d43cf2fde,791.54,2026-08-04T12:54:44,False,,
d736c320-a19c-7caf-9b45-c4305fd392e2,a6d964a3-f510-ab53-c7fe-e39f1190f938,faf14ff0-7b85-179a-d5b0-77e06a5d932b,2891.29,2026-08-04T12:54:47,False,,
373aedf8-431e-930f-0387-f74d1149d096,1c8eaee9-5715-bd6f-a416-1293c4c2e2e3,f96b648a-0ba6-eab9-4639-447b2067bdac,660.54,2026-08-04T13:02:29,False,,
4a6333e3-2474-74b3-1d7d-0bb38e0044e2,c40c5d91-46fd-e062-a33d-c7afd701410d,a56c0941-fbf2-4050-a748-dbcfac619e63,1300.39,2026-08-04T13:54:10,False,,
6a56587d-bb8e-37e2-c32b-ba73b417dee1,eb6c1016-cee6-24d0-9dac-6e8345241ea6,1dad09b2-52c2-1221-409d-360250843242,275.99,2026-08-04T14:05:18,False,,
efed0e52-79f7-3374-e92a-f09bd2f18f28,a8b317fa-18d0-752b-1825-bc5430beb45f,f16287e4-e9c3-49e0-3602-f8ac10f1bc81,291.18,2026-08-04T14:07:39,False,,
5528dc45-637a-a999-61ff-1d9a0ff89e8a,2095eef6-8ded-f9fb-4bb0-0f20b27c4026,dabac50d-ca3d-d859-c5ce-099c46b82659,7195.11,2026-08-04T14:12:46,False,,
ff4c96d6-71f2-ce8f-b69f-68c3e60fd420,793b4c32-2050-0494-3d11-48022702878b,f1eedba3-1343-2e61-1ca3-c4480279b6a6,1482.59,2026-08-04T14:16:36,False,,
3ea685f6-c0a4-0088-7dd7-fc59b58674b5,9b1bc895-2af4-3ab7-5e6f-ea07c4536f1d,dc5c0eed-8da0-365b-f898-97b9405cacec,252.77,2026-08-04T14:17:50,False,,
7416386b-46af-040d-55d8-a81a81ceb20e,c521bf2d-dc45-d539-c03f-3538e4855aa1,d89a40c0-e87d-1c78-e7c4-21c740497b71,443.31,2026-08-04T14:37:27,False,,
ee8b09a3-848b-e725-da6b-00603dcc4915,11b7e948-d0e6-e660-7c69-dee1bb5e4bcf,c29cfc0c-fa02-eaec-96ef-2ad6b97e6703,2467.12,2026-08-04T15:07:17,False,,
7184b713-a55f-65b7-e709-fba6329fc417,a8b317fa-18d0-752b-1825-bc5430beb45f,07a0ca6e-0822-e8f3-6c03-1199972a8469,1274.61,2026-08-04T15:21:59,False,,
cfff0d34-caa8-1f13-9cdd-39a7b01ba134,8a14be62-295b-4715-c333-e8615fb8d16c,2d06e8cf-3805-f907-6cd6-6193c7468f59,5498.76,2026-08-04T15:25:49,False,,
43e1346d-4990-2258-36cd-f42f892c6b33,c268283e-e32f-2e63-b7fd-dd71a075e927,3a3c8a71-ff57-4e2b-4991-ab9bebc2026f,2975.03,2026-08-04T15:45:19,False,,
c1235c91-76c5-a0dc-7e7e-7419a0c14035,093923de-8bab-ce3b-2628-6bfbe767dcea,ff5e9ff0-ff50-bde4-3825-67b85cabcc97,557.29,2026-08-04T15:47:34,False,,
fdf26daf-c19b-f990-5247-a092d93eeb08,ae9bec36-35c7-936c-5b99-62c6e61fecc0,cf36d58b-4737-8190-96da-1dac72ff5d2a,1071.11,2026-08-04T16:17:23,False,,
9879cf35-f471-9986-9d26-4599c4dd8df5,513a7052-986f-9025-8f15-ba58fce68504,7a4c75d4-dc99-e04c-f0e9-8b3b40a26c60,2745.89,2026-08-04T16:34:03,False,,
5a81762a-5059-f77b-79ff-89d92db13deb,5e781fd7-94e0-d3ba-a9f9-48b24e6384bb,e2817efd-ae84-9217-1d53-434bb88139b9,617.91,2026-08-04T16:34:47,False,,
6925f2d5-3b36-c46e-2312-271fe55b5c65,85d51695-90b2-b633-956b-8c0ca8499b92,b8a6171f-1ee3-4dc4-3b04-8a8b405bfdc9,386.82,2026-08-04T16:51:32,False,,
7ac1b4f9-0472-f9f6-ec64-94e021986e3c,ef8c485b-c07a-30f2-edd4-253b50f0fd0a,dfcaf0b7-19b1-7e80-dea4-ae1754fd9ad3,1629.13,2026-08-04T17:00:46,False,,
805cc2d7-49fa-68d6-c362-f40bd3090fc5,b7b56ea7-35eb-d32d-9ad6-20ab48212ddb,f1eedba3-1343-2e61-1ca3-c4480279b6a6,1040.64,2026-08-04T17:14:59,False,,
63265564-0175-105a-3fc1-428a7c7ab691,2790cebd-bfdd-c3d9-9ee3-ac2af94d6204,12476f57-a5e5-a5ab-aefc-fad8efc89849,8852.39,2026-08-04T17:30:09,False,,
507b9072-65e5-8f34-5df0-6e8c878aaed9,bd1531c8-3764-fbda-3108-d4482f65fafa,8dfa6a56-d12d-bc9a-aaf9-15310200b1f0,1067.94,2026-08-04T17:34:40,False,,
d5aba8ae-9112-fbc0-3d8f-95f4905f9096,83f4a9a9-48a6-39d0-15b5-2908a8aa7158,46d483f3-d450-281c-6c6f-7633a2607723,6408.97,2026-08-04T17:38:19,False,,
d3d39ff9-dc25-55f1-5258-7a1a226e1ecb,f6802cdb-77e4-90c7-1d7b-c313cde22f1c,beb79919-3f22-faf8-23be-d01d43cf2fde,2011.68,2026-08-04T17:45:31,False,,
0b53d4e6-301e-d689-7ffc-b3fe23593443,b4fb0eb9-49c1-3de7-3b42-06c5085b15fb,f7860b50-11c5-8ef0-dd46-3c09475287aa,591.31,2026-08-04T18:01:32,False,,
2b1b0f52-60ae-9b09-aeeb-5608b2ed003d,2f32751e-5738-811d-70c2-903f7a8d03aa,889b78d5-dbfd-d97e-aca2-b148da330aa1,3924.03,2026-08-04T18:07:38,False,,
353daedc-d69b-deb1-e9a7-f5e05c8488db,6efb63b1-1b04-9863-7d7d-dbedd284476c,3c19e71d-1184-05ad-9e11-d2cd0930aef6,2295.74,2026-08-04T18:09:21,False,,
a2dd22d5-2afa-ab7b-51cb-f9e5fb7d3ba1,1d870966-0710-d430-f071-d87954c63cd8,e45b712e-b822-5688-d0a4-44329cd6c852,1528.92,2026-08-04T18:39:04,False,,
4ffffb59-9462-8786-cc50-2a898a08d40e,f63fce41-3a9a-ca5e-1761-32ed069f14f1,f16287e4-e9c3-49e0-3602-f8ac10f1bc81,3938.09,2026-08-04T18:58:19,False,,
1e5bc68b-1931-56f5-3a4d-45fded360bb7,dd81b7f5-7d59-11c6-a8f1-e091ffb8102d,580d7b71-d8f5-6413-5be6-128e18c26797,1235.93,2026-08-04T19:03:42,False,,
2a869922-f492-7b35-36c2-1bc3d799d80d,771ad655-cdfc-6ee0-e61e-de900267deb3,7a4c75d4-dc99-e04c-f0e9-8b3b40a26c60,317.58,2026-08-04T19:06:33,False,,
78f2961c-3ec7-7a8f-16a4-6b839c2d9672,6105716b-ab0e-664e-9c3e-b2d591e1aa96,12e89d10-2871-1733-8bed-db12ad77e82f,1128.61,2026-08-04T19:08:59,False,,
1901ef87-0dbf-0caf-588a-3f87f96d40f8,11b7e948-d0e6-e660-7c69-dee1bb5e4bcf,f920264c-0763-fcd0-1f15-c7b67c16128d,310.79,2026-08-04T19:22:29,False,,
397e241d-fe08-a540-ef7e-1940f5687574,bf1e8366-4b8e-63d4-ce76-07adf7a67b94,944528c0-0ef8-c2d6-f7fd-564637bb3eec,589.43,2026-08-04T19:23:42,False,,
855fecc6-f9d7-1979-d767-a6da231b0c86,2dea9493-0658-663a-698c-206fe1a47e10,dd750e98-90e0-b95f-0212-b554464458b4,1068.05,2026-08-04T19:23:46,False,,
5911f42e-559a-8f54-c559-cd0febffc53f,44656d6b-81fb-18b3-c9a7-d91fef2ae713,1a3d1fa7-bc89-60a9-23b8-c1e9392456de,616.69,2026-08-04T19:25:58,False,,
6c2aeb89-4d4e-f3fa-bfcf-f645a301767a,76f2dbfe-cd29-a36f-2222-82e174daaebf,a8c01f05-c478-f6f1-b88e-c318c16d83ed,1016.62,2026-08-04T19:46:03,False,,
891f6912-17ab-b863-5efe-ef4fd8ddbbc0,9ef2b93e-30ac-7d7b-a2f9-63a33810ae66,793b4c32-2050-0494-3d11-48022702878b,865.39,2026-08-04T20:07:25,False,,
a72bdddd-511e-eeb8-5040-5c433a6c7da6,e9a1fa6f-81f7-6d1c-2dbc-2134c30ff46e,513a7052-986f-9025-8f15-ba58fce68504,753.84,2026-08-04T20:10:19,False,,
e62c54bb-ff01-1f14-d97b-d00e34757171,f6f7f0cc-29ec-8e49-d1bd-b8c0c71d5e60,474a493b-3ced-df2d-839f-bc501223b513,2937.9,2026-08-04T20:13:02,False,,
473268c9-8c1e-9464-e1d5-c0dc3ea585a9,2f32751e-5738-811d-70c2-903f7a8d03aa,e7c99b26-1141-25c6-3a9b-edd40f1259e0,4690.92,2026-08-04T20:30:48,False,,
79de06cb-3150-c323-8782-6633a01d9aeb,f1578470-0182-67c4-7a1b-58066160a6b4,a7f36ae9-25c7-3c44-3e75-c3b4664fa663,3375.68,2026-08-04T20:31:17,False,,
2a44da88-17f8-5f5b-f1e2-cce73d730c3b,944528c0-0ef8-c2d6-f7fd-564637bb3eec,69ca97d2-7644-14fd-8ae7-69edde8ede0b,6452.68,2026-08-04T20:35:41,False,,
f40b0779-5064-0ae6-8d2b-b00b9c3e7d79,2095eef6-8ded-f9fb-4bb0-0f20b27c4026,dc5c0eed-8da0-365b-f898-97b9405cacec,1587.07,2026-08-04T20:40:43,False,,
5cbf7ee6-ea25-8d83-1391-d18a8171d955,7337c599-7984-4388-dc8a-ee30be6033f7,7428a656-b3ee-4d3b-5a10-412954aebd1b,1393.04,2026-08-04T20:50:44,False,,
8eda6433-5c65-a65c-0f8a-0c2ca3900bc0,913e4de2-e0c5-3cb8-3da9-c2a90ed42f1a,0b2c782a-6928-8e92-c68a-152fdb23aa8c,174.01,2026-08-04T21:09:23,False,,
b522f610-ef26-3a84-f2bd-509b564d36b6,b7b56ea7-35eb-d32d-9ad6-20ab48212ddb,bdd640fb-0667-1ad1-1c80-317fa3b1799d,632.36,2026-08-04T21:13:02,False,,
1054b2d5-1876-3576-1a5e-d19665a4c79b,cd5f4822-6966-08aa-ee49-f329c84a7b28,cf36d58b-4737-8190-96da-1dac72ff5d2a,3495.84,2026-08-04T21:16:55,False,,
bcdbe579-db9b-318b-12ba-cc109b45caa9,7922bac2-82dc-4c8e-36b5-229aacf5e81e,f16287e4-e9c3-49e0-3602-f8ac10f1bc81,2140.2,2026-08-04T21:19:42,False,,
454009f2-2124-9735-f254-6c177a90c486,12e89d10-2871-1733-8bed-db12ad77e82f,b02b61c4-a3d7-0628-ece6-6fa2fd5166e6,368.35,2026-08-04T21:53:53,False,,
081c79d4-c274-37eb-a65f-7b8adbb44021,96fc734d-a003-cd28-ca8f-3653c9af18f8,a2a9d4d8-102e-fde5-a5cc-8bf738ab854c,977.76,2026-08-04T21:55:31,False,,
466772ce-204e-178c-10d0-8d1125f934bf,a7f36ae9-25c7-3c44-3e75-c3b4664fa663,93b7a886-12f7-0c97-7de3-1a516694c343,442.29,2026-08-04T22:07:39,False,,
ce2cf16b-f3fd-9e32-7b14-63c930bf7f5a,da4bd9ca-eb5c-f467-80ba-cd647a0ecfea,beb79919-3f22-faf8-23be-d01d43cf2fde,159.55,2026-08-04T22:26:43,False,,
ee4bd350-f104-ad27-ee75-b34ef067dba1,722764e6-8c41-561b-e827-a1b9d4a02e53,d58842de-a2bc-372f-7412-b29347294739,1710.61,2026-08-04T22:48:07,False,,
109b851a-9d69-32c9-a9db-47b9ca7ecb33,d664d264-4c6e-27ff-b9de-7a3a486822b9,658b2523-6014-1de9-f54a-d0a2e87466d7,180.91,2026-08-04T22:50:48,False,,
195d82f8-ee4a-9b5d-5195-54e307374c86,b4d7e28e-271e-3ee2-b1a6-b1f1620e99d3,3170f437-a8f7-ef5a-060e-df5b39118497,4807.32,2026-08-04T23:04:38,False,,
65c06b93-c8ed-abdd-4ef0-3f801d91fe39,d4a057a7-b0cc-1b3b-9793-b9b413748146,988c24c9-61b1-cd22-6280-1c4510435a10,188.91,2026-08-04T23:27:44,False,,
e42c0aea-23d7-263d-d391-d017dbd4a86d,c268283e-e32f-2e63-b7fd-dd71a075e927,580d7b71-d8f5-6413-5be6-128e18c26797,412.09,2026-08-04T23:30:22,False,,
a247541d-c8ad-0899-b630-794d6147adeb,d9178793-a9d3-c2e6-505c-c6869f871ce7,8b8148f6-b38a-088c-a65e-d389b74d0fb1,675.71,2026-08-04T23:34:52,False,,
0d41ee47-2a5f-da18-a61f-0b96e75f745a,b4d7e28e-271e-3ee2-b1a6-b1f1620e99d3,9854ce4e-4ebf-a5c3-cae9-b4a72a79ea68,3491.58,2026-08-05T00:01:36,False,,
dcca9a71-a7e7-0139-19f5-af3cbb904dfe,e45b712e-b822-5688-d0a4-44329cd6c852,f63fce41-3a9a-ca5e-1761-32ed069f14f1,953.9,2026-08-05T00:16:59,False,,
54ce26be-c8cc-e2c2-a518-a4186f14b3f6,75b17a55-d426-2982-e43e-4288a2b5b498,988c24c9-61b1-cd22-6280-1c4510435a10,2606.48,2026-08-05T00:20:10,False,,
022c6449-bcc8-39fb-cbd3-63a5151248e1,9e8fc965-0a2c-827e-9832-685694340a03,07a0ca6e-0822-e8f3-6c03-1199972a8469,639.8,2026-08-05T00:33:37,False,,
0415a961-7ea7-eded-cca0-152efbcb4db6,04fc6d82-7d15-4385-52fb-e43b99546eb4,7a4c75d4-dc99-e04c-f0e9-8b3b40a26c60,2486.86,2026-08-05T00:47:12,False,,
a7a31d25-1595-6c42-27c0-0f899e3bf1b3,85d51695-90b2-b633-956b-8c0ca8499b92,580d7b71-d8f5-6413-5be6-128e18c26797,2030.29,2026-08-05T00:59:40,False,,
634c25ea-2d28-746a-5a6d-f285178f48eb,c40c5d91-46fd-e062-a33d-c7afd701410d,dd81b7f5-7d59-11c6-a8f1-e091ffb8102d,661.33,2026-08-05T01:00:51,False,,
3709d7d3-96e1-5645-8ad8-af05199177b9,d4a057a7-b0cc-1b3b-9793-b9b413748146,2790cebd-bfdd-c3d9-9ee3-ac2af94d6204,1804.83,2026-08-05T01:09:07,False,,
4c5fccfb-14ea-e37c-67b2-916c461ea8aa,2260e70f-e0cc-edc5-f05d-b76e1a84a51a,07a0ca6e-0822-e8f3-6c03-1199972a8469,444.21,2026-08-05T01:23:27,False,,
f12d0664-dd65-5951-352a-a2af2b5457b7,e3e9de99-f10c-718b-1eb0-e38a675dd5af,7428a656-b3ee-4d3b-5a10-412954aebd1b,2441.6,2026-08-05T01:26:28,False,,
41ff81d1-689d-1205-8b31-f4d8e073c1d0,67f48ad5-4d0b-0d1a-91b0-e1d99d9262af,2f32751e-5738-811d-70c2-903f7a8d03aa,936.35,2026-08-05T01:39:16,False,,
836b15c7-e7c2-25da-7306-958845d5a68d,faf14ff0-7b85-179a-d5b0-77e06a5d932b,46d483f3-d450-281c-6c6f-7633a2607723,150.27,2026-08-05T01:43:17,False,,
32dcea5b-9bc8-8efe-4688-d6120b64e782,f1eedba3-1343-2e61-1ca3-c4480279b6a6,ab9099a4-35a2-40ae-5af3-05535ec42e08,659.21,2026-08-05T01:49:50,False,,
277664d0-d25c-7d37-ef16-d03b987593c3,d882b5c1-f79e-fd70-65bc-c272fadd7ea3,8da01097-be0f-051b-1b66-b5a9e3c43657,5310.56,2026-08-05T02:20:05,False,,
7ecfbfc6-6249-a586-9c18-6d49dac5609e,610461e3-2a25-a888-0f02-bad0e7067ef4,ad64b56c-610f-aa3f-f0bb-ac67aa38d0a1,682.77,2026-08-05T02:26:30,False,,
ceefd2c9-7e2b-73ce-edf9-8b8d8ddd6a3e,f920264c-0763-fcd0-1f15-c7b67c16128d,1ff49b78-8946-3e85-759c-de66bacfb3d0,5774.8,2026-08-05T02:32:55,False,,
54170a17-caaa-5bbe-a4bb-f962606e0e1c,fbe33b24-3eae-0032-0bd4-a9900640be0f,7428a656-b3ee-4d3b-5a10-412954aebd1b,1020.44,2026-08-05T02:42:17,False,,
6dba9754-2d95-d98d-26ae-af299ac0ee26,969b6662-0562-8059-568c-c69b1064005c,db20a56e-dc81-5fe7-ceda-8bbb71710434,260.27,2026-08-05T02:48:15,False,,
5ae1dbad-aa29-60fd-a858-94df3f8c1097,506e5a9a-b758-588d-ab73-295b344a54b8,ff5e9ff0-ff50-bde4-3825-67b85cabcc97,601.71,2026-08-05T03:00:40,False,,
972ec23e-b1ed-f3d3-668f-503265125d2e,902059e4-ff9a-b5c2-9f04-4aed75523327,8b8148f6-b38a-088c-a65e-d389b74d0fb1,303.99,2026-08-05T03:02:20,False,,
5c532042-6a3e-0103-c13d-8929b717548d,d9178793-a9d3-c2e6-505c-c6869f871ce7,0bbb2599-11ce-5dd2-b45e-d1f03139d32c,2875.2,2026-08-05T03:18:16,False,,
503314b1-609c-f7af-0889-360feaadcb2f,5e5ba13d-746c-db77-1fa3-82e8895ccd99,1a3d1fa7-bc89-60a9-23b8-c1e9392456de,596.15,2026-08-05T03:39:18,False,,
de0787b1-78ae-8d5d-fe26-8e779b4547e0,787f2425-dbcc-c477-09e9-db0adf465290,ab9099a4-35a2-40ae-5af3-05535ec42e08,1757.18,2026-08-05T03:54:15,False,,
eb02c661-1dc3-5362-1691-c83a7687853e,b8a6171f-1ee3-4dc4-3b04-8a8b405bfdc9,e2817efd-ae84-9217-1d53-434bb88139b9,547.46,2026-08-05T04:18:29,False,,
0525c1b4-f73c-6a1f-a06a-7de49755828f,eededb07-e623-a689-5d59-cd2a4eea04e7,b24445a7-b7e5-8481-31c6-81ec935f2b0a,728.3,2026-08-05T04:41:01,False,,
290c07eb-5793-f195-2553-ff33298bfa25,a2a9d4d8-102e-fde5-a5cc-8bf738ab854c,07a0ca6e-0822-e8f3-6c03-1199972a8469,4825.47,2026-08-05T04:41:29,False,,
d862042e-500f-86b1-c544-a04968115a5c,87e5f0fe-5da8-d6d2-f8b3-8a8be05fb8bc,ce7ae7f6-3982-0cff-4f77-a665ac3c5640,1066.87,2026-08-05T05:17:42,False,,
854494ab-1a64-f27d-0bcf-d0fce3a1af97,8eb22579-0cdb-1ca4-76ec-bdd68498e113,ab9099a4-35a2-40ae-5af3-05535ec42e08,2065.1,2026-08-05T05:27:02,False,,
ef1e4acf-2b72-9d66-504f-de7c746e49a8,75b17a55-d426-2982-e43e-4288a2b5b498,06cb0fb3-9a1d-e644-815e-f6d13b8faa18,1071.84,2026-08-05T05:33:27,False,,
bc8b7eb7-0371-46f7-b91d-8c4c02781c40,3e83b91f-2544-0fe0-6e41-7d475ff595ea,07a0ca6e-0822-e8f3-6c03-1199972a8469,1049.98,2026-08-05T05:48:47,False,,
1997b851-5484-2b4d-4f4c-ea72e493c415,766ecb15-474e-bc19-2ef9-12766c006f61,cf36d58b-4737-8190-96da-1dac72ff5d2a,229.34,2026-08-05T05:58:06,False,,
fe1ad905-bdd4-c1f2-71b8-6ce0e3472e25,787f2425-dbcc-c477-09e9-db0adf465290,6dadd6c7-95a7-6d79-bf3c-4c06434308bc,2025.39,2026-08-05T06:03:35,False,,
6b358d15-590c-ee67-4d1b-6d80c8575c8a,9191b363-4e2d-6645-6dc7-cac7fd72b050,ae340454-cac5-b68c-28f4-9481a0a04dc4,4629.1,2026-08-05T06:33:07,False,,
6744cb9e-6ded-cba5-a22c-3d4f6f07b60f,8b10550c-d570-4f32-702c-dd20286218b8,1e52d770-3f89-7142-fe71-6b1415ce6a66,264.47,2026-08-05T06:34:32,False,,
5c89f06e-ea1b-248f-ea94-d306c5798f5d,b24445a7-b7e5-8481-31c6-81ec935f2b0a,f96b648a-0ba6-eab9-4639-447b2067bdac,708.56,2026-08-05T06:47:50,False,,
e2fbb984-bab2-7bce-a39c-3bd5ab86bafd,74f93d17-e912-b4bf-86a4-bae41986b4b2,beb79919-3f22-faf8-23be-d01d43cf2fde,518.8,2026-08-05T07:22:23,False,,
582a2099-cc2b-2f49-c6d5-3a909296ae08,f42d47cc-00d4-af59-7427-3ca3287d06ca,a911d192-43bf-d931-3605-bf54a021c0ca,1120.21,2026-08-05T07:32:42,False,,
7e7d9a19-ab45-0578-92fb-acf6d5d1c669,d47d577b-fa5a-91ca-059d-d55d4b943e30,a53f8a28-abf3-e3fc-2181-3d25655238a6,572.12,2026-08-05T07:41:44,False,,
5b9df42d-506f-6bc0-ee6f-5a9cf4460236,088a93ec-70d9-c9f8-c9e2-60744f1639a0,8b10550c-d570-4f32-702c-dd20286218b8,1359.28,2026-08-05T07:54:36,False,,
923f128e-e678-82ae-bf73-302696646ca5,ce7ae7f6-3982-0cff-4f77-a665ac3c5640,a3917c99-4c95-5f6a-966b-1964fcd6bdca,679.37,2026-08-05T07:54:39,False,,
b91e3d6e-bd1a-8f4b-88ff-bd403b72c86d,aff8754d-1238-d630-743b-65a2dc0f2fcf,bd1531c8-3764-fbda-3108-d4482f65fafa,1542.49,2026-08-05T08:13:45,False,,
19ee2c3b-b93c-4b0b-b93b-770c13365c0c,44656d6b-81fb-18b3-c9a7-d91fef2ae713,bb2488a3-d363-57b6-6f81-cf4f7701f7bb,673.76,2026-08-05T08:57:14,False,,
d87db947-8e2b-4d2c-af49-63952775957e,fcf56188-d32e-6dcd-83bc-9478dd6ac7b8,587ef344-6f3f-920c-98b8-e4cc1bc044fc,100.0,2026-08-05T09:03:07,False,,
949077c2-7674-456f-626d-719d81cf3252,1e52d770-3f89-7142-fe71-6b1415ce6a66,92f5df7b-0323-d342-df6a-8f931a432f0a,804.96,2026-08-05T09:12:10,False,,
23fbc01f-d7be-7b4f-b967-6dc6d6fdd1a5,8bcf53a1-bc10-fa52-bf5d-2fdf89c8d2ab,336749b5-2cf6-bf75-6a5e-6920bf5ae7e6,1340.9,2026-08-05T09:12:52,False,,
da9408c0-29b4-4cb1-0cb5-ee5c62f5f7c2,67f48ad5-4d0b-0d1a-91b0-e1d99d9262af,bdd640fb-0667-1ad1-1c80-317fa3b1799d,331.0,2026-08-05T09:18:51,False,,
95dfe6cb-c75a-ec94-2e05-7f791cf8d03f,1dad09b2-52c2-1221-409d-360250843242,7656af72-29d4-beef-3eab-edcbbaa80dd4,1334.82,2026-08-05T09:22:16,False,,
e73bc913-94ad-345a-e323-926423900c1d,787f2425-dbcc-c477-09e9-db0adf465290,ae340454-cac5-b68c-28f4-9481a0a04dc4,3115.55,2026-08-05T09:28:42,False,,
67964bd9-a9c6-d4e3-e07e-af26ea299a22,49c8a43f-7ed7-0ed7-b194-990b6961929e,2f32751e-5738-811d-70c2-903f7a8d03aa,1849.21,2026-08-05T09:29:21,False,,
b40bc353-296b-e903-4e09-c596ab45eaf0,c8dcd19f-3e35-1128-7900-f7f993829b43,12476f57-a5e5-a5ab-aefc-fad8efc89849,879.22,2026-08-05T09:42:27,False,,
4e733dcc-8664-82ee-6844-a0e3615eca80,3e83b91f-2544-0fe0-6e41-7d475ff595ea,1a3d1fa7-bc89-60a9-23b8-c1e9392456de,282.43,2026-08-05T09:56:50,False,,
207495ab-b1cb-e822-cbee-18761d876a3e,61ee6c5b-deef-580f-9c07-a75114374509,d52721e7-19bc-143e-fb02-bebb48729a4d,476.73,2026-08-05T10:03:05,False,,
564d46aa-03ba-33a0-fd42-269c07275940,c8dcd19f-3e35-1128-7900-f7f993829b43,22bd3388-6db9-9102-a48b-3dbe157d94a1,264.59,2026-08-05T10:28:22,False,,
35d0ea43-3baa-da26-af83-8c06caa5d22a,122c9a56-01d7-4256-3860-2ab696a402f2,d58842de-a2bc-372f-7412-b29347294739,1030.51,2026-08-05T10:42:19,False,,
8b418bdf-e52b-9187-3c3b-5ed72dd5b752,c40c5d91-46fd-e062-a33d-c7afd701410d,e2817efd-ae84-9217-1d53-434bb88139b9,646.14,2026-08-05T10:47:53,False,,
14c6d16d-5691-86b9-5b69-a9a8f8e9ed27,a5d04d53-1e12-42e3-f272-92b6762172ed,0bbb2599-11ce-5dd2-b45e-d1f03139d32c,2192.77,2026-08-05T11:01:26,False,,
1f5df912-54e0-7431-cf13-3b65d450afa2,9326dffd-5be4-bf51-9269-869861a11729,988c24c9-61b1-cd22-6280-1c4510435a10,1543.42,2026-08-05T11:09:46,False,,
c8c574fa-c879-4a56-a795-4d2b929681b0,9e50aa42-ca6d-fda1-989b-c4da9b37a22b,c0e9ab30-ed26-62e9-17e0-11b7f8102383,2414.04,2026-08-05T11:30:12,False,,
629ef3d8-dd1c-a267-530d-dda6c8d0f9e5,92f5df7b-0323-d342-df6a-8f931a432f0a,2f32751e-5738-811d-70c2-903f7a8d03aa,2379.47,2026-08-05T12:25:39,False,,
efb3b939-b1d8-1887-4739-cc7bbff30c8d,560c95ee-638c-254c-076e-2bba7c5308bf,d4aac9a3-3ed8-c56c-da09-dfa052828d80,804.11,2026-08-05T12:27:47,False,,
5bb47c18-b281-87c4-aa05-5442a284e8fd,c1a6423b-9f64-eeed-5c9d-927d84b871bb,ab9099a4-35a2-40ae-5af3-05535ec42e08,962.81,2026-08-05T12:31:04,False,,
639d8fe7-790b-185c-355c-ca9cfb6bf1dc,6105716b-ab0e-664e-9c3e-b2d591e1aa96,654821d0-7fcd-9eb1-a7ca-d415366eb16f,1274.49,2026-08-05T13:28:18,False,,
0f973342-9b2d-43a3-e119-e3310538fbfd,2e8d0e87-5334-20e6-d9d8-0b8d7e8adee7,ce777f00-ecf2-7e76-8519-7ff4006ed6e3,368.08,2026-08-05T13:33:01,False,,
43d643ed-236e-b832-27f6-a2ac5b0c4170,894a05e4-30b1-87ef-310c-0c003fa7f104,ab9099a4-35a2-40ae-5af3-05535ec42e08,15000.0,2026-08-05T13:51:08,False,,
e432f23e-1b59-200c-0106-c378969b1bad,87e5f0fe-5da8-d6d2-f8b3-8a8be05fb8bc,336749b5-2cf6-bf75-6a5e-6920bf5ae7e6,1395.94,2026-08-05T13:53:05,False,,
fffcff63-7bf3-f8f5-624b-31d72e5c58ad,5260001e-eecf-67d2-7491-76f46090d697,2053da42-f1af-db65-b289-f2244ac9778d,1198.0,2026-08-05T14:09:45,False,,
b8a3f3fa-7769-44b8-86b5-ca8f746a18dc,49c8a43f-7ed7-0ed7-b194-990b6961929e,2f32751e-5738-811d-70c2-903f7a8d03aa,656.42,2026-08-05T14:11:15,False,,
97fb613a-21f8-9d06-13f3-cade7a10013f,122c9a56-01d7-4256-3860-2ab696a402f2,b386f7a4-c991-603f-28c1-3091444d610b,2046.98,2026-08-05T14:53:49,False,,
eb346d3a-695e-5ea9-c923-0c64c0062b5b,e9a1fa6f-81f7-6d1c-2dbc-2134c30ff46e,dc322c97-39c1-e262-f76c-8edec1101266,2473.8,2026-08-05T14:56:43,False,,
3c1e919b-ee5a-4007-5536-7ab60d574085,ff233d5f-6ced-d15d-5800-7c0287ea7ff5,610461e3-2a25-a888-0f02-bad0e7067ef4,5664.73,2026-08-05T15:00:30,False,,
c766dd63-683e-1858-dbbe-b0d9802ccb52,913e4de2-e0c5-3cb8-3da9-c2a90ed42f1a,f6802cdb-77e4-90c7-1d7b-c313cde22f1c,644.7,2026-08-05T15:02:29,False,,
361f6d90-3ad1-fa33-0ae4-ac11eb4d8f42,d865d69a-74f3-3103-4006-6ff2b0b862ef,7656af72-29d4-beef-3eab-edcbbaa80dd4,330.2,2026-08-05T15:06:16,False,,
ceef7261-bb15-02ea-0991-2f464ce6928b,92f5df7b-0323-d342-df6a-8f931a432f0a,f16287e4-e9c3-49e0-3602-f8ac10f1bc81,2209.03,2026-08-05T15:06:25,False,,
222ec711-ef6d-5b4b-c356-dee2517fd316,f1578470-0182-67c4-7a1b-58066160a6b4,8b8148f6-b38a-088c-a65e-d389b74d0fb1,2768.93,2026-08-05T15:38:38,False,,
07f6008e-0426-fe7b-0604-76dd30e5ce91,e9ff1cae-41c8-ca8c-2a1f-955ad499da99,ae340454-cac5-b68c-28f4-9481a0a04dc4,437.6,2026-08-05T16:31:56,False,,
8ece1128-56ce-4b42-fc9e-1dcbcb7e6268,e4429ebb-da7b-9095-63d6-2a39c0e3befd,b4d7e28e-271e-3ee2-b1a6-b1f1620e99d3,318.32,2026-08-05T16:38:31,False,,
68bd47aa-9666-600e-eb0f-61a402fea0e2,894a05e4-30b1-87ef-310c-0c003fa7f104,ce777f00-ecf2-7e76-8519-7ff4006ed6e3,507.76,2026-08-05T16:50:44,False,,
d52d8f91-064f-e164-7947-2ea41a85fd69,82ec9f2d-fbf6-e16f-9b30-80d56fb78271,2dea9493-0658-663a-698c-206fe1a47e10,4495.95,2026-08-05T16:51:15,False,,
38973d15-5319-9080-b581-94e004a06d55,598336e3-75d6-6ed4-eb1f-a9f2d10bd1d0,1a2a73ed-562b-0f79-c374-59eef50bea63,3379.34,2026-08-05T17:11:06,False,,
4f3e2a2c-ded6-4d2a-c42d-5f032482e8d1,a65e688e-abf3-ad39-fec2-1bbe66245bfa,b92da22b-21df-306f-8a0b-3c3336d8393a,4011.8,2026-08-05T17:29:10,False,,
ceef9fa8-b9a5-d4d0-4237-01f1bdacdc5e,658b2523-6014-1de9-f54a-d0a2e87466d7,3e896c64-e117-dac3-119c-4ea3e1805081,854.88,2026-08-05T17:42:56,False,,
8ad57402-ff75-659e-4f3a-e53049ed6369,faf14ff0-7b85-179a-d5b0-77e06a5d932b,a0a11839-e745-7704-18df-bc3ca0d4de3d,2049.82,2026-08-05T17:43:02,False,,
6c2ec07e-ed92-b753-bb64-751161ecff07,8a63f881-ffd0-f9d5-a6f2-f7b80cf35b58,aff8754d-1238-d630-743b-65a2dc0f2fcf,292.94,2026-08-05T17:57:36,False,,
c0c9c3ed-8ef9-0060-1545-7c643d922952,793b4c32-2050-0494-3d11-48022702878b,6efb63b1-1b04-9863-7d7d-dbedd284476c,4931.5,2026-08-05T18:10:38,False,,
4f8c61b9-98d7-88d9-4d51-5b58eb91d7bc,a3917c99-4c95-5f6a-966b-1964fcd6bdca,bcae8081-bdf0-70aa-f0b5-156bb82c9074,676.5,2026-08-05T18:20:23,False,,
54b2a582-f398-1e9e-7cb8-82a094a1eab0,2790cebd-bfdd-c3d9-9ee3-ac2af94d6204,fcf56188-d32e-6dcd-83bc-9478dd6ac7b8,1177.99,2026-08-05T18:24:50,False,,
f96671a5-4cec-495b-2267-16e33a5b6ac5,6502d6a2-ca6a-2224-171e-16cc5da36f1b,2e183554-cae2-8e66-ae8a-781390e0a95b,380.23,2026-08-05T18:25:53,False,,
c438c125-254d-befe-e1dd-8d91af88239f,f1533ae8-670a-cc5c-b321-bf214dd8eb85,ae340454-cac5-b68c-28f4-9481a0a04dc4,699.24,2026-08-05T18:28:22,False,,
3d15d3ee-c397-83ae-f77b-97421e12bbed,c29cfc0c-fa02-eaec-96ef-2ad6b97e6703,06cb0fb3-9a1d-e644-815e-f6d13b8faa18,1741.66,2026-08-05T18:51:00,False,,
b52f80c9-d9ee-9678-8112-f0ffeba46463,9ef2b93e-30ac-7d7b-a2f9-63a33810ae66,b386f7a4-c991-603f-28c1-3091444d610b,763.23,2026-08-05T18:58:37,False,,
520fc3e7-a7a1-3e62-a9db-f6281748ba01,3a3c8a71-ff57-4e2b-4991-ab9bebc2026f,7656af72-29d4-beef-3eab-edcbbaa80dd4,2205.76,2026-08-05T19:05:14,False,,
8da40d27-457f-4a84-1133-ded481e60c4c,e9ff1cae-41c8-ca8c-2a1f-955ad499da99,2d06e8cf-3805-f907-6cd6-6193c7468f59,311.01,2026-08-05T19:09:25,False,,
f396ea37-f065-c817-687a-48509d9b6231,148f8b74-a65b-b1f2-65c1-7795b15516bc,033d2bce-575a-ed2c-a5c5-650c8186a576,5029.27,2026-08-05T19:22:06,False,,
a64dcc1d-16f2-8319-1a93-6d0cd655005d,f42d47cc-00d4-af59-7427-3ca3287d06ca,61985d54-cfb8-7e6f-e9d6-8f23b489d070,1557.18,2026-08-05T19:36:20,False,,
416c0562-2ec3-6411-24df-6dcc490ccf97,3d85de89-c217-1429-8e20-07247d137018,b4a69f3c-8d3a-ed99-711c-21c9bdc14f1f,3688.95,2026-08-05T19:43:55,False,,
88145bde-98db-f732-dde4-d1947c12d198,9326dffd-5be4-bf51-9269-869861a11729,74962764-12a4-def0-c4bb-b7a9d98868dd,2019.46,2026-08-05T20:02:48,False,,
9cfa2010-ff51-cc96-27be-a2b29a7f326f,75b17a55-d426-2982-e43e-4288a2b5b498,8f5486b7-c7b5-b2bc-5a8a-aeca1a50aec3,1949.26,2026-08-05T20:11:02,False,,
10b7de33-d627-224e-4f5a-f64ef21b7a7f,7337c599-7984-4388-dc8a-ee30be6033f7,464c04af-3d3f-3799-a072-95e97c0e8cd8,856.6,2026-08-05T20:35:07,False,,
d0f81063-889f-e107-443b-1d0f3dbc3093,81f631d4-a392-31a7-d777-a4774c66e0a8,398d1ca6-8b68-70b5-1d61-fac36cd5e859,4246.59,2026-08-05T20:39:53,False,,
9e4152f9-dbe3-8b89-a262-4fd2a289499e,5283aac7-bc0a-6a5d-6e99-6e3ee3b137fc,a319dcb4-217d-65a0-c568-11cd5563f616,1577.56,2026-08-05T20:40:09,False,,
10fd7164-819f-2393-42ce-ef41b2cfba8b,f84f16b3-a79f-bfaf-def5-768968f45bce,cf36d58b-4737-8190-96da-1dac72ff5d2a,859.06,2026-08-05T20:58:09,False,,
4fd82aba-0a6d-c4ac-ee48-1499c096dbe4,d865d69a-74f3-3103-4006-6ff2b0b862ef,3b982ef8-daf6-1a26-146d-3f31fc377a4c,100.0,2026-08-05T21:00:57,False,,
b641d449-31f0-9021-9b6f-be204b3a9a83,c1a6423b-9f64-eeed-5c9d-927d84b871bb,db52ca58-0500-0bc6-b20d-cb6ef2311f17,3628.71,2026-08-05T21:02:21,False,,
01d99b33-f488-e328-c075-e119441dde33,474a493b-3ced-df2d-839f-bc501223b513,610461e3-2a25-a888-0f02-bad0e7067ef4,3982.85,2026-08-05T21:27:04,False,,
b362cd55-9b0a-da0b-9f6f-acc1451d38fe,246998e8-d39e-198b-4400-7d5ae88da719,6105716b-ab0e-664e-9c3e-b2d591e1aa96,275.12,2026-08-05T21:39:00,False,,
b7403274-b313-3c8e-9ec6-c95ee1f217be,2095eef6-8ded-f9fb-4bb0-0f20b27c4026,3170f437-a8f7-ef5a-060e-df5b39118497,548.71,2026-08-05T21:42:38,False,,
a7a581e8-6101-14f4-2322-6464ad6d84ef,a8b317fa-18d0-752b-1825-bc5430beb45f,43d88870-f81d-baa1-c812-0a8e78308930,3607.05,2026-08-05T21:53:42,False,,
e8cdea8a-7710-199d-59bd-fac90d993ab9,7922bac2-82dc-4c8e-36b5-229aacf5e81e,b4d7e28e-271e-3ee2-b1a6-b1f1620e99d3,469.83,2026-08-05T22:00:19,False,,
83aa622f-8772-df4a-15b1-c4a6329245ba,d4f8fd72-f382-1cfd-c083-b73a473bd358,033d2bce-575a-ed2c-a5c5-650c8186a576,1583.46,2026-08-05T22:04:01,False,,
a6a5f0ff-93fb-71d0-dd32-6d9cc9ea356a,43d88870-f81d-baa1-c812-0a8e78308930,12476f57-a5e5-a5ab-aefc-fad8efc89849,1173.23,2026-08-05T22:10:22,False,,
1fc775eb-88b1-2a44-2dc1-49ddc87c1935,d9178793-a9d3-c2e6-505c-c6869f871ce7,dfcaf0b7-19b1-7e80-dea4-ae1754fd9ad3,1652.03,2026-08-05T22:16:05,False,,
244b405a-ed7c-b20d-1bb8-68d588c023d7,8bcf53a1-bc10-fa52-bf5d-2fdf89c8d2ab,658b2523-6014-1de9-f54a-d0a2e87466d7,871.71,2026-08-05T22:23:26,False,,
1cd4aa85-613c-826a-001e-700629d374d6,f42d47cc-00d4-af59-7427-3ca3287d06ca,7a4c75d4-dc99-e04c-f0e9-8b3b40a26c60,2615.35,2026-08-05T22:26:18,False,,
2ac38bd3-1afc-388c-81de-c9db0abe8257,74f93d17-e912-b4bf-86a4-bae41986b4b2,b02b61c4-a3d7-0628-ece6-6fa2fd5166e6,1658.72,2026-08-05T22:41:05,False,,
1c36036f-beba-0619-1b6f-b706e04e6585,8da01097-be0f-051b-1b66-b5a9e3c43657,ab9099a4-35a2-40ae-5af3-05535ec42e08,5973.28,2026-08-05T22:54:48,False,,
9923fc7a-0d6b-160f-71a9-1c814eee5680,f1578470-0182-67c4-7a1b-58066160a6b4,beb79919-3f22-faf8-23be-d01d43cf2fde,2969.2,2026-08-05T23:45:46,False,,
2722796e-9a36-d1ec-2c6a-6e9a328067a1,8da01097-be0f-051b-1b66-b5a9e3c43657,ce777f00-ecf2-7e76-8519-7ff4006ed6e3,746.14,2026-08-05T23:46:33,False,,
d623c671-e2ee-d64b-82f4-71961a41c57f,72bb912d-7da6-7785-b63b-4dc3a559e463,1ff49b78-8946-3e85-759c-de66bacfb3d0,1478.46,2026-08-05T23:47:18,False,,
922d9ba6-35d5-b119-9c09-f0feed7403c6,f63fce41-3a9a-ca5e-1761-32ed069f14f1,1ff49b78-8946-3e85-759c-de66bacfb3d0,1276.35,2026-08-05T23:54:25,False,,
4f418193-e328-9c3a-801c-bac1c5b56b89,7922bac2-82dc-4c8e-36b5-229aacf5e81e,a8b317fa-18d0-752b-1825-bc5430beb45f,1823.05,2026-08-05T23:56:18,False,,
904c01a1-434f-e133-2da6-b97447ad21dd,c1a6423b-9f64-eeed-5c9d-927d84b871bb,47229389-571a-a876-6c30-7511b2b9437a,511.46,2026-08-05T23:58:33,False,,
304c9c7b-2e62-5a6f-9c71-14398098f50d,6f962882-95d8-2980-ff37-d19c2e76128b,6dadd6c7-95a7-6d79-bf3c-4c06434308bc,2426.64,2026-08-06T00:04:45,False,,
af396095-1461-1ef1-42bf-18d22a17879a,513a7052-986f-9025-8f15-ba58fce68504,3b982ef8-daf6-1a26-146d-3f31fc377a4c,470.45,2026-08-06T00:07:23,False,,
61fa01ba-231a-e7c7-4c9b-ff5ce1887eaf,74962764-12a4-def0-c4bb-b7a9d98868dd,0bbb2599-11ce-5dd2-b45e-d1f03139d32c,447.08,2026-08-06T00:14:18,False,,
40271514-ba40-662f-9243-a30112068ad6,ccf3a171-56dc-8907-ba6c-34ab6712303a,07a0ca6e-0822-e8f3-6c03-1199972a8469,663.78,2026-08-06T00:20:17,False,,
e32ffec3-e05f-f96e-d087-dc98bc7d0017,1efa2197-7394-988f-847f-d9b4e64d1bcb,bf1e8366-4b8e-63d4-ce76-07adf7a67b94,4454.18,2026-08-06T00:43:59,False,,
7df59abf-6b79-0d01-3cf8-8d20fbad793f,2dea9493-0658-663a-698c-206fe1a47e10,7656af72-29d4-beef-3eab-edcbbaa80dd4,506.23,2026-08-06T01:06:33,False,,
59aa7cd5-a67c-7bd7-39a9-a8a981f25a73,894a05e4-30b1-87ef-310c-0c003fa7f104,12476f57-a5e5-a5ab-aefc-fad8efc89849,727.19,2026-08-06T01:14:24,False,,
1d2fed2a-485f-7888-1e23-da4b9e21741f,bb2488a3-d363-57b6-6f81-cf4f7701f7bb,1dad09b2-52c2-1221-409d-360250843242,2768.82,2026-08-06T02:14:02,False,,
73708a7e-68fc-0e45-5375-98d4c78e0272,eb6c1016-cee6-24d0-9dac-6e8345241ea6,6232b17a-2507-4181-8d1f-b54074eff545,761.03,2026-08-06T02:35:43,False,,
da948cdf-6637-3dc7-91f4-48bb28802cff,77097749-527e-ecfa-a79a-c9aa9b4e2c24,8ae8905b-54b4-a482-6858-6eba6a34c854,435.98,2026-08-06T02:40:51,False,,
edd0ce02-edd3-2be9-2905-2dd7077b1426,04f64d86-7866-0765-14f7-ce8dd5bcb8d0,beb79919-3f22-faf8-23be-d01d43cf2fde,2097.04,2026-08-06T02:52:51,False,,
980b82cb-d662-48bf-7a11-4e5612e29c2a,246998e8-d39e-198b-4400-7d5ae88da719,d52721e7-19bc-143e-fb02-bebb48729a4d,8625.9,2026-08-06T03:30:37,False,,
1ddea07d-651a-6277-017f-319f04961795,04f64d86-7866-0765-14f7-ce8dd5bcb8d0,8e485223-46b9-8991-e14e-b70db380c73a,1703.56,2026-08-06T03:53:03,False,,
a7610e80-f216-880d-61c9-815eb0285484,1dad09b2-52c2-1221-409d-360250843242,6dadd6c7-95a7-6d79-bf3c-4c06434308bc,574.81,2026-08-06T04:00:53,False,,
a9d6290d-f4ad-fa22-ad02-05f51417c2f9,902059e4-ff9a-b5c2-9f04-4aed75523327,9b689c88-3ae9-09fe-cc82-18dac696f5e6,537.62,2026-08-06T04:18:07,False,,
90c0e607-4a63-3fc3-d26a-ab2718ef2501,8eb22579-0cdb-1ca4-76ec-bdd68498e113,50c187fc-ce17-7b4e-0837-b8a3d261a7ab,1184.23,2026-08-06T04:43:15,False,,
66edef30-2fa8-0808-b8f1-6861e3e3e73b,e7c99b26-1141-25c6-3a9b-edd40f1259e0,722764e6-8c41-561b-e827-a1b9d4a02e53,874.39,2026-08-06T04:51:18,False,,
bb8aa843-702f-31e5-62cc-c6040c53644b,1dad09b2-52c2-1221-409d-360250843242,122c9a56-01d7-4256-3860-2ab696a402f2,1231.11,2026-08-06T05:52:09,False,,
c33a1f6c-1d69-1fba-5e18-7b248e676a01,722764e6-8c41-561b-e827-a1b9d4a02e53,3c19e71d-1184-05ad-9e11-d2cd0930aef6,819.18,2026-08-06T06:05:00,False,,
65b8a38c-065f-5046-f9a6-174493efe8f0,793b4c32-2050-0494-3d11-48022702878b,1a2a73ed-562b-0f79-c374-59eef50bea63,577.39,2026-08-06T06:11:01,False,,
4421c1e1-2a8b-5fc8-d006-862ab31eb8f5,04f64d86-7866-0765-14f7-ce8dd5bcb8d0,f7860b50-11c5-8ef0-dd46-3c09475287aa,15000.0,2026-08-06T06:20:29,False,,
c3575ff1-6caa-4c8d-7c3a-aa22d8f148fb,a9597663-6daa-2e68-8861-fe1858e25888,9191b363-4e2d-6645-6dc7-cac7fd72b050,131.54,2026-08-06T06:43:49,False,,
87a6c63c-65a1-ee9c-3b39-b8aa39d0eb01,3d85de89-c217-1429-8e20-07247d137018,1ff49b78-8946-3e85-759c-de66bacfb3d0,1872.1,2026-08-06T06:49:35,False,,
15f0e5ea-4b0a-4742-146e-6a4f2a873e02,1efa2197-7394-988f-847f-d9b4e64d1bcb,a911d192-43bf-d931-3605-bf54a021c0ca,2329.34,2026-08-06T07:13:18,False,,
ad8f6932-eeb6-87c3-b8a6-ebf6f3d54f3e,5e781fd7-94e0-d3ba-a9f9-48b24e6384bb,3b982ef8-daf6-1a26-146d-3f31fc377a4c,1003.89,2026-08-06T07:14:20,False,,
fcb86f9e-8769-0baa-a104-bdcefab6ad91,bd1531c8-3764-fbda-3108-d4482f65fafa,6dadd6c7-95a7-6d79-bf3c-4c06434308bc,1059.25,2026-08-06T07:20:46,False,,
71c487bc-1eb4-6d3b-d841-26aceb4f9efb,0964fbbf-8cd3-21b0-c2b0-1cfdd045dd1c,5913f9d3-7852-99f4-175b-a98df8140102,1041.7,2026-08-06T07:42:38,False,,
26c432f6-6b35-2f85-504e-268770e7e756,81f631d4-a392-31a7-d777-a4774c66e0a8,c8dcd19f-3e35-1128-7900-f7f993829b43,7085.28,2026-08-06T08:02:15,False,,
9adebcc2-2114-4198-5466-2ea99c5a342e,87e5f0fe-5da8-d6d2-f8b3-8a8be05fb8bc,50c187fc-ce17-7b4e-0837-b8a3d261a7ab,2113.08,2026-08-06T08:31:37,False,,
86e52753-7c93-f6cc-97d7-a560adb14670,67f48ad5-4d0b-0d1a-91b0-e1d99d9262af,1497d658-7010-f719-7e69-5d0d8a3c3b5e,1335.23,2026-08-06T09:11:45,False,,
3d7a774e-74c9-c3ad-4e19-392b35d21dea,76f2dbfe-cd29-a36f-2222-82e174daaebf,e2817efd-ae84-9217-1d53-434bb88139b9,2834.31,2026-08-06T09:17:17,False,,
eb8f54d8-df40-fe04-54cd-67b4d67f017d,0b2c782a-6928-8e92-c68a-152fdb23aa8c,7a4c75d4-dc99-e04c-f0e9-8b3b40a26c60,2248.88,2026-08-06T09:30:27,False,,
3581a632-54f5-df70-05d2-d205789fed96,ce7ae7f6-3982-0cff-4f77-a665ac3c5640,ab9099a4-35a2-40ae-5af3-05535ec42e08,529.99,2026-08-06T09:38:53,False,,
156755f4-2f39-f8c8-6358-2706d545b254,f7860b50-11c5-8ef0-dd46-3c09475287aa,894a05e4-30b1-87ef-310c-0c003fa7f104,5083.36,2026-08-06T09:47:53,False,,
56ff66fd-a812-cf1b-69b3-5bf25dd09e34,1dad09b2-52c2-1221-409d-360250843242,cf36d58b-4737-8190-96da-1dac72ff5d2a,5161.69,2026-08-06T10:14:14,False,,
cdac6327-6149-96d1-01db-80b404221bf2,336749b5-2cf6-bf75-6a5e-6920bf5ae7e6,770c7798-37cc-863b-f2a0-345990604f62,8952.8,2026-08-06T10:28:49,False,,
d9fafbb9-d8a7-12cb-8374-c273cc707551,11b7e948-d0e6-e660-7c69-dee1bb5e4bcf,d89a40c0-e87d-1c78-e7c4-21c740497b71,1786.25,2026-08-06T10:52:46,False,,
1a0b6310-397a-4dc8-1c31-d9b9fda2f9a0,033d2bce-575a-ed2c-a5c5-650c8186a576,cf36d58b-4737-8190-96da-1dac72ff5d2a,3458.0,2026-08-06T10:57:56,False,,
8a03be43-d4ec-0595-3ff0-9d13add71599,76f2dbfe-cd29-a36f-2222-82e174daaebf,dd750e98-90e0-b95f-0212-b554464458b4,3740.35,2026-08-06T11:55:35,False,,
06531d47-4867-7b30-b956-77318a4cfe1f,ce88cb2d-d4e8-0839-fc3e-058be0f3eab0,ce777f00-ecf2-7e76-8519-7ff4006ed6e3,771.62,2026-08-06T12:05:25,False,,
dc4e557f-81b8-5934-af37-8cf92f2b5e31,96fc734d-a003-cd28-ca8f-3653c9af18f8,894a05e4-30b1-87ef-310c-0c003fa7f104,227.95,2026-08-06T13:20:23,False,,
b0f908d2-40c0-6d72-bf2d-57e130f02f6b,560c95ee-638c-254c-076e-2bba7c5308bf,2053da42-f1af-db65-b289-f2244ac9778d,1332.78,2026-08-06T13:31:52,False,,
0dec644c-da2d-2156-913a-1734ccb68571,6e068097-25e9-7977-8d72-48e2951f58d0,1fd5a423-706c-5c56-49e2-623debd34616,2515.77,2026-08-06T13:32:41,False,,
3d1fd7c0-4424-41ec-9342-4e7c0922d88d,c0e9ab30-ed26-62e9-17e0-11b7f8102383,d865d69a-74f3-3103-4006-6ff2b0b862ef,713.87,2026-08-06T14:12:13,False,,
e1568ad3-f525-d556-bb98-abdf71ec02ad,0a4c9f7f-9384-ec2b-44fe-acaed248a9a7,fbc9f87a-f668-a617-94a1-875d2db69edb,375.12,2026-08-06T14:28:13,False,,
40b374f8-8c1a-b2c7-1fa3-ed1f61584f88,907bfe36-9786-48f8-64de-82e6e82c7d7b,a6d964a3-f510-ab53-c7fe-e39f1190f938,906.56,2026-08-06T14:54:17,False,,
4d266574-79ea-5621-6614-23a776c9aeb2,c0e9ab30-ed26-62e9-17e0-11b7f8102383,a319dcb4-217d-65a0-c568-11cd5563f616,2014.04,2026-08-06T15:08:35,False,,
4fd80bbb-592c-1107-2444-d301baeb286b,1efa2197-7394-988f-847f-d9b4e64d1bcb,e8dd5e5a-1712-fb16-21a4-344fbb7bee03,318.04,2026-08-06T15:13:50,False,,
fa926f97-bd87-ff11-21ca-afcd23a2f59c,9e8fc965-0a2c-827e-9832-685694340a03,cf36d58b-4737-8190-96da-1dac72ff5d2a,7122.15,2026-08-06T15:15:14,False,,
f43dd740-5039-2a8c-da73-dae0209e6e48,f264accc-79ac-1b1e-a8e5-6e0c20de435d,236c7b87-14a0-bccb-8a47-6a87e49d681d,6166.98,2026-08-06T15:16:24,False,,
5d9e1717-3f08-6a9e-569d-b57e10c238ba,1fd5a423-706c-5c56-49e2-623debd34616,5e781fd7-94e0-d3ba-a9f9-48b24e6384bb,1152.6,2026-08-06T15:35:39,False,,
71fcf2e6-b3dd-7820-bd20-c36a270524cb,a319dcb4-217d-65a0-c568-11cd5563f616,9326dffd-5be4-bf51-9269-869861a11729,1239.29,2026-08-06T15:41:03,False,,
cb170945-be88-f8e4-143d-bd6ccdbb6c1f,d882b5c1-f79e-fd70-65bc-c272fadd7ea3,0bbb2599-11ce-5dd2-b45e-d1f03139d32c,3873.53,2026-08-06T15:41:19,False,,
ff02bf74-8db7-c020-7e8d-6bb37932b233,2053da42-f1af-db65-b289-f2244ac9778d,8b8148f6-b38a-088c-a65e-d389b74d0fb1,1925.38,2026-08-06T15:43:30,False,,
33ba1e1b-80ff-8beb-631e-b726c3649c91,1efa2197-7394-988f-847f-d9b4e64d1bcb,d289f0ab-618a-e305-95a5-bafa431d029f,2176.57,2026-08-06T16:03:47,False,,
63725424-82c5-6b21-2430-12dab1850eb8,6e068097-25e9-7977-8d72-48e2951f58d0,b4d7e28e-271e-3ee2-b1a6-b1f1620e99d3,2696.2,2026-08-06T16:15:19,False,,
015ce9f4-2e10-6355-b1f9-ab31995ec9de,6e068097-25e9-7977-8d72-48e2951f58d0,988c24c9-61b1-cd22-6280-1c4510435a10,169.6,2026-08-06T16:41:41,False,,
eb8466e4-c5fa-e047-6f66-9013869d4cb7,1c8eaee9-5715-bd6f-a416-1293c4c2e2e3,0964fbbf-8cd3-21b0-c2b0-1cfdd045dd1c,366.4,2026-08-06T16:43:23,False,,
9f601d17-00e7-8824-33ee-16e7f5defeba,7bb38605-da74-3152-627b-41a1ffd6f232,8b8148f6-b38a-088c-a65e-d389b74d0fb1,10925.97,2026-08-06T16:57:37,False,,
03e7dd21-1d4d-46d6-460d-113d2851a8be,688c7015-aab9-7e49-4f2d-479681d2c7de,b7b56ea7-35eb-d32d-9ad6-20ab48212ddb,5153.88,2026-08-06T17:04:23,False,,
263a484e-2048-ba6e-72ec-6f04ff8bb891,8da01097-be0f-051b-1b66-b5a9e3c43657,06cb0fb3-9a1d-e644-815e-f6d13b8faa18,236.14,2026-08-06T17:09:05,False,,
4b425bba-4da2-73ed-5fdc-9844fdb37e45,b4d7e28e-271e-3ee2-b1a6-b1f1620e99d3,1ff49b78-8946-3e85-759c-de66bacfb3d0,541.85,2026-08-06T17:10:46,False,,
368b7d68-43c6-b532-4b25-c4837bae0f3b,77097749-527e-ecfa-a79a-c9aa9b4e2c24,1ff49b78-8946-3e85-759c-de66bacfb3d0,992.12,2026-08-06T17:19:23,False,,
6de8370a-ce9e-9ebd-55c3-48530783e43c,22f235f2-e11b-868d-bf0d-073d821c1336,7bb38605-da74-3152-627b-41a1ffd6f232,934.55,2026-08-06T17:32:45,False,,
7557c28c-85eb-2b3f-aad5-3fb8a762b59c,b386f7a4-c991-603f-28c1-3091444d610b,61985d54-cfb8-7e6f-e9d6-8f23b489d070,1398.76,2026-08-06T17:41:52,False,,
bccaba38-1e30-614f-cbf6-aa23a01e31f5,dd2467ac-778e-edb3-693d-ffbc6c6fa611,4fdc6e1b-edcb-8cb6-0692-dc639424aed5,885.37,2026-08-06T17:43:16,False,,
80a52e65-afa2-8559-67c9-620428e333b6,4fdc6e1b-edcb-8cb6-0692-dc639424aed5,ce7ae7f6-3982-0cff-4f77-a665ac3c5640,2239.48,2026-08-06T17:44:30,False,,
7dea9676-ff6f-b946-e10d-14907c8c9267,8a14be62-295b-4715-c333-e8615fb8d16c,1d870966-0710-d430-f071-d87954c63cd8,546.33,2026-08-06T17:44:37,False,,
103056b7-9e4c-24dd-b864-a47ba43447fb,8e485223-46b9-8991-e14e-b70db380c73a,e7c99b26-1141-25c6-3a9b-edd40f1259e0,249.99,2026-08-06T17:50:10,False,,
02b49d26-672b-0fa7-a95d-a34b5b860e79,610cf373-4299-9aa4-0cdf-742b2e85cb21,336749b5-2cf6-bf75-6a5e-6920bf5ae7e6,816.4,2026-08-06T18:35:24,False,,
f340e6f1-33be-8942-e24f-908ae2b6a842,8bcf53a1-bc10-fa52-bf5d-2fdf89c8d2ab,74f93d17-e912-b4bf-86a4-bae41986b4b2,3336.54,2026-08-06T19:06:42,False,,
5071ce94-0ff4-8fe8-b5e9-489ca331c4b0,7b3a4e3e-7c52-fa17-680a-c07a2a935d62,a6d964a3-f510-ab53-c7fe-e39f1190f938,1765.8,2026-08-06T19:08:32,False,,
69c165ae-4c61-0ae8-87a3-7f1061b512ed,2e183554-cae2-8e66-ae8a-781390e0a95b,5283aac7-bc0a-6a5d-6e99-6e3ee3b137fc,964.96,2026-08-06T19:35:44,False,,
a8097a77-603e-cfef-2141-9a149accb00d,14822f53-8201-0c62-f5f5-9b220e8fa8e0,988c24c9-61b1-cd22-6280-1c4510435a10,1599.12,2026-08-06T19:47:00,False,,
31e7ca38-e280-65d7-bc49-64670f810db2,7922bac2-82dc-4c8e-36b5-229aacf5e81e,6dadd6c7-95a7-6d79-bf3c-4c06434308bc,1139.04,2026-08-06T20:13:56,False,,
0227b8d5-b070-1a53-50ce-857f75c72fb6,7135f221-a6c9-537f-84da-d06a7872bdeb,3e6dd58b-7367-c28d-e1b2-94de4767d76c,3812.67,2026-08-06T20:14:20,False,,
73b0d676-3527-a5c8-c534-ca08f6f24d1c,3dc98290-15ea-bb27-30e9-12f2f2b43abf,c40c5d91-46fd-e062-a33d-c7afd701410d,1317.3,2026-08-06T20:40:06,False,,
1d191f64-f8cf-814a-dea7-e1ae7006a2c6,a319dcb4-217d-65a0-c568-11cd5563f616,2790cebd-bfdd-c3d9-9ee3-ac2af94d6204,931.63,2026-08-06T21:31:54,False,,
849b50bc-05e5-d461-8934-4b060790eeb4,8f5486b7-c7b5-b2bc-5a8a-aeca1a50aec3,93b7a886-12f7-0c97-7de3-1a516694c343,1583.33,2026-08-06T21:40:00,False,,
1b2765f6-f383-24f7-eddc-ac0a97206c66,e4429ebb-da7b-9095-63d6-2a39c0e3befd,0bbb2599-11ce-5dd2-b45e-d1f03139d32c,1217.07,2026-08-06T22:07:47,False,,
ce529b86-2433-d80d-ce84-37fc38cd0ced,8bcf53a1-bc10-fa52-bf5d-2fdf89c8d2ab,6dadd6c7-95a7-6d79-bf3c-4c06434308bc,3706.93,2026-08-06T22:21:01,False,,
1fcfcb8e-8750-be7b-d5bb-e3a440b87dc3,3e83b91f-2544-0fe0-6e41-7d475ff595ea,e4429ebb-da7b-9095-63d6-2a39c0e3befd,859.73,2026-08-06T22:37:06,False,,
478a943a-ffb2-bfe1-8e75-69bcb99e6f7b,43d88870-f81d-baa1-c812-0a8e78308930,8dfa6a56-d12d-bc9a-aaf9-15310200b1f0,127.37,2026-08-06T23:16:42,False,,
b9b4c225-a230-36d2-88d7-d47cec38704b,9854ce4e-4ebf-a5c3-cae9-b4a72a79ea68,ce9e1a11-fcbb-4e59-fbdd-cf7c9c96e9ec,1668.25,2026-08-06T23:25:10,False,,
5ce9dbbc-a252-91f3-730b-c657b4cb4613,acdabacc-1165-e210-9854-3881118a9d29,06cb0fb3-9a1d-e644-815e-f6d13b8faa18,2669.46,2026-08-06T23:56:22,False,,
3db87d15-32d8-aff9-f9c0-48829b40bb90,72bb912d-7da6-7785-b63b-4dc3a559e463,1a3d1fa7-bc89-60a9-23b8-c1e9392456de,534.9,2026-08-07T00:12:45,False,,
d3422e50-c208-6227-4333-240ad8d99ad8,85d51695-90b2-b633-956b-8c0ca8499b92,8da01097-be0f-051b-1b66-b5a9e3c43657,1214.22,2026-08-07T00:32:12,False,,
6202f35d-9756-fd33-53ae-106599f75c76,793b4c32-2050-0494-3d11-48022702878b,b4a69f3c-8d3a-ed99-711c-21c9bdc14f1f,1810.02,2026-08-07T00:34:42,False,,
43b76bf2-d604-153c-522c-5c44a928a5b2,ce7ae7f6-3982-0cff-4f77-a665ac3c5640,c4b032cc-d7c5-24a5-5304-317faf42e12f,2201.63,2026-08-07T00:49:38,False,,
7f67c68a-9af2-0d53-a5f9-74304147a202,5913f9d3-7852-99f4-175b-a98df8140102,d58842de-a2bc-372f-7412-b29347294739,698.08,2026-08-07T01:13:34,False,,
740173c1-0155-aa51-bca2-c581928b1e4b,d6d7b3b8-3309-4d35-3f4d-f561f319c125,1ff49b78-8946-3e85-759c-de66bacfb3d0,322.49,2026-08-07T01:20:38,False,,
0265a223-71cf-d772-3167-d947efadf069,913e4de2-e0c5-3cb8-3da9-c2a90ed42f1a,236c7b87-14a0-bccb-8a47-6a87e49d681d,1432.81,2026-08-07T01:21:37,False,,
380a402d-0e55-ced3-9e79-a6fe6680c5e3,f920264c-0763-fcd0-1f15-c7b67c16128d,47229389-571a-a876-6c30-7511b2b9437a,909.46,2026-08-07T01:47:27,False,,
68599dc4-e8c5-a3b0-c6c5-50543eb4a527,9ef2b93e-30ac-7d7b-a2f9-63a33810ae66,b02b61c4-a3d7-0628-ece6-6fa2fd5166e6,437.3,2026-08-07T01:57:47,False,,
7b3cfc10-6bc7-1d7f-5afa-eb32419bf74e,9b49bd26-df57-c59a-8715-a10343dac043,bb2488a3-d363-57b6-6f81-cf4f7701f7bb,428.66,2026-08-07T02:46:45,False,,
7d2e7d9e-e2c6-093e-9586-6982f7e808a2,3a3c8a71-ff57-4e2b-4991-ab9bebc2026f,7656af72-29d4-beef-3eab-edcbbaa80dd4,340.32,2026-08-07T03:20:05,False,,
aeb4eb8e-dd23-a782-d27a-1a33f5110f36,b4a69f3c-8d3a-ed99-711c-21c9bdc14f1f,341c6494-0d36-6dfc-c28e-bd7071299889,6345.34,2026-08-07T03:34:16,False,,
4b188a0d-e0b7-d818-90c9-7f32e660a8e0,9e50aa42-ca6d-fda1-989b-c4da9b37a22b,b02b61c4-a3d7-0628-ece6-6fa2fd5166e6,887.91,2026-08-07T04:17:09,False,,
6c5b059a-afcd-2960-be36-c36decfdceed,d664d264-4c6e-27ff-b9de-7a3a486822b9,06cb0fb3-9a1d-e644-815e-f6d13b8faa18,115.94,2026-08-07T04:27:27,False,,
665e467f-e1bb-7399-c7c4-32a0c3af3d93,c521bf2d-dc45-d539-c03f-3538e4855aa1,ff5e9ff0-ff50-bde4-3825-67b85cabcc97,2654.59,2026-08-07T04:28:16,False,,
8c83bc68-e6ac-e59a-5e85-643c0ffa2366,c2a79689-1933-918c-fa74-57616f18c108,7922bac2-82dc-4c8e-36b5-229aacf5e81e,1979.61,2026-08-07T04:36:47,False,,
bf715a28-47ef-a886-d5b5-b7b0f92edfa1,75b17a55-d426-2982-e43e-4288a2b5b498,61ee6c5b-deef-580f-9c07-a75114374509,100.0,2026-08-07T04:58:51,False,,
dd2fb568-ce02-3728-d712-288a7bd64d37,dabac50d-ca3d-d859-c5ce-099c46b82659,dc5c0eed-8da0-365b-f898-97b9405cacec,900.24,2026-08-07T05:11:53,False,,
4eb39f63-3a00-c83e-b023-dbc32471a957,4ca9cf07-b1aa-0f6a-2a96-e1e27194eae2,0a4c9f7f-9384-ec2b-44fe-acaed248a9a7,632.51,2026-08-07T05:57:47,False,,
2ac1d5ca-4e5d-8f12-96b3-1f4a80daa8ca,85d51695-90b2-b633-956b-8c0ca8499b92,db52ca58-0500-0bc6-b20d-cb6ef2311f17,2648.21,2026-08-07T06:12:54,False,,
486fac8f-a4c5-dae5-cd32-e7120c767092,b386f7a4-c991-603f-28c1-3091444d610b,988c24c9-61b1-cd22-6280-1c4510435a10,201.75,2026-08-07T06:40:08,False,,
fe835c51-7e70-b309-3237-1f1493a971f4,b24445a7-b7e5-8481-31c6-81ec935f2b0a,3e6dd58b-7367-c28d-e1b2-94de4767d76c,619.96,2026-08-07T06:51:50,False,,
f9d46d34-ca4e-5cc5-995d-455b76628c4e,2095eef6-8ded-f9fb-4bb0-0f20b27c4026,d9178793-a9d3-c2e6-505c-c6869f871ce7,459.59,2026-08-07T07:11:22,False,,
a84f1cf1-2b45-1121-4218-f371bb23e712,a0a11839-e745-7704-18df-bc3ca0d4de3d,288b78b5-b5b4-53ca-3d42-993ccc9fd334,1583.91,2026-08-07T07:19:05,False,,
a93b12cd-1c24-220e-2cab-d7e7cc6b66e5,11b7e948-d0e6-e660-7c69-dee1bb5e4bcf,41357e8c-30a9-00ad-939b-462de645f129,688.33,2026-08-07T07:27:06,False,,
ad443c48-5e8a-10da-13fc-927f7237cf5b,d4a057a7-b0cc-1b3b-9793-b9b413748146,b386f7a4-c991-603f-28c1-3091444d610b,2523.82,2026-08-07T07:32:05,False,,
f07db671-caea-9ae5-690a-7b80af8d888d,3c19e71d-1184-05ad-9e11-d2cd0930aef6,50c187fc-ce17-7b4e-0837-b8a3d261a7ab,2210.94,2026-08-07T07:34:09,False,,
c8b62c18-c355-853e-b0d9-751c6cc0067f,78b2b549-3bdb-c09e-acc2-16a01bbc91f7,0ea2622b-5048-67ba-bf7b-539b0f9aea4b,560.25,2026-08-07T07:42:54,False,,
d8230076-cd6b-b03b-eb35-37a02d6e0291,513a7052-986f-9025-8f15-ba58fce68504,beb79919-3f22-faf8-23be-d01d43cf2fde,699.2,2026-08-07T08:01:52,False,,
6e4ebe99-8740-0c48-d854-83efb9a893f3,236c7b87-14a0-bccb-8a47-6a87e49d681d,1dad09b2-52c2-1221-409d-360250843242,240.65,2026-08-07T08:03:20,False,,
5badd755-c710-1f3d-a1aa-19f0a26c2d5a,78b2b549-3bdb-c09e-acc2-16a01bbc91f7,ab9099a4-35a2-40ae-5af3-05535ec42e08,1326.77,2026-08-07T08:05:58,False,,
6949ece5-e339-5b1a-1ce9-78717cf59d5f,cbd58bf6-1efd-76e9-ce37-14af99b49350,e2817efd-ae84-9217-1d53-434bb88139b9,1809.7,2026-08-07T08:13:28,False,,
d4d30795-2e4b-ebc4-2989-0880277d1be9,92f5df7b-0323-d342-df6a-8f931a432f0a,8ae8905b-54b4-a482-6858-6eba6a34c854,5105.31,2026-08-07T08:40:59,False,,
a9de5b26-08ff-eab0-0750-72d62bacf712,2e8d0e87-5334-20e6-d9d8-0b8d7e8adee7,ae340454-cac5-b68c-28f4-9481a0a04dc4,804.69,2026-08-07T08:56:56,False,,
18d3ab67-1f9d-4db1-d983-dadff2e5cecf,ce88cb2d-d4e8-0839-fc3e-058be0f3eab0,93b7a886-12f7-0c97-7de3-1a516694c343,402.55,2026-08-07T09:26:18,False,,
96bf10ab-3ce9-15e7-c9d6-a63bca3c6f5f,b92da22b-21df-306f-8a0b-3c3336d8393a,0bbb2599-11ce-5dd2-b45e-d1f03139d32c,1396.83,2026-08-07T09:33:42,False,,
8f0d5540-0ec7-d662-905c-7bdd74f0beae,d4aac9a3-3ed8-c56c-da09-dfa052828d80,907bfe36-9786-48f8-64de-82e6e82c7d7b,1303.99,2026-08-07T09:43:34,False,,
bb134f02-16de-66c9-6210-def63a9c4308,4d3485c5-c5c1-4eb4-b27b-3d901a16342c,07a0ca6e-0822-e8f3-6c03-1199972a8469,1083.28,2026-08-07T09:59:42,False,,
2d91ac23-497d-d968-b4b6-c702611a7d79,fbe33b24-3eae-0032-0bd4-a9900640be0f,1a3d1fa7-bc89-60a9-23b8-c1e9392456de,481.82,2026-08-07T10:38:50,False,,
9317545d-1cd4-3dff-f59b-39fa46cbeb60,d882b5c1-f79e-fd70-65bc-c272fadd7ea3,47229389-571a-a876-6c30-7511b2b9437a,2044.1,2026-08-07T10:54:43,False,,
fae2d4a8-a475-2fa7-0d30-69bfca6628a8,688c7015-aab9-7e49-4f2d-479681d2c7de,988c24c9-61b1-cd22-6280-1c4510435a10,2036.84,2026-08-07T10:55:22,False,,
b66c4a03-378a-a526-3efa-528c34b6d9da,fcf56188-d32e-6dcd-83bc-9478dd6ac7b8,7656af72-29d4-beef-3eab-edcbbaa80dd4,870.96,2026-08-07T11:05:23,False,,
9033da65-87cf-63fd-1183-6c4f249204c7,980402a2-b07a-a066-7354-35ea68949b8d,654821d0-7fcd-9eb1-a7ca-d415366eb16f,1182.99,2026-08-07T11:07:35,False,,
4f50b598-73bd-980f-a96b-c76137179e45,53f8382b-8fb8-64e4-f173-8856e25d36eb,8bcf53a1-bc10-fa52-bf5d-2fdf89c8d2ab,1671.68,2026-08-07T11:22:18,False,,
fc3a156a-531b-49d8-4b7e-42df9c8a1631,2a405f12-b963-f37f-6781-4c1fcc530e36,d865d69a-74f3-3103-4006-6ff2b0b862ef,529.53,2026-08-07T11:40:07,False,,
011871cf-79fd-cd33-9bd9-72ca00862f9e,b4fb0eb9-49c1-3de7-3b42-06c5085b15fb,9ef2b93e-30ac-7d7b-a2f9-63a33810ae66,2536.37,2026-08-07T11:48:06,False,,
cf0e6d2b-315c-167a-45d8-a6ad77d0359e,3a3c8a71-ff57-4e2b-4991-ab9bebc2026f,eb6c1016-cee6-24d0-9dac-6e8345241ea6,841.63,2026-08-07T12:21:15,False,,
470367f7-5beb-b1c7-977f-199a374e6538,7a4c75d4-dc99-e04c-f0e9-8b3b40a26c60,b02b61c4-a3d7-0628-ece6-6fa2fd5166e6,1962.74,2026-08-07T12:21:49,False,,
c67651b3-fa28-6316-5315-6a2312f0ed7d,75a66981-4104-a8b5-a34d-b7c5760debbb,288b78b5-b5b4-53ca-3d42-993ccc9fd334,713.91,2026-08-07T12:27:10,False,,
a6f9c0e1-6533-9cf0-7ce4-770e32b73d80,cbd58bf6-1efd-76e9-ce37-14af99b49350,b02b61c4-a3d7-0628-ece6-6fa2fd5166e6,585.83,2026-08-07T13:08:08,False,,
0283a43b-794f-9276-d454-1573b70f9392,e9a1fa6f-81f7-6d1c-2dbc-2134c30ff46e,2e8d0e87-5334-20e6-d9d8-0b8d7e8adee7,165.07,2026-08-07T13:40:53,False,,
6b65450b-5c75-352c-45cd-b96b0d8a16f3,c40c5d91-46fd-e062-a33d-c7afd701410d,46d483f3-d450-281c-6c6f-7633a2607723,3224.98,2026-08-07T13:51:57,False,,
be3e6e57-f30a-9e32-aba4-fc035efa9c5b,f1578470-0182-67c4-7a1b-58066160a6b4,ab9099a4-35a2-40ae-5af3-05535ec42e08,955.02,2026-08-07T14:03:36,False,,
dc32f8a0-6a75-80e2-ce52-309da46a07c2,f42d47cc-00d4-af59-7427-3ca3287d06ca,8dfa6a56-d12d-bc9a-aaf9-15310200b1f0,2097.94,2026-08-07T14:11:24,False,,
7d6dca57-cc80-a698-8765-88fe75f53328,1c8eaee9-5715-bd6f-a416-1293c4c2e2e3,6e0d2648-35ce-8841-4973-2d6c4dcabfb7,1742.69,2026-08-07T14:20:23,False,,
279f5df0-da2d-6df9-a3c1-4a53acf96a12,81f631d4-a392-31a7-d777-a4774c66e0a8,d865d69a-74f3-3103-4006-6ff2b0b862ef,1298.1,2026-08-07T14:55:14,False,,
f9be07f3-5bcc-90fc-a1cc-22d831b42308,9b1bc895-2af4-3ab7-5e6f-ea07c4536f1d,1dad09b2-52c2-1221-409d-360250843242,100.0,2026-08-07T14:55:22,False,,
74fd33d1-84f2-fd0f-7947-4bfacdd0b4d4,49c8a43f-7ed7-0ed7-b194-990b6961929e,8eb22579-0cdb-1ca4-76ec-bdd68498e113,1848.15,2026-08-07T15:39:32,False,,
bef0e0f1-1791-de3c-cc75-70cc8e32ebbf,e45b712e-b822-5688-d0a4-44329cd6c852,c8dcd19f-3e35-1128-7900-f7f993829b43,1028.45,2026-08-07T15:50:29,False,,
58c1aad6-f3f8-dea4-7f14-eafa29f0ef7c,6f962882-95d8-2980-ff37-d19c2e76128b,474a493b-3ced-df2d-839f-bc501223b513,4795.13,2026-08-07T15:51:47,False,,
6a6e94cf-f83a-1bce-7069-697733af15be,43e42caf-8181-a8cc-3691-47eb89a2688b,3a3c8a71-ff57-4e2b-4991-ab9bebc2026f,1145.75,2026-08-07T16:30:59,False,,
a2b03c4b-7c96-6b55-2f8d-8ded6c4c450b,c29cfc0c-fa02-eaec-96ef-2ad6b97e6703,db52ca58-0500-0bc6-b20d-cb6ef2311f17,1491.14,2026-08-07T16:37:37,False,,
e8d91a20-8618-1db2-e60d-7a94b483d162,fbe33b24-3eae-0032-0bd4-a9900640be0f,ffe3fa49-054f-92ff-f366-bad4964db03f,305.9,2026-08-07T16:54:33,False,,
50581a4a-5771-3fff-4971-4ec3cbbd3732,93b7a886-12f7-0c97-7de3-1a516694c343,580d7b71-d8f5-6413-5be6-128e18c26797,100.0,2026-08-07T16:56:41,False,,
e4ffc31a-5b86-ea69-5423-1dbe2ba6b158,246998e8-d39e-198b-4400-7d5ae88da719,b4fb0eb9-49c1-3de7-3b42-06c5085b15fb,477.73,2026-08-07T17:14:28,False,,
2067902b-f099-e2b6-b10c-cf77ba4d6c8e,598336e3-75d6-6ed4-eb1f-a9f2d10bd1d0,da4bd9ca-eb5c-f467-80ba-cd647a0ecfea,877.02,2026-08-07T17:26:23,False,,
01582463-9d87-76a0-72d7-8bdd781799ff,4ab7706e-b773-50ca-eec2-59dc7f95897c,beb79919-3f22-faf8-23be-d01d43cf2fde,488.58,2026-08-07T17:42:18,False,,
478b2f00-87d7-5309-de77-21561f76043f,dd2467ac-778e-edb3-693d-ffbc6c6fa611,7a4c75d4-dc99-e04c-f0e9-8b3b40a26c60,613.68,2026-08-07T17:47:13,False,,
5c3bd3b5-ecaa-dafb-d7e4-527a6274d240,ae9bec36-35c7-936c-5b99-62c6e61fecc0,ff233d5f-6ced-d15d-5800-7c0287ea7ff5,3186.49,2026-08-07T18:01:37,False,,
9174f53b-548b-4c63-fe87-a6bcf3e00dc5,439472e6-da58-7e8a-a25d-6b29afffcfd2,d289f0ab-618a-e305-95a5-bafa431d029f,4775.1,2026-08-07T18:06:13,False,,
b1768686-d31e-96c4-34b0-258bcad2b7c2,d289f0ab-618a-e305-95a5-bafa431d029f,ae340454-cac5-b68c-28f4-9481a0a04dc4,2756.73,2026-08-07T18:33:14,False,,
abe07080-6961-a383-dcee-a2ebc351c359,badcc32a-c159-0f53-8a0f-4efbedcd465e,560c95ee-638c-254c-076e-2bba7c5308bf,902.62,2026-08-07T18:47:52,False,,
d18b621e-04fc-9dd0-4632-7360c45d4c03,5e5ba13d-746c-db77-1fa3-82e8895ccd99,770c7798-37cc-863b-f2a0-345990604f62,906.84,2026-08-07T19:01:50,False,,
59fe3d53-624f-ea4b-bae1-e13796ee50e5,17dc8eff-6872-13f9-8d60-593603802b70,06cb0fb3-9a1d-e644-815e-f6d13b8faa18,946.66,2026-08-07T19:07:37,False,,
ec68fc07-4d8c-d019-a88f-c85ac33a402e,ad64b56c-610f-aa3f-f0bb-ac67aa38d0a1,d664d264-4c6e-27ff-b9de-7a3a486822b9,964.36,2026-08-07T19:09:27,False,,
0a22be56-7cfe-8ab0-9198-83f9f8c01007,e8dd5e5a-1712-fb16-21a4-344fbb7bee03,06cb0fb3-9a1d-e644-815e-f6d13b8faa18,2541.78,2026-08-07T19:37:58,False,,
9490029d-3e1e-0693-c960-b8514d696e19,1e52d770-3f89-7142-fe71-6b1415ce6a66,d47d577b-fa5a-91ca-059d-d55d4b943e30,534.24,2026-08-07T19:47:38,False,,
8dac210d-5eb3-8ef5-b240-70ca2b056167,a5d04d53-1e12-42e3-f272-92b6762172ed,907bfe36-9786-48f8-64de-82e6e82c7d7b,1938.69,2026-08-07T20:33:10,False,,
953fcfd4-6069-4b6d-04b5-1c12ab132032,0a4c9f7f-9384-ec2b-44fe-acaed248a9a7,7135f221-a6c9-537f-84da-d06a7872bdeb,1017.97,2026-08-07T20:40:54,False,,
9d2f1794-cd85-3347-3457-9c7faf5db99c,77097749-527e-ecfa-a79a-c9aa9b4e2c24,7656af72-29d4-beef-3eab-edcbbaa80dd4,496.5,2026-08-07T20:52:47,False,,
97b6a461-2c76-04c1-177d-8b262024c407,e8dd5e5a-1712-fb16-21a4-344fbb7bee03,2dea9493-0658-663a-698c-206fe1a47e10,363.87,2026-08-07T20:53:48,False,,
3eacdb28-92f7-1993-4884-3b5bcdd3214c,336749b5-2cf6-bf75-6a5e-6920bf5ae7e6,5913f9d3-7852-99f4-175b-a98df8140102,594.2,2026-08-07T20:55:32,False,,
eb034c4e-e83c-dff9-78a1-d98804e1502a,033d2bce-575a-ed2c-a5c5-650c8186a576,96fc734d-a003-cd28-ca8f-3653c9af18f8,1559.4,2026-08-07T20:57:53,False,,
bf012e32-177d-6e7e-07d9-24cef8c88fae,70286046-49bc-473f-ed7b-f656218a1536,a911d192-43bf-d931-3605-bf54a021c0ca,2496.25,2026-08-07T21:17:45,False,,
3b41c943-ebd8-a3b1-0b3d-0c3617d09810,badcc32a-c159-0f53-8a0f-4efbedcd465e,ad64b56c-610f-aa3f-f0bb-ac67aa38d0a1,1123.84,2026-08-07T21:52:37,False,,
43874957-d4d6-1370-8645-1ddafbe22c49,715629ee-e893-be3d-7354-ea6f61607459,47229389-571a-a876-6c30-7511b2b9437a,597.73,2026-08-07T22:08:10,False,,
08e895d7-702c-1821-c804-0fb7ad973b67,1efa2197-7394-988f-847f-d9b4e64d1bcb,93b7a886-12f7-0c97-7de3-1a516694c343,1418.78,2026-08-07T22:21:00,False,,
efd37a6d-0c74-6518-6bf8-43df96f19d54,2260e70f-e0cc-edc5-f05d-b76e1a84a51a,d664d264-4c6e-27ff-b9de-7a3a486822b9,1037.15,2026-08-07T22:27:17,False,,
6cb9b655-f704-8d14-b235-161506beab4a,8ae8905b-54b4-a482-6858-6eba6a34c854,c1a6423b-9f64-eeed-5c9d-927d84b871bb,1675.05,2026-08-07T22:41:46,False,,
3f203c22-7947-7aa8-0f1c-0455c71b3b67,458f1f19-3c07-c574-4925-7af1b6aae05b,988c24c9-61b1-cd22-6280-1c4510435a10,318.09,2026-08-07T22:42:15,False,,
3d3fbbec-697a-e294-734e-ab1085e9054f,1337739e-8d4f-5d27-2c7f-0b793d67cde9,688c7015-aab9-7e49-4f2d-479681d2c7de,2228.32,2026-08-07T22:42:33,False,,
44f760a8-bb90-9511-a12b-61ae12101787,11b7e948-d0e6-e660-7c69-dee1bb5e4bcf,2dea9493-0658-663a-698c-206fe1a47e10,755.81,2026-08-07T22:53:28,False,,
3d959e3f-5a52-26e6-9d64-29320066853d,77097749-527e-ecfa-a79a-c9aa9b4e2c24,c2dff335-5666-6f9f-53ac-2ab974672cd9,1832.19,2026-08-07T23:16:44,False,,
39520c71-2e31-e772-2bc2-bdd4d736d90c,da4bd9ca-eb5c-f467-80ba-cd647a0ecfea,398d1ca6-8b68-70b5-1d61-fac36cd5e859,214.76,2026-08-07T23:20:25,False,,
fcef1972-bbf4-83ce-51be-b80eb7e6a14c,74962764-12a4-def0-c4bb-b7a9d98868dd,0e5dd462-cbd0-0ef2-530a-37df0bc61066,437.28,2026-08-07T23:23:10,False,,
c75ff368-5f7d-dbb1-480a-fe9f84a6d693,b92da22b-21df-306f-8a0b-3c3336d8393a,8b8148f6-b38a-088c-a65e-d389b74d0fb1,226.7,2026-08-07T23:26:34,False,,
9deb7a4b-17db-4613-3242-f61cea3d19b2,2260e70f-e0cc-edc5-f05d-b76e1a84a51a,ff5e9ff0-ff50-bde4-3825-67b85cabcc97,1827.66,2026-08-07T23:42:56,False,,
cb863dea-f722-2fbe-ea06-f94be310ff72,83f4a9a9-48a6-39d0-15b5-2908a8aa7158,654821d0-7fcd-9eb1-a7ca-d415366eb16f,10622.11,2026-08-07T23:51:36,False,,
50805bbf-963d-4606-ae6b-19defaecfb4c,a65e688e-abf3-ad39-fec2-1bbe66245bfa,3d85de89-c217-1429-8e20-07247d137018,591.55,2026-08-08T00:02:37,False,,
0a4e2552-8005-1b10-66c1-4dca8255da61,81f631d4-a392-31a7-d777-a4774c66e0a8,7a4c75d4-dc99-e04c-f0e9-8b3b40a26c60,292.82,2026-08-08T00:05:01,False,,
c33359b9-6085-7b5f-8a1b-07440be76352,dd750e98-90e0-b95f-0212-b554464458b4,2a405f12-b963-f37f-6781-4c1fcc530e36,3003.44,2026-08-08T00:10:09,False,,
69a53b4f-8ff8-869d-0ec0-713dea2c7a51,61985d54-cfb8-7e6f-e9d6-8f23b489d070,f6f7f0cc-29ec-8e49-d1bd-b8c0c71d5e60,2342.49,2026-08-08T00:10:55,False,,
586b3c22-4652-7e16-e489-149f6e5c9ae7,a911d192-43bf-d931-3605-bf54a021c0ca,6efb63b1-1b04-9863-7d7d-dbedd284476c,1481.0,2026-08-08T00:31:22,False,,
c47d336f-2e8f-2f7f-20a6-2edffea95b73,acdabacc-1165-e210-9854-3881118a9d29,a0ee89ae-d453-dd32-4b0d-bb418d5288f1,3948.21,2026-08-08T00:33:00,False,,
413b4e20-85a3-a473-5eee-fb7fb8a35c0c,a53f8a28-abf3-e3fc-2181-3d25655238a6,580d7b71-d8f5-6413-5be6-128e18c26797,918.94,2026-08-08T00:34:42,False,,
51476e86-2875-d40a-eac7-dc2e9099a283,96fc734d-a003-cd28-ca8f-3653c9af18f8,a0a11839-e745-7704-18df-bc3ca0d4de3d,372.02,2026-08-08T01:06:53,False,,
dbb24c33-a045-6992-d793-30f16f8fd55c,aff8754d-1238-d630-743b-65a2dc0f2fcf,fbc9f87a-f668-a617-94a1-875d2db69edb,1242.93,2026-08-08T01:07:00,False,,
01196e6d-27f3-1b78-51f9-cd77ed850a6d,87e5f0fe-5da8-d6d2-f8b3-8a8be05fb8bc,9b1bc895-2af4-3ab7-5e6f-ea07c4536f1d,675.95,2026-08-08T01:23:04,False,,
946a95a6-f2e4-01af-4702-1755f11cc0a4,3c19e71d-1184-05ad-9e11-d2cd0930aef6,288b78b5-b5b4-53ca-3d42-993ccc9fd334,2372.5,2026-08-08T01:35:10,False,,
220e674e-6591-d99b-5a92-9d2788676641,0964fbbf-8cd3-21b0-c2b0-1cfdd045dd1c,a0ee89ae-d453-dd32-4b0d-bb418d5288f1,1666.36,2026-08-08T01:49:44,False,,
331e91f2-3bc5-f97f-d173-b70bec993c80,59970043-f3b1-025b-fff9-f5850d557b61,db20a56e-dc81-5fe7-ceda-8bbb71710434,2900.26,2026-08-08T01:53:27,False,,
00938d5e-c3b8-a22b-5d76-4bc403f54e71,0e5dd462-cbd0-0ef2-530a-37df0bc61066,0c0fd195-c17a-f08a-1745-d6d87e570ddf,909.69,2026-08-08T02:44:10,False,,
179d9ae3-14fa-7d50-697c-4d7dd4147d03,49c8a43f-7ed7-0ed7-b194-990b6961929e,610cf373-4299-9aa4-0cdf-742b2e85cb21,1526.73,2026-08-08T02:44:48,False,,
bfcd3af7-c23d-d884-ca5f-ccf297266a28,793b4c32-2050-0494-3d11-48022702878b,988c24c9-61b1-cd22-6280-1c4510435a10,390.52,2026-08-08T03:27:56,False,,
ad32a7c6-8b64-612c-5bd5-37b1c35adde3,560c95ee-638c-254c-076e-2bba7c5308bf,c4b032cc-d7c5-24a5-5304-317faf42e12f,2322.92,2026-08-08T03:32:59,False,,
a9a0758e-f3a7-bd25-940e-35219a26755a,ce777f00-ecf2-7e76-8519-7ff4006ed6e3,82ec9f2d-fbf6-e16f-9b30-80d56fb78271,1635.47,2026-08-08T03:41:43,False,,
fbff8a7d-f2f5-b176-2c41-cbd372f444ab,902059e4-ff9a-b5c2-9f04-4aed75523327,ff5e9ff0-ff50-bde4-3825-67b85cabcc97,275.86,2026-08-08T03:47:20,False,,
dbc080fd-46fb-7bf3-00b9-d4a3989240ac,dd81b7f5-7d59-11c6-a8f1-e091ffb8102d,7bb38605-da74-3152-627b-41a1ffd6f232,689.92,2026-08-08T03:54:47,False,,
57e0a1f1-0384-0661-49a5-baebd1f44c8d,2e183554-cae2-8e66-ae8a-781390e0a95b,148f8b74-a65b-b1f2-65c1-7795b15516bc,228.1,2026-08-08T04:03:22,False,,
a244496a-b88e-33d1-6c10-36cd1249944e,715629ee-e893-be3d-7354-ea6f61607459,a6d964a3-f510-ab53-c7fe-e39f1190f938,2475.39,2026-08-08T04:13:31,False,,
b807c910-f469-76af-10be-e3e85abac34b,c8fe3ccd-c8b8-d9c6-ed30-49cf43e458fc,654821d0-7fcd-9eb1-a7ca-d415366eb16f,1803.97,2026-08-08T04:17:34,False,,
fe7c7d6e-a8cc-4515-3862-abcfdb3437bb,d289f0ab-618a-e305-95a5-bafa431d029f,d58842de-a2bc-372f-7412-b29347294739,1357.22,2026-08-08T04:18:59,False,,
4984e0ab-7a0e-2539-8a3e-50b5938df7c1,2f32751e-5738-811d-70c2-903f7a8d03aa,1fd5a423-706c-5c56-49e2-623debd34616,269.03,2026-08-08T04:22:00,False,,
f3bd2348-854b-c8fa-344a-21b7dfff8cea,75b17a55-d426-2982-e43e-4288a2b5b498,b7b56ea7-35eb-d32d-9ad6-20ab48212ddb,2204.43,2026-08-08T04:22:44,False,,
e53dfc49-f741-0b94-d9a3-ac28e346c1b7,17dc8eff-6872-13f9-8d60-593603802b70,4d6168bd-2def-e193-5c62-b3a23a3c563e,5653.13,2026-08-08T04:26:03,False,,
beccf760-9249-ee3a-79d1-9c4e1521ad35,8b10550c-d570-4f32-702c-dd20286218b8,a0ee89ae-d453-dd32-4b0d-bb418d5288f1,1058.93,2026-08-08T04:26:49,False,,
9a9a9f1b-8345-d6d3-3d72-2c0e23ed6309,1c8eaee9-5715-bd6f-a416-1293c4c2e2e3,771ad655-cdfc-6ee0-e61e-de900267deb3,3234.94,2026-08-08T04:37:40,False,,
888e58e7-06b6-a5f4-19d4-5a552e7c77b0,2dea9493-0658-663a-698c-206fe1a47e10,ce7ae7f6-3982-0cff-4f77-a665ac3c5640,801.87,2026-08-08T04:45:47,False,,
9e5e8cfe-2a96-c526-f4ca-6e7074b799ec,7337c599-7984-4388-dc8a-ee30be6033f7,1ff49b78-8946-3e85-759c-de66bacfb3d0,1336.22,2026-08-08T04:49:36,False,,
7672cdbe-7dae-4677-877b-fb5014d0945b,715629ee-e893-be3d-7354-ea6f61607459,a7f36ae9-25c7-3c44-3e75-c3b4664fa663,2304.65,2026-08-08T04:50:47,False,,
82330e6e-b89c-96e9-5d39-b50542696d14,4d6168bd-2def-e193-5c62-b3a23a3c563e,bdd640fb-0667-1ad1-1c80-317fa3b1799d,221.21,2026-08-08T04:51:21,False,,
63fe557c-25d4-ec19-51fc-4c232586dcd1,44656d6b-81fb-18b3-c9a7-d91fef2ae713,96fc734d-a003-cd28-ca8f-3653c9af18f8,3229.39,2026-08-08T05:10:53,False,,
faed5777-6af3-1899-014c-c3a1e5f3d466,969b6662-0562-8059-568c-c69b1064005c,bd1531c8-3764-fbda-3108-d4482f65fafa,1092.69,2026-08-08T05:33:44,False,,
d14170c1-ca97-8f1d-6f33-9c5e03923cfa,382c043f-7cfc-9b79-3875-394ce5d6f6e6,458f1f19-3c07-c574-4925-7af1b6aae05b,1427.22,2026-08-08T06:02:41,False,,
7fe5a4b6-6be8-c756-2d36-226c027e789c,913e4de2-e0c5-3cb8-3da9-c2a90ed42f1a,61985d54-cfb8-7e6f-e9d6-8f23b489d070,6325.03,2026-08-08T06:14:10,False,,
9d6022c5-e6cf-cbd8-79d2-90012d6b8a4e,93b7a886-12f7-0c97-7de3-1a516694c343,e3e9de99-f10c-718b-1eb0-e38a675dd5af,407.64,2026-08-08T06:15:05,False,,
69b88f33-3c5d-815e-1f79-260c9020dde2,560c95ee-638c-254c-076e-2bba7c5308bf,8ae8905b-54b4-a482-6858-6eba6a34c854,2839.69,2026-08-08T06:42:51,False,,
362387b4-9be9-ec86-1b32-06f006897b1c,dd750e98-90e0-b95f-0212-b554464458b4,2053da42-f1af-db65-b289-f2244ac9778d,181.08,2026-08-08T06:50:10,False,,
b648be8a-c4e7-75b9-2dca-365a2504fd28,46d483f3-d450-281c-6c6f-7633a2607723,988c24c9-61b1-cd22-6280-1c4510435a10,653.74,2026-08-08T06:52:01,False,,
5ce9a3d3-10e6-e383-d736-b50e4ebc5f60,f6802cdb-77e4-90c7-1d7b-c313cde22f1c,b386f7a4-c991-603f-28c1-3091444d610b,1349.2,2026-08-08T07:27:54,False,,
bd0c1656-de37-3877-3ee6-187277f4d7f9,9f4c3b79-fb10-987f-20ac-3703eb67146a,a0ee89ae-d453-dd32-4b0d-bb418d5288f1,1008.85,2026-08-08T07:33:31,False,,
fcb896bb-68c0-cbef-57b9-36b03346a332,8dfa6a56-d12d-bc9a-aaf9-15310200b1f0,a6348e78-4d5c-55c7-b379-cb1ee8cda0cc,421.77,2026-08-08T07:40:10,False,,
fae45d7c-a1b1-087e-fa4c-b5590ecc9ff5,969b6662-0562-8059-568c-c69b1064005c,c29cfc0c-fa02-eaec-96ef-2ad6b97e6703,490.94,2026-08-08T07:52:18,False,,
0f79a8a7-5f8a-14bd-74bd-0c938177b661,474a493b-3ced-df2d-839f-bc501223b513,787f2425-dbcc-c477-09e9-db0adf465290,9357.6,2026-08-08T07:57:44,False,,
ccddd6b3-0c07-e0e3-8669-5d3187d2e18f,b8a6171f-1ee3-4dc4-3b04-8a8b405bfdc9,988c24c9-61b1-cd22-6280-1c4510435a10,1083.46,2026-08-08T08:49:34,False,,
3332d3ab-92f7-7072-4c81-cd7296fdad96,61ee6c5b-deef-580f-9c07-a75114374509,8b8148f6-b38a-088c-a65e-d389b74d0fb1,1975.45,2026-08-08T08:49:40,False,,
085e0518-2d75-6dd3-78a1-18df0088ca76,a2a9d4d8-102e-fde5-a5cc-8bf738ab854c,1a3d1fa7-bc89-60a9-23b8-c1e9392456de,154.06,2026-08-08T08:57:43,False,,
06b4ed27-2f4b-8be8-21ac-fdb51b555f6d,44656d6b-81fb-18b3-c9a7-d91fef2ae713,47229389-571a-a876-6c30-7511b2b9437a,1128.13,2026-08-08T09:02:34,False,,
dbb93bf6-6c8c-4bac-9c13-0aa7f4836de8,3d85de89-c217-1429-8e20-07247d137018,336749b5-2cf6-bf75-6a5e-6920bf5ae7e6,2662.14,2026-08-08T09:09:08,False,,
9341dd73-a5d8-d541-2e82-2ce612b1d17e,9b49bd26-df57-c59a-8715-a10343dac043,2d06e8cf-3805-f907-6cd6-6193c7468f59,2252.41,2026-08-08T09:19:55,False,,
378a8ba6-e608-d6d3-1d62-c6b55d697934,787f2425-dbcc-c477-09e9-db0adf465290,988c24c9-61b1-cd22-6280-1c4510435a10,6892.46,2026-08-08T09:29:45,False,,
ebc1bb52-82e4-dd4a-143a-c1c54f560ed5,ad64b56c-610f-aa3f-f0bb-ac67aa38d0a1,07a0ca6e-0822-e8f3-6c03-1199972a8469,257.73,2026-08-08T09:53:08,False,,
4d15f7d8-0261-c87a-a15c-159aaf8ca888,2dea9493-0658-663a-698c-206fe1a47e10,0a4c9f7f-9384-ec2b-44fe-acaed248a9a7,456.86,2026-08-08T10:24:21,False,,
24f7e239-394d-9156-5c31-d125e123433f,770c7798-37cc-863b-f2a0-345990604f62,3dc98290-15ea-bb27-30e9-12f2f2b43abf,418.32,2026-08-08T10:25:06,False,,
21b3b264-d9d7-6878-def4-2b392d49d235,5913f9d3-7852-99f4-175b-a98df8140102,6dadd6c7-95a7-6d79-bf3c-4c06434308bc,414.24,2026-08-08T10:28:52,False,,
510e641f-fe67-e8e9-0a88-e6ca1dee4b6d,46d483f3-d450-281c-6c6f-7633a2607723,1a2a73ed-562b-0f79-c374-59eef50bea63,550.49,2026-08-08T10:49:21,False,,
b62b9f62-8ced-48ea-6b0f-fa793113b13a,db20a56e-dc81-5fe7-ceda-8bbb71710434,8b8148f6-b38a-088c-a65e-d389b74d0fb1,2193.18,2026-08-08T11:02:28,False,,
a8d791b6-b52c-4358-d4a8-b45a75d1d776,a56c0941-fbf2-4050-a748-dbcfac619e63,07a0ca6e-0822-e8f3-6c03-1199972a8469,1030.1,2026-08-08T11:09:41,False,,
7ce34563-2036-3a73-1b7e-0502ca9d8831,6f962882-95d8-2980-ff37-d19c2e76128b,3dc98290-15ea-bb27-30e9-12f2f2b43abf,912.34,2026-08-08T11:19:40,False,,
3802485f-214b-a540-ea04-1d0b1b0c9092,3a3c8a71-ff57-4e2b-4991-ab9bebc2026f,eb6c1016-cee6-24d0-9dac-6e8345241ea6,1240.42,2026-08-08T11:25:18,False,,
bc633d6c-6eaf-0a90-cd14-eacb7da80631,902059e4-ff9a-b5c2-9f04-4aed75523327,1ff49b78-8946-3e85-759c-de66bacfb3d0,1312.77,2026-08-08T11:34:47,False,,
9aea622f-e6e9-87ca-b87b-63849fddde2e,e9a1fa6f-81f7-6d1c-2dbc-2134c30ff46e,398d1ca6-8b68-70b5-1d61-fac36cd5e859,1211.54,2026-08-08T11:38:57,False,,
9d4e42f2-0f14-f86c-2b50-1ad7adb94a81,ce7ae7f6-3982-0cff-4f77-a665ac3c5640,d58842de-a2bc-372f-7412-b29347294739,1263.6,2026-08-08T11:41:16,False,,
02f865f8-2260-01c6-2023-fd4bab89736b,6e0d2648-35ce-8841-4973-2d6c4dcabfb7,988c24c9-61b1-cd22-6280-1c4510435a10,3530.86,2026-08-08T11:44:03,False,,
9b81ce24-2582-bca6-20e8-dae1b1f0ed9b,f920264c-0763-fcd0-1f15-c7b67c16128d,0c0fd195-c17a-f08a-1745-d6d87e570ddf,877.26,2026-08-08T11:56:13,False,,
70d18e9e-e435-3335-2d4b-2c1392f0ae83,2f32751e-5738-811d-70c2-903f7a8d03aa,0bbb2599-11ce-5dd2-b45e-d1f03139d32c,1020.86,2026-08-08T12:12:17,False,,
0d04dcb6-98cd-2655-5297-e1adedba9484,766ecb15-474e-bc19-2ef9-12766c006f61,8b8148f6-b38a-088c-a65e-d389b74d0fb1,8737.69,2026-08-08T12:21:42,False,,
c3f725fe-b99b-2b5a-e00d-a49deffa2002,2095eef6-8ded-f9fb-4bb0-0f20b27c4026,ae9bec36-35c7-936c-5b99-62c6e61fecc0,276.53,2026-08-08T12:43:46,False,,
c362a810-a261-1b8d-9620-bee66406face,3dc98290-15ea-bb27-30e9-12f2f2b43abf,c521bf2d-dc45-d539-c03f-3538e4855aa1,268.42,2026-08-08T13:01:38,False,,
0fa99695-09fb-4d4b-c325-4bc37845a524,8dfa6a56-d12d-bc9a-aaf9-15310200b1f0,0a4c9f7f-9384-ec2b-44fe-acaed248a9a7,914.86,2026-08-08T13:28:17,False,,
5fd639e6-85f9-70f7-5075-b7d18047c7e1,f96b648a-0ba6-eab9-4639-447b2067bdac,c2a79689-1933-918c-fa74-57616f18c108,989.05,2026-08-08T13:36:34,False,,
bd5538c7-1cc4-64ed-15f7-ef61da4ec04c,a5d04d53-1e12-42e3-f272-92b6762172ed,6dadd6c7-95a7-6d79-bf3c-4c06434308bc,2042.26,2026-08-08T13:44:34,False,,
f16c084e-6a7d-f379-cb21-aa8019d4d39a,93b7a886-12f7-0c97-7de3-1a516694c343,033d2bce-575a-ed2c-a5c5-650c8186a576,3818.99,2026-08-08T14:07:08,False,,
1e6773d7-f3aa-972b-ebf4-5b9d5e8c8bbf,336749b5-2cf6-bf75-6a5e-6920bf5ae7e6,7428a656-b3ee-4d3b-5a10-412954aebd1b,5840.5,2026-08-08T14:43:53,False,,
3ab5a9f1-b7c3-15a2-dc16-cbae654135f8,889b78d5-dbfd-d97e-aca2-b148da330aa1,b02b61c4-a3d7-0628-ece6-6fa2fd5166e6,743.58,2026-08-08T14:54:35,False,,
ab6ef8dd-5a66-9316-6641-4954c798a445,14822f53-8201-0c62-f5f5-9b220e8fa8e0,2095eef6-8ded-f9fb-4bb0-0f20b27c4026,870.5,2026-08-08T15:26:11,False,,
f71de9c5-84c2-f2c4-efb0-ce3b2cb50ab9,22bd3388-6db9-9102-a48b-3dbe157d94a1,f1eedba3-1343-2e61-1ca3-c4480279b6a6,4110.52,2026-08-08T15:28:50,False,,
25db9dbd-817f-8e3b-9a1a-59cf9b480ff5,336749b5-2cf6-bf75-6a5e-6920bf5ae7e6,787f2425-dbcc-c477-09e9-db0adf465290,579.81,2026-08-08T15:42:29,False,,
d4a39a51-c481-ea69-f83b-f029b6ac2048,82ec9f2d-fbf6-e16f-9b30-80d56fb78271,3e6dd58b-7367-c28d-e1b2-94de4767d76c,1993.01,2026-08-08T15:52:35,False,,
79c773a0-e0de-cc3d-e172-1c83ef5e4376,2a405f12-b963-f37f-6781-4c1fcc530e36,f16287e4-e9c3-49e0-3602-f8ac10f1bc81,485.02,2026-08-08T16:00:52,False,,
709ad1ab-b68c-55b2-79ac-446d4e0387ad,f36cb62b-892e-6161-be2d-740a1e9b23bc,a911d192-43bf-d931-3605-bf54a021c0ca,1399.62,2026-08-08T16:26:08,False,,
54b4a8a6-d9d2-c703-09ac-7ba5eb2873e6,3e896c64-e117-dac3-119c-4ea3e1805081,dc5c0eed-8da0-365b-f898-97b9405cacec,2785.52,2026-08-08T16:28:33,False,,
e729b06f-a5db-8ca3-5630-202155afb783,ce88cb2d-d4e8-0839-fc3e-058be0f3eab0,d4a057a7-b0cc-1b3b-9793-b9b413748146,483.35,2026-08-08T16:57:27,False,,
a79313b8-17e5-2113-4626-23bee0688849,61ee6c5b-deef-580f-9c07-a75114374509,e2817efd-ae84-9217-1d53-434bb88139b9,325.65,2026-08-08T17:13:19,False,,
3a36a26d-42c0-d1c2-de60-d544e9531b87,ef8c485b-c07a-30f2-edd4-253b50f0fd0a,faf14ff0-7b85-179a-d5b0-77e06a5d932b,8042.66,2026-08-08T17:19:07,False,,
ef29f413-7fda-e666-1b31-4321aa4e8b03,6651529e-8268-690b-a438-25b559e4b671,e3e9de99-f10c-718b-1eb0-e38a675dd5af,1286.73,2026-08-08T17:27:27,False,,
ad8ac4bc-6c24-dcaa-5660-82e1646cd3c1,1c8eaee9-5715-bd6f-a416-1293c4c2e2e3,6786d506-38ba-8abc-4b53-05e517d2582e,1318.9,2026-08-08T17:28:24,False,,
97ae50f0-8a39-068b-cbed-e473e3ebf7c1,a8b317fa-18d0-752b-1825-bc5430beb45f,a56c0941-fbf2-4050-a748-dbcfac619e63,612.97,2026-08-08T18:26:43,False,,
cfef7811-e124-c3f2-5132-fe68a1a054a9,7f2984f5-bec3-9a37-9b3d-74bde91e314e,59970043-f3b1-025b-fff9-f5850d557b61,1672.24,2026-08-08T18:40:41,False,,
97caeef5-b8a4-c19f-f105-c2d87acc7c3b,c521bf2d-dc45-d539-c03f-3538e4855aa1,fcf56188-d32e-6dcd-83bc-9478dd6ac7b8,120.08,2026-08-08T18:54:01,False,,
0463aa5e-222c-2fd2-e7a1-66d270293dbb,4d3485c5-c5c1-4eb4-b27b-3d901a16342c,598336e3-75d6-6ed4-eb1f-a9f2d10bd1d0,892.6,2026-08-08T18:56:50,False,,
3de814ac-9cea-b67b-ba82-854ac7e2a618,c2a79689-1933-918c-fa74-57616f18c108,859131d2-bbda-0242-2d17-4fc96f7c15ea,100.0,2026-08-08T19:03:46,False,,
b161fd16-e9a0-02a4-5acd-1e906fd1134e,d882b5c1-f79e-fd70-65bc-c272fadd7ea3,beb79919-3f22-faf8-23be-d01d43cf2fde,689.1,2026-08-08T19:12:59,False,,
fa60ede1-e5eb-772d-f11c-0ac58c0b393a,c1a6423b-9f64-eeed-5c9d-927d84b871bb,07a0ca6e-0822-e8f3-6c03-1199972a8469,854.94,2026-08-08T19:28:02,False,,
77617d80-549f-c34c-0171-f5a74148bd11,4d6168bd-2def-e193-5c62-b3a23a3c563e,3c19e71d-1184-05ad-9e11-d2cd0930aef6,1465.24,2026-08-08T19:29:44,False,,
d6e1ba00-257c-54bc-4024-c424aef2ab2f,78b2b549-3bdb-c09e-acc2-16a01bbc91f7,6e0d2648-35ce-8841-4973-2d6c4dcabfb7,1195.82,2026-08-08T19:30:11,False,,
9bd65068-ba8d-6f8c-fe05-fcef842c49fa,a6348e78-4d5c-55c7-b379-cb1ee8cda0cc,7656af72-29d4-beef-3eab-edcbbaa80dd4,4093.33,2026-08-08T19:38:00,False,,
a8dfe59a-2dbd-c7cf-e754-d4c302988dd2,e9a1fa6f-81f7-6d1c-2dbc-2134c30ff46e,83f4a9a9-48a6-39d0-15b5-2908a8aa7158,3248.61,2026-08-08T19:41:57,False,,
0b0b81de-3e61-2d66-05bf-06186930b0c4,b4fb0eb9-49c1-3de7-3b42-06c5085b15fb,148f8b74-a65b-b1f2-65c1-7795b15516bc,2265.99,2026-08-08T19:51:55,False,,
702805af-5806-61f1-7820-242631341ab8,6e0d2648-35ce-8841-4973-2d6c4dcabfb7,fcf56188-d32e-6dcd-83bc-9478dd6ac7b8,316.12,2026-08-08T19:58:01,False,,
b3292925-b107-094e-a932-5ae19c7060da,9b49bd26-df57-c59a-8715-a10343dac043,67f48ad5-4d0b-0d1a-91b0-e1d99d9262af,827.34,2026-08-08T19:58:08,False,,
8d8e352b-3732-8d15-69d4-45f354dd528c,dd750e98-90e0-b95f-0212-b554464458b4,b4d7e28e-271e-3ee2-b1a6-b1f1620e99d3,3374.87,2026-08-08T20:02:58,False,,
d2152070-e4ee-a1bc-7dd7-e170e0d0807c,1337739e-8d4f-5d27-2c7f-0b793d67cde9,acdabacc-1165-e210-9854-3881118a9d29,740.65,2026-08-08T20:08:03,False,,
5bf6f06d-017c-c74e-6f18-0343bf415c98,8dfa6a56-d12d-bc9a-aaf9-15310200b1f0,0bbb2599-11ce-5dd2-b45e-d1f03139d32c,836.21,2026-08-08T20:33:02,False,,
2faabe0b-b7f6-0cdf-41dc-1c60a5f60735,c1a6423b-9f64-eeed-5c9d-927d84b871bb,9b1bc895-2af4-3ab7-5e6f-ea07c4536f1d,15000.0,2026-08-08T21:19:10,False,,
ecb697a2-fe1b-e3e9-bee1-dc6577a319c6,f6802cdb-77e4-90c7-1d7b-c313cde22f1c,3b982ef8-daf6-1a26-146d-3f31fc377a4c,846.58,2026-08-08T21:22:59,False,,
1c13a1e7-6d3e-4848-54d7-a72899e305e5,766ecb15-474e-bc19-2ef9-12766c006f61,77097749-527e-ecfa-a79a-c9aa9b4e2c24,3045.39,2026-08-08T21:36:46,False,,
752caa97-b60d-f6a3-7c19-8515208b326a,e9a1fa6f-81f7-6d1c-2dbc-2134c30ff46e,eb6c1016-cee6-24d0-9dac-6e8345241ea6,3743.1,2026-08-08T21:43:32,False,,
68e0c800-9e48-2e45-e904-ee42884526f5,907bfe36-9786-48f8-64de-82e6e82c7d7b,06cb0fb3-9a1d-e644-815e-f6d13b8faa18,1308.74,2026-08-08T22:12:28,False,,
c979a0e1-7b8f-e7cf-ba2c-43ec43f84fcf,1efa2197-7394-988f-847f-d9b4e64d1bcb,894a05e4-30b1-87ef-310c-0c003fa7f104,367.99,2026-08-08T22:21:53,False,,
4a84525f-7b81-4ce1-b22a-2428711f4ae4,c29cfc0c-fa02-eaec-96ef-2ad6b97e6703,8dfa6a56-d12d-bc9a-aaf9-15310200b1f0,3671.54,2026-08-08T22:43:04,False,,
c9ac376c-fe11-230e-50fc-fdaa274b369e,22bd3388-6db9-9102-a48b-3dbe157d94a1,ae340454-cac5-b68c-28f4-9481a0a04dc4,7219.83,2026-08-08T23:07:26,False,,
bf8e8bfa-a0c9-da72-368a-cd40b8f14e3c,59970043-f3b1-025b-fff9-f5850d557b61,722764e6-8c41-561b-e827-a1b9d4a02e53,557.15,2026-08-08T23:12:34,False,,
ea4a973e-01e1-af8f-8946-5e5b26fa3d5c,8bcf53a1-bc10-fa52-bf5d-2fdf89c8d2ab,b386f7a4-c991-603f-28c1-3091444d610b,160.83,2026-08-08T23:16:57,False,,
e0222432-7ca5-1928-17dd-06916a71efda,bf1e8366-4b8e-63d4-ce76-07adf7a67b94,41357e8c-30a9-00ad-939b-462de645f129,4588.77,2026-08-08T23:16:57,False,,
aaef7529-01aa-db80-0040-1b203946ad23,4d3485c5-c5c1-4eb4-b27b-3d901a16342c,ff5e9ff0-ff50-bde4-3825-67b85cabcc97,527.97,2026-08-08T23:21:35,False,,
925b3545-a090-9a10-fb0f-79e518f67e0c,dd2467ac-778e-edb3-693d-ffbc6c6fa611,70286046-49bc-473f-ed7b-f656218a1536,434.11,2026-08-08T23:25:00,False,,
a9014e33-097e-f98d-c25a-6eb364ad1905,ce88cb2d-d4e8-0839-fc3e-058be0f3eab0,610461e3-2a25-a888-0f02-bad0e7067ef4,14468.21,2026-08-08T23:27:07,False,,
79ba547e-7b4b-caf8-6b4a-3541f123167e,2790cebd-bfdd-c3d9-9ee3-ac2af94d6204,0bbb2599-11ce-5dd2-b45e-d1f03139d32c,3596.37,2026-08-08T23:41:42,False,,
ae27d432-1dc1-e7eb-711c-767385351a69,c521bf2d-dc45-d539-c03f-3538e4855aa1,988c24c9-61b1-cd22-6280-1c4510435a10,1358.44,2026-08-08T23:41:58,False,,
19ec0829-0db5-d441-2837-f4186f27c1b9,93b7a886-12f7-0c97-7de3-1a516694c343,12e89d10-2871-1733-8bed-db12ad77e82f,2090.95,2026-08-09T00:14:08,False,,
ad261ec5-5d42-b9e9-692e-07b60b2f6d5c,1dad09b2-52c2-1221-409d-360250843242,ab9099a4-35a2-40ae-5af3-05535ec42e08,1058.04,2026-08-09T00:52:01,False,,
802a63cc-4d5e-42e8-b11c-377f40bc2b56,43d88870-f81d-baa1-c812-0a8e78308930,d58842de-a2bc-372f-7412-b29347294739,1971.13,2026-08-09T01:11:54,False,,
59ea4936-60f3-4ebc-e1bb-b8cd7e3a9f07,771ad655-cdfc-6ee0-e61e-de900267deb3,9f4c3b79-fb10-987f-20ac-3703eb67146a,3566.35,2026-08-09T01:47:53,False,,
53bf8b10-d0cc-c1a5-1b91-2adc833334f6,db20a56e-dc81-5fe7-ceda-8bbb71710434,d58842de-a2bc-372f-7412-b29347294739,794.19,2026-08-09T02:37:26,False,,
4dfa6a17-1999-1b39-180a-7e01c67736bc,a5d04d53-1e12-42e3-f272-92b6762172ed,8b8148f6-b38a-088c-a65e-d389b74d0fb1,4189.98,2026-08-09T02:55:26,False,,
45f72e6c-7b70-8f15-ebfb-c97aeefa4d76,122c9a56-01d7-4256-3860-2ab696a402f2,1a3d1fa7-bc89-60a9-23b8-c1e9392456de,174.83,2026-08-09T03:00:49,False,,
828c37e7-87d5-b7be-1d30-d990a21b0307,944528c0-0ef8-c2d6-f7fd-564637bb3eec,bb2488a3-d363-57b6-6f81-cf4f7701f7bb,188.1,2026-08-09T03:53:19,False,,
c6141017-11e1-21c7-18cc-84170067743e,80962718-2051-acef-097a-1e10f6febc0e,033d2bce-575a-ed2c-a5c5-650c8186a576,6016.22,2026-08-09T04:11:55,False,,
45f3dc5a-ad68-fb45-02de-b2e6c37a927b,944528c0-0ef8-c2d6-f7fd-564637bb3eec,654821d0-7fcd-9eb1-a7ca-d415366eb16f,1875.54,2026-08-09T04:15:44,False,,
334477eb-56b0-9052-32f7-5350f9a732dc,f42d47cc-00d4-af59-7427-3ca3287d06ca,458f1f19-3c07-c574-4925-7af1b6aae05b,2969.85,2026-08-09T04:34:36,False,,
e401461a-f5b9-2b3c-0a2c-bb1be70cf274,a56c0941-fbf2-4050-a748-dbcfac619e63,50c187fc-ce17-7b4e-0837-b8a3d261a7ab,1598.95,2026-08-09T04:43:38,False,,
9b2df807-fd22-5cba-4269-f091eaedeed7,6e0d2648-35ce-8841-4973-2d6c4dcabfb7,e8dd5e5a-1712-fb16-21a4-344fbb7bee03,2041.77,2026-08-09T05:16:22,False,,
77d468ea-e0bd-d765-56d4-4952ee29e80e,859131d2-bbda-0242-2d17-4fc96f7c15ea,6efb63b1-1b04-9863-7d7d-dbedd284476c,2927.09,2026-08-09T05:54:31,False,,
24bb8796-09d6-8cdc-5ed0-b58c52581086,fcf56188-d32e-6dcd-83bc-9478dd6ac7b8,e2817efd-ae84-9217-1d53-434bb88139b9,3352.29,2026-08-09T05:57:56,False,,
1b87a428-7d88-3d25-fe54-c772d2fe2d04,969b6662-0562-8059-568c-c69b1064005c,e4429ebb-da7b-9095-63d6-2a39c0e3befd,842.65,2026-08-09T05:59:16,False,,
205474fa-1eb1-dc0c-75f0-06c0955d3078,9ef2b93e-30ac-7d7b-a2f9-63a33810ae66,8dfa6a56-d12d-bc9a-aaf9-15310200b1f0,4084.34,2026-08-09T06:27:31,False,,
8e44f2f8-3de8-a4cd-6e15-c527fe2a0cbc,f6802cdb-77e4-90c7-1d7b-c313cde22f1c,bd1531c8-3764-fbda-3108-d4482f65fafa,413.84,2026-08-09T06:32:34,False,,
27dc3b65-62bb-f84c-95d1-2c70d5b07c12,894a05e4-30b1-87ef-310c-0c003fa7f104,e9ff1cae-41c8-ca8c-2a1f-955ad499da99,790.06,2026-08-09T06:37:02,False,,
5a2615f8-9810-b8c1-027d-eb45da6415b5,1497d658-7010-f719-7e69-5d0d8a3c3b5e,ff5e9ff0-ff50-bde4-3825-67b85cabcc97,804.96,2026-08-09T06:54:33,False,,
ce5b961f-585d-4011-2e40-8d5763ba6c3d,b24445a7-b7e5-8481-31c6-81ec935f2b0a,ff5e9ff0-ff50-bde4-3825-67b85cabcc97,946.15,2026-08-09T06:56:06,False,,
1bd4a24e-66bc-6735-f605-070bea732391,ccc56569-f9e8-a369-2999-b735dd56cc94,0bbb2599-11ce-5dd2-b45e-d1f03139d32c,5314.1,2026-08-09T07:31:08,False,,
7dc63851-d46a-537b-bc0b-55fe5713412e,f264accc-79ac-1b1e-a8e5-6e0c20de435d,72bb912d-7da6-7785-b63b-4dc3a559e463,687.8,2026-08-09T07:57:04,False,,
db964db1-3c76-86e5-2f41-87bc1493794a,d1843324-17e8-392a-55ce-e5db9e87e04c,ce7ae7f6-3982-0cff-4f77-a665ac3c5640,612.31,2026-08-09T08:28:27,False,,
a731d6f3-9485-3923-6223-733d192bb3bc,5283aac7-bc0a-6a5d-6e99-6e3ee3b137fc,d47d577b-fa5a-91ca-059d-d55d4b943e30,12241.85,2026-08-09T08:42:35,False,,
1847d750-378c-e7b7-2f14-b369f22fdeb8,b7b56ea7-35eb-d32d-9ad6-20ab48212ddb,c4b032cc-d7c5-24a5-5304-317faf42e12f,1471.77,2026-08-09T09:18:11,False,,
9383f86d-b3ed-d6ed-b089-4de4e6267164,a9597663-6daa-2e68-8861-fe1858e25888,ae340454-cac5-b68c-28f4-9481a0a04dc4,464.82,2026-08-09T09:26:45,False,,
2fe5b140-23ea-7956-49f1-137d7d592e19,ff233d5f-6ced-d15d-5800-7c0287ea7ff5,cf36d58b-4737-8190-96da-1dac72ff5d2a,2472.2,2026-08-09T09:49:59,False,,
7d2d93e8-b40b-7288-b24d-2a35e5304b87,ce88cb2d-d4e8-0839-fc3e-058be0f3eab0,ff233d5f-6ced-d15d-5800-7c0287ea7ff5,1190.14,2026-08-09T10:11:02,False,,
6c726915-d52a-85c8-6579-dc2202c837b6,859131d2-bbda-0242-2d17-4fc96f7c15ea,46d483f3-d450-281c-6c6f-7633a2607723,1723.95,2026-08-09T10:14:08,False,,
bcf474aa-ce63-cb1a-5168-bbf297af5bde,093923de-8bab-ce3b-2628-6bfbe767dcea,1d870966-0710-d430-f071-d87954c63cd8,3781.27,2026-08-09T10:23:21,False,,
0ec0ad4b-d644-1a9d-3362-d476d53ae57f,8f5486b7-c7b5-b2bc-5a8a-aeca1a50aec3,dc5c0eed-8da0-365b-f898-97b9405cacec,645.32,2026-08-09T10:25:07,False,,
8e52fc42-73c3-74a6-dac7-26b667863fb3,a56c0941-fbf2-4050-a748-dbcfac619e63,e9ff1cae-41c8-ca8c-2a1f-955ad499da99,602.21,2026-08-09T10:34:14,False,,
221a7c4e-60ac-4a64-7313-1038b2dfb075,a7f36ae9-25c7-3c44-3e75-c3b4664fa663,506e5a9a-b758-588d-ab73-295b344a54b8,1681.08,2026-08-09T10:48:10,False,,
65dec4ed-915f-bbf9-53cf-ff732384bb95,27a0c3d7-7c96-7f79-b7e9-9acaa97065e1,c4b032cc-d7c5-24a5-5304-317faf42e12f,5019.1,2026-08-09T10:58:29,False,,
86ad8a8c-6bc4-123e-bde1-3c1b20733f6d,f2e9702d-11e9-cdaa-6e69-81a35d3d9e56,c0e9ab30-ed26-62e9-17e0-11b7f8102383,161.86,2026-08-09T11:00:41,False,,
e1c6a7c2-41d8-93a5-ffc7-aba263719357,dc322c97-39c1-e262-f76c-8edec1101266,d882b5c1-f79e-fd70-65bc-c272fadd7ea3,421.09,2026-08-09T11:08:10,False,,
902a73ae-b81e-1682-a7eb-40085a13f4bb,96fc734d-a003-cd28-ca8f-3653c9af18f8,8b8148f6-b38a-088c-a65e-d389b74d0fb1,890.59,2026-08-09T11:18:12,False,,
cd3566ef-5c37-0739-4a62-9c5eda2cf852,61ee6c5b-deef-580f-9c07-a75114374509,766ecb15-474e-bc19-2ef9-12766c006f61,462.21,2026-08-09T11:32:32,False,,
b20507bb-fb16-f757-76f1-86abaf475b49,43d88870-f81d-baa1-c812-0a8e78308930,ff5e9ff0-ff50-bde4-3825-67b85cabcc97,253.78,2026-08-09T11:59:37,False,,
bbb5e037-9e23-faf9-e664-14db2df8d4a8,907bfe36-9786-48f8-64de-82e6e82c7d7b,1a2a73ed-562b-0f79-c374-59eef50bea63,516.25,2026-08-09T12:02:12,False,,
ac273009-ec1a-86d3-5683-0783d5759337,8f5486b7-c7b5-b2bc-5a8a-aeca1a50aec3,2d06e8cf-3805-f907-6cd6-6193c7468f59,1295.24,2026-08-09T12:37:21,False,,
44b0c797-5fe1-271f-da3c-3beb57b6b27c,44656d6b-81fb-18b3-c9a7-d91fef2ae713,6dadd6c7-95a7-6d79-bf3c-4c06434308bc,279.13,2026-08-09T12:56:48,False,,
e5199bd9-6c5b-07b6-f127-f7bd78623252,6e0d2648-35ce-8841-4973-2d6c4dcabfb7,b02b61c4-a3d7-0628-ece6-6fa2fd5166e6,1192.52,2026-08-09T12:59:22,False,,
58fae8c7-1d10-b6f6-a91d-ecb251a3d21b,f6f7f0cc-29ec-8e49-d1bd-b8c0c71d5e60,bf1e8366-4b8e-63d4-ce76-07adf7a67b94,1199.4,2026-08-09T13:16:53,False,,
f3914a36-48a4-36ae-83a2-a06f7bb8373c,2d06e8cf-3805-f907-6cd6-6193c7468f59,eb6c1016-cee6-24d0-9dac-6e8345241ea6,487.43,2026-08-09T13:40:28,False,,
39323a07-2ec3-f8e0-4d62-00500b3b5efa,22f235f2-e11b-868d-bf0d-073d821c1336,3b982ef8-daf6-1a26-146d-3f31fc377a4c,224.53,2026-08-09T13:47:26,False,,
c5e3be15-f1dc-5270-4780-2d60968c77f1,bb2488a3-d363-57b6-6f81-cf4f7701f7bb,1dad09b2-52c2-1221-409d-360250843242,3247.97,2026-08-09T13:53:46,False,,
e27bb6c4-4d94-5434-c785-9c05dc409942,ff233d5f-6ced-d15d-5800-7c0287ea7ff5,398d1ca6-8b68-70b5-1d61-fac36cd5e859,3072.61,2026-08-09T14:04:03,False,,
eae6c3da-5f2d-38b8-3a76-9378d39a3c87,53f8382b-8fb8-64e4-f173-8856e25d36eb,3b982ef8-daf6-1a26-146d-3f31fc377a4c,3684.7,2026-08-09T14:17:14,False,,
43b93b02-7089-8400-b293-2bfb42650798,d289f0ab-618a-e305-95a5-bafa431d029f,1ff49b78-8946-3e85-759c-de66bacfb3d0,1096.86,2026-08-09T14:21:01,False,,
20dda0ff-d0b3-d752-bb01-b2a52c745800,badcc32a-c159-0f53-8a0f-4efbedcd465e,d52721e7-19bc-143e-fb02-bebb48729a4d,615.91,2026-08-09T14:27:20,False,,
eab10bcf-64c4-0063-ad68-53c64cd3a6a4,ce9e1a11-fcbb-4e59-fbdd-cf7c9c96e9ec,715629ee-e893-be3d-7354-ea6f61607459,2468.58,2026-08-09T14:29:39,False,,
ee4f72dc-e165-6eaf-7f9a-3ca77940964f,11b7e948-d0e6-e660-7c69-dee1bb5e4bcf,87e5f0fe-5da8-d6d2-f8b3-8a8be05fb8bc,7362.37,2026-08-09T14:44:18,False,,
07c478ba-71f2-7f0f-d1a9-af91d079fe4e,eb6c1016-cee6-24d0-9dac-6e8345241ea6,8b8148f6-b38a-088c-a65e-d389b74d0fb1,240.36,2026-08-09T14:47:35,False,,
06dee37b-7d15-c353-9a76-0ea9b063e9a0,ccf3a171-56dc-8907-ba6c-34ab6712303a,ae340454-cac5-b68c-28f4-9481a0a04dc4,598.47,2026-08-09T14:57:39,False,,
92a54d04-f2dd-e1f5-b3b6-d344f2e3c6f0,69ca97d2-7644-14fd-8ae7-69edde8ede0b,122c9a56-01d7-4256-3860-2ab696a402f2,356.15,2026-08-09T15:02:42,False,,
b5d9ad36-5287-964d-a30a-6658b1be6df2,11b7e948-d0e6-e660-7c69-dee1bb5e4bcf,3d85de89-c217-1429-8e20-07247d137018,1952.9,2026-08-09T15:10:00,False,,
f7f80118-2aed-0848-639a-851f57e5d468,969b6662-0562-8059-568c-c69b1064005c,336749b5-2cf6-bf75-6a5e-6920bf5ae7e6,1339.18,2026-08-09T15:16:00,False,,
615ab341-9d06-5ae8-4358-ce3fb01f90e7,894a05e4-30b1-87ef-310c-0c003fa7f104,22bd3388-6db9-9102-a48b-3dbe157d94a1,1038.06,2026-08-09T15:31:08,False,,
bc106ec9-f1ee-f895-d061-76b30abc36fc,bf1e8366-4b8e-63d4-ce76-07adf7a67b94,2260e70f-e0cc-edc5-f05d-b76e1a84a51a,741.26,2026-08-09T15:52:10,False,,
2a2e1e6a-1bff-56f4-13b2-d1abf4e580aa,6e0d2648-35ce-8841-4973-2d6c4dcabfb7,f6802cdb-77e4-90c7-1d7b-c313cde22f1c,574.25,2026-08-09T16:19:51,False,,
801e5901-1f16-a10e-5668-5b027387d896,ef8c485b-c07a-30f2-edd4-253b50f0fd0a,faf14ff0-7b85-179a-d5b0-77e06a5d932b,1240.84,2026-08-09T16:30:56,False,,
016f2931-fa1b-1bac-fe49-95a4112a0ef5,b7b56ea7-35eb-d32d-9ad6-20ab48212ddb,658b2523-6014-1de9-f54a-d0a2e87466d7,1357.36,2026-08-09T16:48:47,False,,
3db02235-261e-2555-863e-1f2a18a806ef,f42d47cc-00d4-af59-7427-3ca3287d06ca,9b689c88-3ae9-09fe-cc82-18dac696f5e6,565.78,2026-08-09T16:51:39,False,,
4b851e26-21f3-eb6f-3298-d7583585ac00,2790cebd-bfdd-c3d9-9ee3-ac2af94d6204,f84f16b3-a79f-bfaf-def5-768968f45bce,469.45,2026-08-09T17:00:22,False,,
de7a69b4-4271-4418-46b1-654ac96782fb,bcae8081-bdf0-70aa-f0b5-156bb82c9074,6232b17a-2507-4181-8d1f-b54074eff545,985.06,2026-08-09T17:29:12,False,,
fab0a15d-4a5d-6cea-b565-f64e3b93a53f,771ad655-cdfc-6ee0-e61e-de900267deb3,cfa701cd-2631-d00b-26d7-94d30db95301,2934.59,2026-08-09T17:36:25,False,,
d4e99a65-022b-7e76-ac3c-be3402b53d3d,74962764-12a4-def0-c4bb-b7a9d98868dd,6786d506-38ba-8abc-4b53-05e517d2582e,544.51,2026-08-09T17:37:05,False,,
e29ff19c-29b5-0942-4f66-a91405635b30,9b49bd26-df57-c59a-8715-a10343dac043,67f48ad5-4d0b-0d1a-91b0-e1d99d9262af,5567.37,2026-08-09T18:11:20,False,,
53f28f11-147f-6570-1a43-db54523ae993,72bb912d-7da6-7785-b63b-4dc3a559e463,7922bac2-82dc-4c8e-36b5-229aacf5e81e,491.63,2026-08-09T18:14:49,False,,
19474d1a-63d3-16c1-4c4b-52aa0ef9f903,1c8eaee9-5715-bd6f-a416-1293c4c2e2e3,49c8a43f-7ed7-0ed7-b194-990b6961929e,11151.5,2026-08-09T19:24:49,False,,
299152e6-c95b-c917-1c01-160cecc9d15a,458f1f19-3c07-c574-4925-7af1b6aae05b,75a66981-4104-a8b5-a34d-b7c5760debbb,4535.1,2026-08-09T19:35:47,False,,
b9644e4f-2aef-cf3b-43b7-a0ef82c41c54,715629ee-e893-be3d-7354-ea6f61607459,654821d0-7fcd-9eb1-a7ca-d415366eb16f,4210.85,2026-08-09T19:54:37,False,,
f1901b7e-c6b4-69ef-b74e-ba9310275b53,fb16e5db-a6ea-b79e-d21c-82f8cada4f80,ce9e1a11-fcbb-4e59-fbdd-cf7c9c96e9ec,1474.57,2026-08-09T20:22:09,False,,
ee3ada8b-84f9-00cb-42d7-57a83181b49e,85d51695-90b2-b633-956b-8c0ca8499b92,f16287e4-e9c3-49e0-3602-f8ac10f1bc81,2970.75,2026-08-09T20:30:07,False,,
16dc5a6e-a789-0770-55ec-024ae64b9b37,87e5f0fe-5da8-d6d2-f8b3-8a8be05fb8bc,654821d0-7fcd-9eb1-a7ca-d415366eb16f,1951.9,2026-08-09T21:17:24,False,,
3ee1db8e-5fff-e8e6-7f38-7ce2cf407865,12e89d10-2871-1733-8bed-db12ad77e82f,f16287e4-e9c3-49e0-3602-f8ac10f1bc81,895.18,2026-08-09T21:18:04,False,,
496d036a-8092-189b-77fa-7bbccc68753e,59970043-f3b1-025b-fff9-f5850d557b61,0bbb2599-11ce-5dd2-b45e-d1f03139d32c,340.39,2026-08-09T21:19:56,False,,
41a9edd3-bd76-bb2f-f189-6bad2ad88bca,3dc98290-15ea-bb27-30e9-12f2f2b43abf,c521bf2d-dc45-d539-c03f-3538e4855aa1,283.53,2026-08-09T21:37:41,False,,
be209925-a724-27a6-b8ba-61b841c17233,e9ff1cae-41c8-ca8c-2a1f-955ad499da99,288b78b5-b5b4-53ca-3d42-993ccc9fd334,2144.11,2026-08-09T22:17:39,False,,
b25c5b50-9794-b389-37c2-3f279267e7e6,122c9a56-01d7-4256-3860-2ab696a402f2,d89a40c0-e87d-1c78-e7c4-21c740497b71,1696.9,2026-08-09T22:27:10,False,,
abc836cf-f798-bd22-1eb6-d3f0948841cb,80962718-2051-acef-097a-1e10f6febc0e,980402a2-b07a-a066-7354-35ea68949b8d,513.74,2026-08-09T22:47:33,False,,
3f800385-ef92-40b6-52d7-8f107a3a6e96,78b2b549-3bdb-c09e-acc2-16a01bbc91f7,8b8148f6-b38a-088c-a65e-d389b74d0fb1,375.82,2026-08-09T23:17:08,False,,
4dea5200-5593-83cf-5d13-a9067dc4f12b,41357e8c-30a9-00ad-939b-462de645f129,87e5f0fe-5da8-d6d2-f8b3-8a8be05fb8bc,526.06,2026-08-09T23:21:15,False,,
7d929cc0-91d5-1b06-3059-1fbc2d1594cb,80962718-2051-acef-097a-1e10f6febc0e,0e5dd462-cbd0-0ef2-530a-37df0bc61066,1239.76,2026-08-09T23:34:23,False,,
660f475f-9ac8-8b74-0bb5-c276abe377f3,2095eef6-8ded-f9fb-4bb0-0f20b27c4026,859131d2-bbda-0242-2d17-4fc96f7c15ea,1597.84,2026-08-10T00:22:18,False,,
5f25210e-a82e-2d61-3716-4f3112988e9c,c40c5d91-46fd-e062-a33d-c7afd701410d,587ef344-6f3f-920c-98b8-e4cc1bc044fc,987.87,2026-08-10T00:36:23,False,,
11186c1a-8540-02b0-2aa8-2f4e4fc4e8cd,f7860b50-11c5-8ef0-dd46-3c09475287aa,d58842de-a2bc-372f-7412-b29347294739,2218.32,2026-08-10T00:43:44,False,,
836a5887-0a5a-2698-17cb-67b86d0f74e6,04f64d86-7866-0765-14f7-ce8dd5bcb8d0,19675f06-bd76-7e35-f5c9-b0479c10c572,407.63,2026-08-10T01:07:13,False,,
80ab4b7f-2e96-8660-7c89-617d32b1792b,5913f9d3-7852-99f4-175b-a98df8140102,ce9e1a11-fcbb-4e59-fbdd-cf7c9c96e9ec,14789.65,2026-08-10T01:10:18,False,,
4376bff9-dd3a-0936-1d71-f339c44842af,82ec9f2d-fbf6-e16f-9b30-80d56fb78271,580d7b71-d8f5-6413-5be6-128e18c26797,229.86,2026-08-10T01:42:28,False,,
08dec921-260c-b547-e228-0fe3722dce13,2095eef6-8ded-f9fb-4bb0-0f20b27c4026,ad64b56c-610f-aa3f-f0bb-ac67aa38d0a1,615.91,2026-08-10T02:02:48,False,,
f562037b-78aa-16ea-44f7-f01a3cb526d7,6786d506-38ba-8abc-4b53-05e517d2582e,580d7b71-d8f5-6413-5be6-128e18c26797,778.46,2026-08-10T02:02:54,False,,
9aa33580-fb70-8dd7-bf3d-5023140642a8,b386f7a4-c991-603f-28c1-3091444d610b,eededb07-e623-a689-5d59-cd2a4eea04e7,222.96,2026-08-10T02:05:39,False,,
5c508720-f982-f4e0-8603-156a15eacbcf,9854ce4e-4ebf-a5c3-cae9-b4a72a79ea68,654821d0-7fcd-9eb1-a7ca-d415366eb16f,1208.43,2026-08-10T02:14:11,False,,
360496b6-6e02-5590-0f32-fb393ce7c807,6efb63b1-1b04-9863-7d7d-dbedd284476c,b02b61c4-a3d7-0628-ece6-6fa2fd5166e6,688.28,2026-08-10T02:30:41,False,,
54beb7e0-7566-6394-89a8-c57d1806699f,ccc56569-f9e8-a369-2999-b735dd56cc94,0a4c9f7f-9384-ec2b-44fe-acaed248a9a7,1097.96,2026-08-10T02:39:23,False,,
972c8583-d062-00e3-356a-d6515727bd83,a9597663-6daa-2e68-8861-fe1858e25888,06cb0fb3-9a1d-e644-815e-f6d13b8faa18,9613.68,2026-08-10T02:56:22,False,,
3e2613ab-a98c-b9cf-f25f-3382dbad54e6,2e183554-cae2-8e66-ae8a-781390e0a95b,9854ce4e-4ebf-a5c3-cae9-b4a72a79ea68,1412.57,2026-08-10T03:02:12,False,,
d34d09ae-d2e1-06a4-0d6c-659989aae145,7337c599-7984-4388-dc8a-ee30be6033f7,dc322c97-39c1-e262-f76c-8edec1101266,2193.99,2026-08-10T03:18:51,False,,
cd5fe3f4-23a7-b39d-c971-d849e3fb1c48,6232b17a-2507-4181-8d1f-b54074eff545,50c187fc-ce17-7b4e-0837-b8a3d261a7ab,3727.78,2026-08-10T03:26:48,False,,
d4d7b0ca-b08d-1676-9d09-a4048f040721,5260001e-eecf-67d2-7491-76f46090d697,dc5c0eed-8da0-365b-f898-97b9405cacec,4359.41,2026-08-10T03:31:17,False,,
3ff93134-650e-78e4-6fe6-33f18f807d8b,9f4c3b79-fb10-987f-20ac-3703eb67146a,dc5c0eed-8da0-365b-f898-97b9405cacec,231.22,2026-08-10T03:42:04,False,,
77a7aed0-fb5f-5290-b11c-7dffb1dd348c,9854ce4e-4ebf-a5c3-cae9-b4a72a79ea68,d4a057a7-b0cc-1b3b-9793-b9b413748146,4869.4,2026-08-10T04:36:54,False,,
9b81b898-8791-6cbe-46a3-110a98139b31,560c95ee-638c-254c-076e-2bba7c5308bf,093923de-8bab-ce3b-2628-6bfbe767dcea,594.8,2026-08-10T04:43:29,False,,
02ab8565-99a2-186f-40e0-7e0f7cfbc186,dfcaf0b7-19b1-7e80-dea4-ae1754fd9ad3,44656d6b-81fb-18b3-c9a7-d91fef2ae713,185.63,2026-08-10T04:46:45,False,,
f05d45c7-6522-e8b9-8aad-0665ef30141d,715629ee-e893-be3d-7354-ea6f61607459,cd5f4822-6966-08aa-ee49-f329c84a7b28,853.35,2026-08-10T04:50:19,False,,
516546ca-5fcf-3219-b1c1-2d4b60d16c16,81f631d4-a392-31a7-d777-a4774c66e0a8,8e485223-46b9-8991-e14e-b70db380c73a,2791.46,2026-08-10T04:56:52,False,,
bb7eb979-52dc-bffd-5900-8d658b2ab759,f36cb62b-892e-6161-be2d-740a1e9b23bc,cf36d58b-4737-8190-96da-1dac72ff5d2a,503.56,2026-08-10T05:06:17,False,,
74685b98-d2fe-2fde-d918-b3e5f2f25eef,d882b5c1-f79e-fd70-65bc-c272fadd7ea3,43e42caf-8181-a8cc-3691-47eb89a2688b,5319.92,2026-08-10T05:08:34,False,,
277529a2-8d2c-fe83-c407-26547f5f61aa,2e8d0e87-5334-20e6-d9d8-0b8d7e8adee7,654821d0-7fcd-9eb1-a7ca-d415366eb16f,3069.15,2026-08-10T05:12:50,False,,
badf9397-ecf2-6429-b8d7-7d2f8dda4ff2,2a405f12-b963-f37f-6781-4c1fcc530e36,7135f221-a6c9-537f-84da-d06a7872bdeb,4309.73,2026-08-10T05:20:51,False,,
132b4f36-1940-4d24-eced-9c30721df83c,8f5486b7-c7b5-b2bc-5a8a-aeca1a50aec3,beb79919-3f22-faf8-23be-d01d43cf2fde,1166.4,2026-08-10T05:52:16,False,,
9a591974-9adf-4709-ac75-c344608e149e,c0e9ab30-ed26-62e9-17e0-11b7f8102383,580d7b71-d8f5-6413-5be6-128e18c26797,674.95,2026-08-10T05:55:37,False,,
0be7728e-6a1a-ba9d-c1d4-8a101b968925,0964fbbf-8cd3-21b0-c2b0-1cfdd045dd1c,76f2dbfe-cd29-a36f-2222-82e174daaebf,1149.86,2026-08-10T06:02:25,False,,
137b41c2-5f71-31e1-e05e-ad1cbde9a6a8,6502d6a2-ca6a-2224-171e-16cc5da36f1b,610cf373-4299-9aa4-0cdf-742b2e85cb21,594.53,2026-08-10T06:16:52,False,,
7957595f-25ee-2f0f-76a3-0eb0c50c71f4,14822f53-8201-0c62-f5f5-9b220e8fa8e0,1ff49b78-8946-3e85-759c-de66bacfb3d0,713.79,2026-08-10T06:25:53,False,,
a1701e8e-1b55-2618-e57e-72d363dde733,83f4a9a9-48a6-39d0-15b5-2908a8aa7158,7135f221-a6c9-537f-84da-d06a7872bdeb,6950.97,2026-08-10T06:32:05,False,,
dda4f4a7-0c3c-e284-c7e5-3bbbdcb51c53,6e0d2648-35ce-8841-4973-2d6c4dcabfb7,c40c5d91-46fd-e062-a33d-c7afd701410d,867.32,2026-08-10T06:39:05,False,,
5ec91fdc-03ad-d1a4-f481-b9cb93ab8d5e,6502d6a2-ca6a-2224-171e-16cc5da36f1b,1497d658-7010-f719-7e69-5d0d8a3c3b5e,1244.36,2026-08-10T06:42:58,False,,
89811f35-c107-50bc-e6d3-35722bf95861,dc322c97-39c1-e262-f76c-8edec1101266,67f48ad5-4d0b-0d1a-91b0-e1d99d9262af,192.54,2026-08-10T07:10:08,False,,
637b3648-d617-b9c0-a449-d64f922ddab6,9e8fc965-0a2c-827e-9832-685694340a03,ccf3a171-56dc-8907-ba6c-34ab6712303a,2929.8,2026-08-10T07:14:58,False,,
ab2d96a0-05f4-a2d0-baaf-e28be953ab78,f6802cdb-77e4-90c7-1d7b-c313cde22f1c,3e83b91f-2544-0fe0-6e41-7d475ff595ea,608.58,2026-08-10T07:18:50,False,,
a0786a1f-70d3-b5f7-68a6-9e71df223246,bcae8081-bdf0-70aa-f0b5-156bb82c9074,dc5c0eed-8da0-365b-f898-97b9405cacec,188.53,2026-08-10T07:33:43,False,,
3d980395-2621-b899-8a9d-a702660f44e6,dabac50d-ca3d-d859-c5ce-099c46b82659,d9178793-a9d3-c2e6-505c-c6869f871ce7,642.05,2026-08-10T07:44:37,False,,
ab2d2fef-f5b7-9271-a10d-b9560634caf6,14822f53-8201-0c62-f5f5-9b220e8fa8e0,c4b032cc-d7c5-24a5-5304-317faf42e12f,332.41,2026-08-10T08:02:27,False,,
2ada62ce-1890-99c9-f2be-029f15149755,a7f36ae9-25c7-3c44-3e75-c3b4664fa663,d4aac9a3-3ed8-c56c-da09-dfa052828d80,5863.12,2026-08-10T08:17:35,False,,
7327f33e-6409-e93b-5fa9-a39eee4798d4,1fd5a423-706c-5c56-49e2-623debd34616,fcf56188-d32e-6dcd-83bc-9478dd6ac7b8,867.3,2026-08-10T08:24:06,False,,
d20cd375-a5d4-53c4-a845-fee9904ada37,badcc32a-c159-0f53-8a0f-4efbedcd465e,b4d7e28e-271e-3ee2-b1a6-b1f1620e99d3,3257.61,2026-08-10T08:25:37,False,,
cd24120c-0d34-6977-d41b-d8bf64b078a7,f264accc-79ac-1b1e-a8e5-6e0c20de435d,980402a2-b07a-a066-7354-35ea68949b8d,3317.88,2026-08-10T08:27:56,False,,
227dcecc-b972-393a-5bb0-dd7660b57717,a8b317fa-18d0-752b-1825-bc5430beb45f,ffe3fa49-054f-92ff-f366-bad4964db03f,1552.44,2026-08-10T08:49:15,False,,
e327119f-d895-ccea-afe2-ff5c32a807cc,41357e8c-30a9-00ad-939b-462de645f129,f1eedba3-1343-2e61-1ca3-c4480279b6a6,809.83,2026-08-10T08:55:28,False,,
7d3e5830-3d0d-5c8f-97cb-4585ff12fe28,dd2467ac-778e-edb3-693d-ffbc6c6fa611,1dad09b2-52c2-1221-409d-360250843242,238.53,2026-08-10T08:58:09,False,,
d2c569ab-f830-aa05-d2d4-dd0555b82364,80962718-2051-acef-097a-1e10f6febc0e,cfa701cd-2631-d00b-26d7-94d30db95301,6964.69,2026-08-10T09:14:56,False,,
99487f82-1831-b802-c3c2-aee62ee94ed9,6232b17a-2507-4181-8d1f-b54074eff545,9191b363-4e2d-6645-6dc7-cac7fd72b050,922.76,2026-08-10T09:48:38,False,,
a5d274e8-8740-108c-300c-0f07c38bdbdd,8ae8905b-54b4-a482-6858-6eba6a34c854,0964fbbf-8cd3-21b0-c2b0-1cfdd045dd1c,5574.51,2026-08-10T09:51:31,False,,
52dfc152-c8e6-cd4b-4feb-aa0edbfb491a,43d88870-f81d-baa1-c812-0a8e78308930,50c187fc-ce17-7b4e-0837-b8a3d261a7ab,2597.73,2026-08-10T10:21:26,False,,
df0ff647-067a-b1d7-7059-e387b89f52d2,8eb22579-0cdb-1ca4-76ec-bdd68498e113,398d1ca6-8b68-70b5-1d61-fac36cd5e859,633.79,2026-08-10T10:25:17,False,,
a1f76e1c-c816-9e32-5263-a195f7294c21,7bb38605-da74-3152-627b-41a1ffd6f232,3e896c64-e117-dac3-119c-4ea3e1805081,1807.47,2026-08-10T10:27:59,False,,
2f592f3e-1bbd-2513-30bc-76c4e3fa6893,bf1e8366-4b8e-63d4-ce76-07adf7a67b94,cf36d58b-4737-8190-96da-1dac72ff5d2a,15000.0,2026-08-10T10:33:06,False,,
9e6eac9c-c8bc-7784-a8c9-9656bab3d9a3,87e5f0fe-5da8-d6d2-f8b3-8a8be05fb8bc,61ee6c5b-deef-580f-9c07-a75114374509,435.18,2026-08-10T10:43:39,False,,
8116e3fc-62e7-c1a6-12d2-fa0649e1cd13,464c04af-3d3f-3799-a072-95e97c0e8cd8,b02b61c4-a3d7-0628-ece6-6fa2fd5166e6,1422.09,2026-08-10T10:47:23,False,,
9a6aabb1-5cda-0385-13eb-43581ab9f662,688c7015-aab9-7e49-4f2d-479681d2c7de,06cb0fb3-9a1d-e644-815e-f6d13b8faa18,14611.49,2026-08-10T10:52:39,False,,
2182b518-18e9-ef77-64ce-45898c4a62ba,6f962882-95d8-2980-ff37-d19c2e76128b,4ca9cf07-b1aa-0f6a-2a96-e1e27194eae2,8152.61,2026-08-10T11:17:55,False,,
a72f947d-8164-62cb-8fc3-d7d3f6bd80c7,80962718-2051-acef-097a-1e10f6febc0e,db52ca58-0500-0bc6-b20d-cb6ef2311f17,478.67,2026-08-10T11:20:28,False,,
5e9a35cf-0699-576d-d288-b06ad51f03b1,e7c99b26-1141-25c6-3a9b-edd40f1259e0,12476f57-a5e5-a5ab-aefc-fad8efc89849,1065.01,2026-08-10T11:20:45,False,,
c9070c97-3385-db3b-e893-786da3fb6609,5e5ba13d-746c-db77-1fa3-82e8895ccd99,ccc56569-f9e8-a369-2999-b735dd56cc94,885.86,2026-08-10T11:39:56,False,,
2fe61a89-d059-b594-7c08-a96026c451fd,f2e9702d-11e9-cdaa-6e69-81a35d3d9e56,658b2523-6014-1de9-f54a-d0a2e87466d7,15000.0,2026-08-10T11:58:54,False,,
a37dafca-e9a6-df13-91c4-b8c675961b93,c40c5d91-46fd-e062-a33d-c7afd701410d,75b17a55-d426-2982-e43e-4288a2b5b498,1119.78,2026-08-10T13:27:15,False,,
7d4ed26e-dcd5-bfae-abb3-16a743299780,9b1bc895-2af4-3ab7-5e6f-ea07c4536f1d,ef8c485b-c07a-30f2-edd4-253b50f0fd0a,608.28,2026-08-10T13:36:29,False,,
caf3c094-b61e-d8af-4ad7-6a0d52194d62,dc322c97-39c1-e262-f76c-8edec1101266,a911d192-43bf-d931-3605-bf54a021c0ca,347.84,2026-08-10T13:40:30,False,,
6cf98cc8-a20c-9fea-a227-ac14343f5341,530f7e66-f49e-aaa3-0ef1-47f76a846c2c,f53fd2d3-4df6-7205-20ff-622c80851d53,9068.0,2026-08-10T14:04:36,True,fan_out,C_FAN_OUT_1
4d980202-3fbc-75e0-9b19-11122d2ae08e,587ef344-6f3f-920c-98b8-e4cc1bc044fc,610cf373-4299-9aa4-0cdf-742b2e85cb21,831.46,2026-08-10T14:08:47,False,,
7b03f61b-5705-a33e-52f0-2148016d0426,530f7e66-f49e-aaa3-0ef1-47f76a846c2c,9d180608-d771-8c05-b671-f1b2c9a0a9ef,8426.0,2026-08-10T14:09:27,True,fan_out,C_FAN_OUT_1
068055f3-5511-4558-fc42-43526d987038,530f7e66-f49e-aaa3-0ef1-47f76a846c2c,c1192634-cad3-e250-6a5f-09cb81a603db,9419.0,2026-08-10T14:11:19,True,fan_out,C_FAN_OUT_1
747a2ecd-df48-d6fa-ba45-e0ff9d5130ae,d4aac9a3-3ed8-c56c-da09-dfa052828d80,ae340454-cac5-b68c-28f4-9481a0a04dc4,323.53,2026-08-10T14:14:09,False,,
27ebe3a5-0af9-da16-0a16-4306e1eadd41,530f7e66-f49e-aaa3-0ef1-47f76a846c2c,dcd2dfd4-4c74-5676-478f-cedd71341dec,8012.0,2026-08-10T14:18:35,True,fan_out,C_FAN_OUT_1
52b1731b-a4df-08c5-67ad-b841227c27df,6efb63b1-1b04-9863-7d7d-dbedd284476c,47229389-571a-a876-6c30-7511b2b9437a,870.85,2026-08-10T14:40:30,False,,
2ab18038-03f8-9c7b-743d-e03ae05c1fb9,7bb38605-da74-3152-627b-41a1ffd6f232,cf36d58b-4737-8190-96da-1dac72ff5d2a,3297.63,2026-08-10T14:48:29,False,,
66aa394c-0cbe-938d-2b33-9734da119684,8a14be62-295b-4715-c333-e8615fb8d16c,6f962882-95d8-2980-ff37-d19c2e76128b,922.35,2026-08-10T14:59:48,False,,
6500f793-2238-dfc6-0a4e-3ccf48ef30ff,a53f8a28-abf3-e3fc-2181-3d25655238a6,47229389-571a-a876-6c30-7511b2b9437a,1073.45,2026-08-10T15:13:40,False,,
513f9d0f-de55-0a06-5373-56f2cc9fb7d4,530f7e66-f49e-aaa3-0ef1-47f76a846c2c,cbee2346-5d1c-153e-f6eb-cacf6c05df93,8237.0,2026-08-10T15:27:44,True,fan_out,C_FAN_OUT_1
2191990c-3c86-1a6a-f55d-b8b9129f9fa5,530f7e66-f49e-aaa3-0ef1-47f76a846c2c,56ebd83a-a1d6-0cf1-8a95-e0d84794c44d,8475.0,2026-08-10T15:28:23,True,fan_out,C_FAN_OUT_1
b6646199-ed25-459e-8f89-37fa753e9662,859131d2-bbda-0242-2d17-4fc96f7c15ea,d882b5c1-f79e-fd70-65bc-c272fadd7ea3,1919.44,2026-08-10T15:42:23,False,,
9619cf44-3ac5-524f-a3a0-51e85f5c6553,530f7e66-f49e-aaa3-0ef1-47f76a846c2c,829d03f5-567f-fe50-b4c3-13eb7e225d5c,8628.0,2026-08-10T15:49:26,True,fan_out,C_FAN_OUT_1
7d9704fe-8dca-3908-4a1a-421961bba5fb,e9a1fa6f-81f7-6d1c-2dbc-2134c30ff46e,148f8b74-a65b-b1f2-65c1-7795b15516bc,676.42,2026-08-10T16:09:06,False,,
a55990e7-4910-fade-5238-0bf24988e418,a5d04d53-1e12-42e3-f272-92b6762172ed,dc322c97-39c1-e262-f76c-8edec1101266,1015.26,2026-08-10T16:22:58,False,,
4d126ab1-3313-f36c-8de5-8a886a93716a,41357e8c-30a9-00ad-939b-462de645f129,8b8148f6-b38a-088c-a65e-d389b74d0fb1,5498.45,2026-08-10T16:26:31,False,,
1779e7d0-2f81-d4b2-14c6-9d19ed3329b7,9b689c88-3ae9-09fe-cc82-18dac696f5e6,6dadd6c7-95a7-6d79-bf3c-4c06434308bc,1943.13,2026-08-10T16:27:33,False,,
95c89b2d-7892-d145-12d2-d7e6387d5add,8ae8905b-54b4-a482-6858-6eba6a34c854,dc5c0eed-8da0-365b-f898-97b9405cacec,165.75,2026-08-10T16:57:55,False,,
ec78342e-f52d-82cc-302d-8d1fa555dfa1,74f93d17-e912-b4bf-86a4-bae41986b4b2,0c0fd195-c17a-f08a-1745-d6d87e570ddf,511.18,2026-08-10T17:05:05,False,,
c5d56016-51b3-ccf5-8843-3a3846d28109,8f5486b7-c7b5-b2bc-5a8a-aeca1a50aec3,6e0d2648-35ce-8841-4973-2d6c4dcabfb7,240.87,2026-08-10T17:39:50,False,,
1bc2197e-7df7-7791-a53e-62ba2dae62c0,f264accc-79ac-1b1e-a8e5-6e0c20de435d,e4429ebb-da7b-9095-63d6-2a39c0e3befd,121.66,2026-08-10T17:47:47,False,,
e14110b6-9a92-0655-272c-74820002572a,ef8c485b-c07a-30f2-edd4-253b50f0fd0a,07a0ca6e-0822-e8f3-6c03-1199972a8469,368.56,2026-08-10T17:49:56,False,,
f6a878cc-7a11-df76-d6e7-5f73468ebdf8,ffe3fa49-054f-92ff-f366-bad4964db03f,3e83b91f-2544-0fe0-6e41-7d475ff595ea,901.03,2026-08-10T18:05:36,False,,
32b2d952-c376-37d6-72a9-dfa122ae8888,67f48ad5-4d0b-0d1a-91b0-e1d99d9262af,a0ee89ae-d453-dd32-4b0d-bb418d5288f1,1793.67,2026-08-10T18:06:10,False,,
0a167e18-290e-3e89-4b9c-22f468e5c8cd,c40c5d91-46fd-e062-a33d-c7afd701410d,beb79919-3f22-faf8-23be-d01d43cf2fde,270.81,2026-08-10T18:57:58,False,,
cc8ceba9-0662-200c-8188-de48719b2dd6,dd750e98-90e0-b95f-0212-b554464458b4,07a0ca6e-0822-e8f3-6c03-1199972a8469,4539.19,2026-08-10T19:27:42,False,,
f6939800-459f-5497-abd6-8d74063fec11,0b2c782a-6928-8e92-c68a-152fdb23aa8c,580d7b71-d8f5-6413-5be6-128e18c26797,1898.62,2026-08-10T20:09:39,False,,
f4672866-ed56-a2a0-2d54-ff2b10ee4f77,a5d04d53-1e12-42e3-f272-92b6762172ed,47229389-571a-a876-6c30-7511b2b9437a,710.17,2026-08-10T20:19:05,False,,
17576cc8-290f-b2bd-f458-5d040476fc34,3d85de89-c217-1429-8e20-07247d137018,50c187fc-ce17-7b4e-0837-b8a3d261a7ab,167.91,2026-08-10T20:40:35,False,,
16a00e13-9b80-5cc7-e271-2ff865d8350a,464c04af-3d3f-3799-a072-95e97c0e8cd8,f1578470-0182-67c4-7a1b-58066160a6b4,562.4,2026-08-10T20:43:27,False,,
bffbd93b-2b15-619e-d5bf-85f32e3f674c,2e183554-cae2-8e66-ae8a-781390e0a95b,67f48ad5-4d0b-0d1a-91b0-e1d99d9262af,1987.74,2026-08-10T21:22:01,False,,
78bb22a5-eba7-42d2-9c89-d374c66495a7,9f4c3b79-fb10-987f-20ac-3703eb67146a,859131d2-bbda-0242-2d17-4fc96f7c15ea,1761.34,2026-08-10T21:33:03,False,,
d767a0d7-e8b2-f81a-5f88-fe99a0147ab9,ce7ae7f6-3982-0cff-4f77-a665ac3c5640,560c95ee-638c-254c-076e-2bba7c5308bf,601.59,2026-08-10T21:46:00,False,,
4cb22b3d-c2d6-f712-e152-9522c1afd792,04fc6d82-7d15-4385-52fb-e43b99546eb4,9191b363-4e2d-6645-6dc7-cac7fd72b050,183.85,2026-08-10T21:52:04,False,,
77922d9e-b998-e2d3-6d1e-0d7d140296ee,1d870966-0710-d430-f071-d87954c63cd8,7656af72-29d4-beef-3eab-edcbbaa80dd4,878.97,2026-08-10T22:06:43,False,,
1e018646-2c64-f73d-8526-1ad494ed8114,9261549d-3d22-5c30-b28f-41defb140bc3,ab9099a4-35a2-40ae-5af3-05535ec42e08,586.59,2026-08-10T22:13:06,False,,
12962c6d-bd15-e59b-fef6-f9d788f47eed,4fdc6e1b-edcb-8cb6-0692-dc639424aed5,d58842de-a2bc-372f-7412-b29347294739,673.71,2026-08-10T22:47:41,False,,
a2e13d75-b2e2-f3cc-3873-335fca3f48a4,8dfa6a56-d12d-bc9a-aaf9-15310200b1f0,0c0fd195-c17a-f08a-1745-d6d87e570ddf,6853.79,2026-08-10T23:11:32,False,,
b54a31ba-4ac8-927e-ba75-1921283348ea,dd750e98-90e0-b95f-0212-b554464458b4,0bbb2599-11ce-5dd2-b45e-d1f03139d32c,911.15,2026-08-10T23:17:32,False,,
59fe1c45-abac-7bf8-2f4d-dc9b3334cd07,f264accc-79ac-1b1e-a8e5-6e0c20de435d,7bb38605-da74-3152-627b-41a1ffd6f232,757.02,2026-08-10T23:18:35,False,,
4c71b0d5-bf4d-493d-bc57-003e91f91586,ccc56569-f9e8-a369-2999-b735dd56cc94,4ab7706e-b773-50ca-eec2-59dc7f95897c,312.15,2026-08-10T23:31:18,False,,
49b9e124-a30b-d3b5-58fe-7bd2341d85cd,b4a69f3c-8d3a-ed99-711c-21c9bdc14f1f,dd81b7f5-7d59-11c6-a8f1-e091ffb8102d,1009.18,2026-08-10T23:39:50,False,,
fd063a58-aa3d-d585-eaec-f4e0e81909ce,3d85de89-c217-1429-8e20-07247d137018,c0e9ab30-ed26-62e9-17e0-11b7f8102383,385.75,2026-08-10T23:47:40,False,,
723764ba-e202-f022-6ef7-ffc37ce28b5b,bf1e8366-4b8e-63d4-ce76-07adf7a67b94,1dad09b2-52c2-1221-409d-360250843242,217.82,2026-08-10T23:48:41,False,,
60b61367-f46e-b787-ebaf-89c7319fa2f7,f920264c-0763-fcd0-1f15-c7b67c16128d,14822f53-8201-0c62-f5f5-9b220e8fa8e0,797.07,2026-08-11T00:21:56,False,,
c91ceaae-a5e0-ecfd-b96c-a7ff25a0f9e2,d6d7b3b8-3309-4d35-3f4d-f561f319c125,2260e70f-e0cc-edc5-f05d-b76e1a84a51a,490.63,2026-08-11T00:23:45,False,,
fbcf57d7-45f8-4c5d-2c1e-86bbaac016bd,db52ca58-0500-0bc6-b20d-cb6ef2311f17,f36cb62b-892e-6161-be2d-740a1e9b23bc,245.54,2026-08-11T00:32:07,False,,
ccd3af7c-af1d-cfb8-8a96-2a1194be6d9f,96fc734d-a003-cd28-ca8f-3653c9af18f8,8b8148f6-b38a-088c-a65e-d389b74d0fb1,1438.82,2026-08-11T00:53:22,False,,
702ba49f-18fd-d2b9-79e5-c9aa592a3549,6105716b-ab0e-664e-9c3e-b2d591e1aa96,cbd58bf6-1efd-76e9-ce37-14af99b49350,9256.06,2026-08-11T01:01:04,False,,
11285804-1243-161c-ae34-097ac6ac61e7,eededb07-e623-a689-5d59-cd2a4eea04e7,f84f16b3-a79f-bfaf-def5-768968f45bce,722.44,2026-08-11T01:16:27,False,,
3faf1b34-462e-27af-67b4-c8975a6f9b6b,787f2425-dbcc-c477-09e9-db0adf465290,a0ee89ae-d453-dd32-4b0d-bb418d5288f1,2103.85,2026-08-11T01:19:30,False,,
d226a8b3-b674-410d-d218-c9d6c093bfb0,f96b648a-0ba6-eab9-4639-447b2067bdac,2260e70f-e0cc-edc5-f05d-b76e1a84a51a,570.59,2026-08-11T01:21:24,False,,
a38cc35f-12bc-f090-06d6-fba776509bcd,eb6c1016-cee6-24d0-9dac-6e8345241ea6,db20a56e-dc81-5fe7-ceda-8bbb71710434,1319.07,2026-08-11T01:36:21,False,,
00b3700f-3c08-8990-54a2-70517b0ccad9,ffe3fa49-054f-92ff-f366-bad4964db03f,e2817efd-ae84-9217-1d53-434bb88139b9,1925.55,2026-08-11T01:58:51,False,,
75e8abfe-6af0-1106-e235-09a86bcfdfa4,336749b5-2cf6-bf75-6a5e-6920bf5ae7e6,3b982ef8-daf6-1a26-146d-3f31fc377a4c,1133.2,2026-08-11T02:27:18,False,,
a5accd5a-48f1-8eed-6703-7089c78cd2c3,46d483f3-d450-281c-6c6f-7633a2607723,f1578470-0182-67c4-7a1b-58066160a6b4,363.73,2026-08-11T02:35:49,False,,
32d9ec3e-6630-8af8-7044-9b5172624be8,6b8e869f-d538-5b0e-34f3-193c0ff0a55c,1a3d1fa7-bc89-60a9-23b8-c1e9392456de,697.78,2026-08-11T03:01:06,False,,
5f9c11f0-d522-1c40-4b77-cf1c418495a4,246998e8-d39e-198b-4400-7d5ae88da719,beb79919-3f22-faf8-23be-d01d43cf2fde,767.05,2026-08-11T03:02:49,False,,
df331eb0-e8ff-561f-3bc2-9d89b0333c0d,336749b5-2cf6-bf75-6a5e-6920bf5ae7e6,c521bf2d-dc45-d539-c03f-3538e4855aa1,613.97,2026-08-11T04:02:02,False,,
a6b78891-bc3d-dbfc-3216-7340bf95ff33,787f2425-dbcc-c477-09e9-db0adf465290,0c0fd195-c17a-f08a-1745-d6d87e570ddf,3053.56,2026-08-11T04:23:43,False,,
5a4b4fdb-5209-eaab-39b6-410ec2c96b28,17dc8eff-6872-13f9-8d60-593603802b70,6dadd6c7-95a7-6d79-bf3c-4c06434308bc,619.44,2026-08-11T04:25:39,False,,
9e181620-5f27-fee1-4b07-9752a93429ae,3e83b91f-2544-0fe0-6e41-7d475ff595ea,6dadd6c7-95a7-6d79-bf3c-4c06434308bc,572.85,2026-08-11T04:27:52,False,,
8d783178-c935-a278-9645-dec1840d214b,d4a057a7-b0cc-1b3b-9793-b9b413748146,6651529e-8268-690b-a438-25b559e4b671,703.96,2026-08-11T04:31:19,False,,
a1f78157-58f3-4359-a60d-a1aa005bbf73,8e485223-46b9-8991-e14e-b70db380c73a,ef8c485b-c07a-30f2-edd4-253b50f0fd0a,8582.63,2026-08-11T04:38:08,False,,
3634646c-5806-a961-b9d7-07a9e74ed0b3,288b78b5-b5b4-53ca-3d42-993ccc9fd334,70286046-49bc-473f-ed7b-f656218a1536,692.73,2026-08-11T04:43:45,False,,
69d1b037-0385-c534-b23b-be88d478f5dc,0964fbbf-8cd3-21b0-c2b0-1cfdd045dd1c,a53f8a28-abf3-e3fc-2181-3d25655238a6,2058.08,2026-08-11T04:54:23,False,,
a2307350-5047-1a3d-e3c4-43f16010ab93,f63fce41-3a9a-ca5e-1761-32ed069f14f1,d58842de-a2bc-372f-7412-b29347294739,430.33,2026-08-11T05:00:45,False,,
7a5cd426-5c1f-af7b-81c4-dda8ccbf1dfe,53f8382b-8fb8-64e4-f173-8856e25d36eb,acdabacc-1165-e210-9854-3881118a9d29,1026.46,2026-08-11T05:02:57,False,,
f2d6c18c-03a3-574a-919c-f7350b33b7a0,badcc32a-c159-0f53-8a0f-4efbedcd465e,b24445a7-b7e5-8481-31c6-81ec935f2b0a,359.05,2026-08-11T05:10:13,False,,
cf97b016-a560-c775-58cf-d9666f110436,a6348e78-4d5c-55c7-b379-cb1ee8cda0cc,beb79919-3f22-faf8-23be-d01d43cf2fde,1280.74,2026-08-11T05:26:23,False,,
9d8feee1-e12c-6678-933c-3b76473bccd4,d4f8fd72-f382-1cfd-c083-b73a473bd358,7656af72-29d4-beef-3eab-edcbbaa80dd4,1435.3,2026-08-11T05:27:38,False,,
9cdf0664-5c91-f845-534f-c96d19ca9c1b,6b8e869f-d538-5b0e-34f3-193c0ff0a55c,d52721e7-19bc-143e-fb02-bebb48729a4d,137.91,2026-08-11T05:32:39,False,,
e2495790-517c-5dec-cd53-9417f5194ab9,cfa701cd-2631-d00b-26d7-94d30db95301,7656af72-29d4-beef-3eab-edcbbaa80dd4,1617.41,2026-08-11T05:39:29,False,,
a46b3932-0de8-4b63-5856-e1fcd7825ea3,c29cfc0c-fa02-eaec-96ef-2ad6b97e6703,6dadd6c7-95a7-6d79-bf3c-4c06434308bc,1449.57,2026-08-11T05:39:57,False,,
53ffd3a2-4a19-3501-4169-b9fcc3a00c6f,6232b17a-2507-4181-8d1f-b54074eff545,8dfa6a56-d12d-bc9a-aaf9-15310200b1f0,1301.62,2026-08-11T06:06:19,False,,
dd69a596-2dba-333f-4a12-c64f921c5875,a2a9d4d8-102e-fde5-a5cc-8bf738ab854c,a53f8a28-abf3-e3fc-2181-3d25655238a6,2300.37,2026-08-11T06:11:18,False,,
c26e2706-7c05-9799-bdae-8eff683c510e,dd750e98-90e0-b95f-0212-b554464458b4,74f93d17-e912-b4bf-86a4-bae41986b4b2,2850.19,2026-08-11T06:17:16,False,,
bf337a15-1e08-6f20-bdd1-51b0f64ab6ec,969b6662-0562-8059-568c-c69b1064005c,ae9bec36-35c7-936c-5b99-62c6e61fecc0,169.48,2026-08-11T06:46:26,False,,
1d4ff1c8-618e-72a7-8d34-dd8374629fb5,3170f437-a8f7-ef5a-060e-df5b39118497,ff5e9ff0-ff50-bde4-3825-67b85cabcc97,3326.58,2026-08-11T06:50:51,False,,
8c7e2904-4237-692a-c017-466e85f4c0a2,2dea9493-0658-663a-698c-206fe1a47e10,b02b61c4-a3d7-0628-ece6-6fa2fd5166e6,856.18,2026-08-11T06:51:09,False,,
140ff589-6c62-4c2c-0aec-cec7204db9da,61985d54-cfb8-7e6f-e9d6-8f23b489d070,8f5486b7-c7b5-b2bc-5a8a-aeca1a50aec3,199.66,2026-08-11T06:52:11,False,,
0cf2b69b-0577-aea9-f899-924698de8ebb,980402a2-b07a-a066-7354-35ea68949b8d,1337739e-8d4f-5d27-2c7f-0b793d67cde9,2362.4,2026-08-11T07:07:16,False,,
98e1d54c-bc71-5183-6c5c-cba7b55d2fc1,49c8a43f-7ed7-0ed7-b194-990b6961929e,db52ca58-0500-0bc6-b20d-cb6ef2311f17,292.05,2026-08-11T07:15:05,False,,
412181a3-4818-b004-b0a4-f5573381001f,474a493b-3ced-df2d-839f-bc501223b513,f16287e4-e9c3-49e0-3602-f8ac10f1bc81,2153.43,2026-08-11T07:23:29,False,,
76a6e2e6-d4d3-2808-6054-a51cab1ead74,dd750e98-90e0-b95f-0212-b554464458b4,12476f57-a5e5-a5ab-aefc-fad8efc89849,4549.39,2026-08-11T07:34:15,False,,
e4dc4306-8b20-ce3e-42b7-c0488d3543be,d47d577b-fa5a-91ca-059d-d55d4b943e30,1a3d1fa7-bc89-60a9-23b8-c1e9392456de,2337.85,2026-08-11T07:53:02,False,,
4107e873-37f6-6fc4-c481-15142cee1a3a,f42d47cc-00d4-af59-7427-3ca3287d06ca,e9ff1cae-41c8-ca8c-2a1f-955ad499da99,909.3,2026-08-11T07:59:32,False,,
d08d13df-f3dc-d264-c4b2-7b21bc0dd6ed,fbc9f87a-f668-a617-94a1-875d2db69edb,cbd58bf6-1efd-76e9-ce37-14af99b49350,810.4,2026-08-11T08:19:27,False,,
34a0dcd4-1a9a-f29e-d5ee-25876c98fd9b,3e83b91f-2544-0fe0-6e41-7d475ff595ea,654821d0-7fcd-9eb1-a7ca-d415366eb16f,880.86,2026-08-11T08:22:01,False,,
102f4f5c-55e3-9295-2c67-10bd97d46f61,faf14ff0-7b85-179a-d5b0-77e06a5d932b,db20a56e-dc81-5fe7-ceda-8bbb71710434,1731.52,2026-08-11T08:25:59,False,,
a6f90864-8af6-d268-1bd0-7f9b78612769,e4429ebb-da7b-9095-63d6-2a39c0e3befd,8b8148f6-b38a-088c-a65e-d389b74d0fb1,3087.91,2026-08-11T08:45:41,False,,
9c78bade-8ec7-dccb-7d9d-ef75113808db,122c9a56-01d7-4256-3860-2ab696a402f2,d58842de-a2bc-372f-7412-b29347294739,1370.92,2026-08-11T09:32:54,False,,
34ec5264-ad7d-6f81-39a0-f145a5bab050,4ca9cf07-b1aa-0f6a-2a96-e1e27194eae2,1a2a73ed-562b-0f79-c374-59eef50bea63,7822.23,2026-08-11T09:41:57,False,,
76ba4572-5c66-7438-4da9-b236d15f4acd,771ad655-cdfc-6ee0-e61e-de900267deb3,c4b032cc-d7c5-24a5-5304-317faf42e12f,2473.04,2026-08-11T09:43:37,False,,
f35c02fd-d88b-4a71-ba53-d4ca79d1acbd,dfcaf0b7-19b1-7e80-dea4-ae1754fd9ad3,d58842de-a2bc-372f-7412-b29347294739,2002.43,2026-08-11T09:52:22,False,,
5cb9635c-75f7-3b07-3a49-62d177e43d33,eededb07-e623-a689-5d59-cd2a4eea04e7,a0ee89ae-d453-dd32-4b0d-bb418d5288f1,280.57,2026-08-11T10:16:30,False,,
1e2964f1-709a-dc95-8bbe-c11943472a28,770c7798-37cc-863b-f2a0-345990604f62,715629ee-e893-be3d-7354-ea6f61607459,5525.96,2026-08-11T10:18:08,False,,
b9ec28ff-a835-0a40-0858-714d952aed00,8ae8905b-54b4-a482-6858-6eba6a34c854,ae340454-cac5-b68c-28f4-9481a0a04dc4,498.81,2026-08-11T10:20:24,False,,
1b5982d2-4622-70cb-db3d-419b70aa9992,9e50aa42-ca6d-fda1-989b-c4da9b37a22b,859131d2-bbda-0242-2d17-4fc96f7c15ea,4327.95,2026-08-11T10:28:10,False,,
03b68657-4777-be21-7677-a166d644e9ae,2053da42-f1af-db65-b289-f2244ac9778d,12476f57-a5e5-a5ab-aefc-fad8efc89849,416.97,2026-08-11T12:10:26,False,,
df85c777-9887-4bfe-c136-9c65ae2ae341,faf14ff0-7b85-179a-d5b0-77e06a5d932b,1a2a73ed-562b-0f79-c374-59eef50bea63,241.09,2026-08-11T14:28:04,False,,
ff2336e9-7990-3d96-87ce-c69d9e47a339,e9ff1cae-41c8-ca8c-2a1f-955ad499da99,17dc8eff-6872-13f9-8d60-593603802b70,142.86,2026-08-11T14:30:25,False,,
a757075b-d47f-83b1-bc69-c1551a37f6bd,a2a9d4d8-102e-fde5-a5cc-8bf738ab854c,610cf373-4299-9aa4-0cdf-742b2e85cb21,3935.0,2026-08-11T14:37:11,False,,
283edeec-9245-5468-6088-825ee3826da1,ce7ae7f6-3982-0cff-4f77-a665ac3c5640,610cf373-4299-9aa4-0cdf-742b2e85cb21,635.08,2026-08-11T14:40:48,False,,
eafb3e90-54ec-84ce-002c-cb257a5d7c82,a8b317fa-18d0-752b-1825-bc5430beb45f,2e8d0e87-5334-20e6-d9d8-0b8d7e8adee7,1149.38,2026-08-11T14:55:51,False,,
ed11b850-273b-eecb-e7b9-86cb76df7b9a,75a66981-4104-a8b5-a34d-b7c5760debbb,1a2a73ed-562b-0f79-c374-59eef50bea63,279.46,2026-08-11T15:05:53,False,,
cfc01fbc-a5dc-733d-70bb-2a0e39d02b29,587ef344-6f3f-920c-98b8-e4cc1bc044fc,9549c931-e9af-299d-7f67-1eec3da70577,3139.9,2026-08-11T15:07:28,False,,
0effd5bd-47eb-340d-c74e-48ffcf89569d,a56c0941-fbf2-4050-a748-dbcfac619e63,d865d69a-74f3-3103-4006-6ff2b0b862ef,685.96,2026-08-11T15:10:37,False,,
340a22d7-00bb-d543-5c98-fd573c359ce2,6f962882-95d8-2980-ff37-d19c2e76128b,07a0ca6e-0822-e8f3-6c03-1199972a8469,576.2,2026-08-11T15:32:33,False,,
95284c0a-cb6b-f562-2488-c84d99d090fd,43d88870-f81d-baa1-c812-0a8e78308930,9f4c3b79-fb10-987f-20ac-3703eb67146a,7201.36,2026-08-11T15:34:38,False,,
3af33cc5-b176-e71f-3918-2c16a3863cd1,9b689c88-3ae9-09fe-cc82-18dac696f5e6,122c9a56-01d7-4256-3860-2ab696a402f2,593.83,2026-08-11T15:37:34,False,,
9a233be3-ebf6-dd32-56d2-bb12af5a7636,f96b648a-0ba6-eab9-4639-447b2067bdac,d47d577b-fa5a-91ca-059d-d55d4b943e30,548.45,2026-08-11T15:58:18,False,,
d976b2ba-cc27-f386-cbf9-25b5641816b7,ce9e1a11-fcbb-4e59-fbdd-cf7c9c96e9ec,288b78b5-b5b4-53ca-3d42-993ccc9fd334,2064.79,2026-08-11T16:09:43,False,,
c7bbbcf8-5def-5cc2-f101-5bfe4d7efc8e,a6d964a3-f510-ab53-c7fe-e39f1190f938,beb79919-3f22-faf8-23be-d01d43cf2fde,5516.96,2026-08-11T16:39:11,False,,
2bcdce43-1e7d-8f7b-8d59-c34d44bd604f,7922bac2-82dc-4c8e-36b5-229aacf5e81e,db946570-1ac7-0ec0-ab8d-deb45230dfbd,103.24,2026-08-11T16:42:37,False,,
4ef97a7d-abd1-3f1a-3d20-144000cfa44d,ad64b56c-610f-aa3f-f0bb-ac67aa38d0a1,506e5a9a-b758-588d-ab73-295b344a54b8,333.73,2026-08-11T16:42:59,False,,
cfbfd796-565c-1e3f-6d1c-31d633e04a38,c8fe3ccd-c8b8-d9c6-ed30-49cf43e458fc,0c0fd195-c17a-f08a-1745-d6d87e570ddf,3351.94,2026-08-11T16:59:08,False,,
6493f5ef-ff53-76a4-bb48-bbbaac735be0,439472e6-da58-7e8a-a25d-6b29afffcfd2,1a3d1fa7-bc89-60a9-23b8-c1e9392456de,3460.86,2026-08-11T17:14:50,False,,
74797b61-2737-2b52-7a6a-210722319050,598336e3-75d6-6ed4-eb1f-a9f2d10bd1d0,f6802cdb-77e4-90c7-1d7b-c313cde22f1c,1019.61,2026-08-11T17:18:28,False,,
2401342a-7f05-fbf5-efca-c5771aa6f7cb,9b49bd26-df57-c59a-8715-a10343dac043,b8a6171f-1ee3-4dc4-3b04-8a8b405bfdc9,3935.04,2026-08-11T17:21:41,False,,
b9ef9fa8-3ec8-fe58-d728-2d3089111a42,83f4a9a9-48a6-39d0-15b5-2908a8aa7158,8f5486b7-c7b5-b2bc-5a8a-aeca1a50aec3,2229.32,2026-08-11T18:21:48,False,,
5a9b9519-be9d-d48c-bbc0-e8ed32dc80ee,dabac50d-ca3d-d859-c5ce-099c46b82659,bdd640fb-0667-1ad1-1c80-317fa3b1799d,256.94,2026-08-11T18:28:56,False,,
05c5bf8d-321a-6c3f-4726-3c24c4605896,d664d264-4c6e-27ff-b9de-7a3a486822b9,e2817efd-ae84-9217-1d53-434bb88139b9,9341.95,2026-08-11T18:48:58,False,,
ec7c44a8-e6c9-e05e-f5e1-ab658bd296cc,3e83b91f-2544-0fe0-6e41-7d475ff595ea,47229389-571a-a876-6c30-7511b2b9437a,3880.45,2026-08-11T18:52:42,False,,
1f9deccd-ecf6-78c0-c861-3afa1ae17565,8ae8905b-54b4-a482-6858-6eba6a34c854,e9ff1cae-41c8-ca8c-2a1f-955ad499da99,1262.55,2026-08-11T18:54:41,False,,
2efcd60c-5256-cd59-857f-2f3e61a90fb1,93b7a886-12f7-0c97-7de3-1a516694c343,61ee6c5b-deef-580f-9c07-a75114374509,153.49,2026-08-11T19:09:57,False,,
4c61845e-fa7e-5d94-05d1-fb63c194f97f,148f8b74-a65b-b1f2-65c1-7795b15516bc,122c9a56-01d7-4256-3860-2ab696a402f2,3239.1,2026-08-11T19:27:10,False,,
585409d9-de22-dc3f-d136-6db15a578607,3e6dd58b-7367-c28d-e1b2-94de4767d76c,560c95ee-638c-254c-076e-2bba7c5308bf,1450.94,2026-08-11T19:41:47,False,,
6e0c42e9-f817-9896-c6b9-8ce2242bba10,7922bac2-82dc-4c8e-36b5-229aacf5e81e,ff5e9ff0-ff50-bde4-3825-67b85cabcc97,136.44,2026-08-11T19:50:46,False,,
e3082ddc-c9c0-4b7d-6ba4-170b4e9d23e9,f920264c-0763-fcd0-1f15-c7b67c16128d,61ee6c5b-deef-580f-9c07-a75114374509,1497.05,2026-08-11T20:11:45,False,,
75d236e3-0d9e-9c48-d62c-4be49302a5dc,4fdc6e1b-edcb-8cb6-0692-dc639424aed5,580d7b71-d8f5-6413-5be6-128e18c26797,795.79,2026-08-11T20:56:12,False,,
ca0de08e-ba90-2275-c72b-f2e89bcfe969,b7b56ea7-35eb-d32d-9ad6-20ab48212ddb,ad64b56c-610f-aa3f-f0bb-ac67aa38d0a1,5776.02,2026-08-11T21:20:24,False,,
f30b15eb-9d69-cf34-7ab7-b78f209875b2,288b78b5-b5b4-53ca-3d42-993ccc9fd334,e2817efd-ae84-9217-1d53-434bb88139b9,1139.38,2026-08-11T21:49:08,False,,
35102852-b474-6349-49fc-2cd8c56bad4c,336749b5-2cf6-bf75-6a5e-6920bf5ae7e6,1ff49b78-8946-3e85-759c-de66bacfb3d0,3493.28,2026-08-11T21:59:20,False,,
c6aa7991-dd8c-f1ca-ec54-12b40d74fc38,6f962882-95d8-2980-ff37-d19c2e76128b,341c6494-0d36-6dfc-c28e-bd7071299889,14160.32,2026-08-11T22:13:39,False,,
390f516d-db06-f072-4244-2fce2686d5c6,a7f36ae9-25c7-3c44-3e75-c3b4664fa663,c2dff335-5666-6f9f-53ac-2ab974672cd9,1758.83,2026-08-11T22:24:42,False,,
48b763d5-e519-dd7e-84d6-7c4ff0df1684,e45b712e-b822-5688-d0a4-44329cd6c852,87e5f0fe-5da8-d6d2-f8b3-8a8be05fb8bc,9803.12,2026-08-11T22:41:30,False,,
874db4a6-d057-ab85-6f1e-c0de297eb3f4,ccc56569-f9e8-a369-2999-b735dd56cc94,6dadd6c7-95a7-6d79-bf3c-4c06434308bc,6472.46,2026-08-11T22:43:21,False,,
6761f64e-b79e-e140-1844-1abdbe41635f,9b49bd26-df57-c59a-8715-a10343dac043,da4bd9ca-eb5c-f467-80ba-cd647a0ecfea,1112.4,2026-08-11T22:47:12,False,,
088dbd82-d883-e3f8-cc98-03de12de9e5a,46d483f3-d450-281c-6c6f-7633a2607723,ab9099a4-35a2-40ae-5af3-05535ec42e08,8610.59,2026-08-11T22:49:22,False,,
6d8ee559-daf9-3e99-fc26-7da64a640fc1,5e781fd7-94e0-d3ba-a9f9-48b24e6384bb,d58842de-a2bc-372f-7412-b29347294739,1046.37,2026-08-11T23:09:41,False,,
6da7c95b-5d4f-9715-4c9d-f0495fd2bec3,658b2523-6014-1de9-f54a-d0a2e87466d7,3b982ef8-daf6-1a26-146d-3f31fc377a4c,491.19,2026-08-11T23:25:12,False,,
c4767556-f97b-e2dd-8f9b-72aed85c16bd,61985d54-cfb8-7e6f-e9d6-8f23b489d070,c2dff335-5666-6f9f-53ac-2ab974672cd9,600.82,2026-08-11T23:29:39,False,,
5401e034-45ae-25d2-7bbf-d6926f125321,80962718-2051-acef-097a-1e10f6febc0e,bdd640fb-0667-1ad1-1c80-317fa3b1799d,1992.67,2026-08-11T23:32:26,False,,
c9c23e69-d82c-7565-4bb9-07ec13c11754,8dfa6a56-d12d-bc9a-aaf9-15310200b1f0,439472e6-da58-7e8a-a25d-6b29afffcfd2,575.29,2026-08-11T23:56:30,False,,
56f7e6bb-14e1-aabd-a20c-c4baa5b08e26,722764e6-8c41-561b-e827-a1b9d4a02e53,53f8382b-8fb8-64e4-f173-8856e25d36eb,2140.39,2026-08-12T00:03:17,False,,
1dee8ebf-7d3a-e67e-55bb-fd22c9a84bdd,f63fce41-3a9a-ca5e-1761-32ed069f14f1,db946570-1ac7-0ec0-ab8d-deb45230dfbd,2011.93,2026-08-12T00:13:14,False,,
178926f3-f91e-8b9b-4596-7e762824162d,610cf373-4299-9aa4-0cdf-742b2e85cb21,e2817efd-ae84-9217-1d53-434bb88139b9,1682.96,2026-08-12T00:50:27,False,,
a7ee2f23-9e31-ecfd-df09-87e9259b5aea,19675f06-bd76-7e35-f5c9-b0479c10c572,f1eedba3-1343-2e61-1ca3-c4480279b6a6,1715.94,2026-08-12T00:57:44,False,,
b8d11a8f-ea07-2198-19ee-ad264e4b36aa,b24445a7-b7e5-8481-31c6-81ec935f2b0a,ae340454-cac5-b68c-28f4-9481a0a04dc4,4547.67,2026-08-12T01:08:21,False,,
f9fb722d-a51c-7d2a-b3bf-bdabb7b24f20,1dad09b2-52c2-1221-409d-360250843242,0bbb2599-11ce-5dd2-b45e-d1f03139d32c,2664.19,2026-08-12T01:26:04,False,,
a99c706e-ab8e-b995-5366-3145386bf5fc,6105716b-ab0e-664e-9c3e-b2d591e1aa96,50c187fc-ce17-7b4e-0837-b8a3d261a7ab,1047.84,2026-08-12T01:46:04,False,,
d1d50a53-d035-dd19-3cad-34019c00cb52,db946570-1ac7-0ec0-ab8d-deb45230dfbd,c4b032cc-d7c5-24a5-5304-317faf42e12f,1758.12,2026-08-12T02:43:08,False,,
aee51b7a-8b20-cc44-5705-b3005e79e796,1dad09b2-52c2-1221-409d-360250843242,f1533ae8-670a-cc5c-b321-bf214dd8eb85,366.02,2026-08-12T02:53:47,False,,
5b249c2a-9e5c-5dcd-d61a-080a3fec0a37,ccc56569-f9e8-a369-2999-b735dd56cc94,148f8b74-a65b-b1f2-65c1-7795b15516bc,636.88,2026-08-12T03:02:46,False,,
6198b718-c4c7-aab4-ca20-508d7b6c7129,e8dd5e5a-1712-fb16-21a4-344fbb7bee03,0c0fd195-c17a-f08a-1745-d6d87e570ddf,201.85,2026-08-12T03:22:15,False,,
1cf85fc4-db6f-df8b-f316-891d88964456,badcc32a-c159-0f53-8a0f-4efbedcd465e,6f962882-95d8-2980-ff37-d19c2e76128b,2739.12,2026-08-12T03:39:50,False,,
37809a0a-4098-de31-d7f3-b054e266c16f,f36cb62b-892e-6161-be2d-740a1e9b23bc,12e89d10-2871-1733-8bed-db12ad77e82f,829.68,2026-08-12T03:44:53,False,,
267627ca-3625-fc20-47e3-21c2a4bae8bf,944528c0-0ef8-c2d6-f7fd-564637bb3eec,d4aac9a3-3ed8-c56c-da09-dfa052828d80,12654.3,2026-08-12T03:57:31,False,,
3cb3c9fa-191a-bb3d-3a4f-ece7537d66c6,44656d6b-81fb-18b3-c9a7-d91fef2ae713,06cb0fb3-9a1d-e644-815e-f6d13b8faa18,701.92,2026-08-12T04:02:35,False,,
bce05a63-197f-9b8d-079b-f5e62275b1e2,9191b363-4e2d-6645-6dc7-cac7fd72b050,336749b5-2cf6-bf75-6a5e-6920bf5ae7e6,2566.3,2026-08-12T04:55:36,False,,
0636f35e-f5ed-7ddf-783f-1cd0e0b2f356,6b8e869f-d538-5b0e-34f3-193c0ff0a55c,50c187fc-ce17-7b4e-0837-b8a3d261a7ab,351.54,2026-08-12T05:00:45,False,,
c7a2b171-b02a-06ee-1458-80635bf88d1d,f63fce41-3a9a-ca5e-1761-32ed069f14f1,bdd640fb-0667-1ad1-1c80-317fa3b1799d,2802.55,2026-08-12T05:01:56,False,,
76dae194-439d-b29d-4bc8-1c16fa2fbd74,913e4de2-e0c5-3cb8-3da9-c2a90ed42f1a,a2a9d4d8-102e-fde5-a5cc-8bf738ab854c,606.44,2026-08-12T05:19:16,False,,
82866d40-0fb4-9d98-7aac-8a0a6d134ea8,598336e3-75d6-6ed4-eb1f-a9f2d10bd1d0,a0ee89ae-d453-dd32-4b0d-bb418d5288f1,1748.35,2026-08-12T05:37:57,False,,
5d316263-4959-2f6e-0c1b-7e93be162e89,0964fbbf-8cd3-21b0-c2b0-1cfdd045dd1c,3a3c8a71-ff57-4e2b-4991-ab9bebc2026f,1522.15,2026-08-12T05:44:28,False,,
240f92a4-a77a-f8cb-ae74-2530ceb6bfdc,771ad655-cdfc-6ee0-e61e-de900267deb3,47229389-571a-a876-6c30-7511b2b9437a,3428.5,2026-08-12T05:47:55,False,,
8d5a9549-34f3-ab8e-1891-e25c2418c7fd,9854ce4e-4ebf-a5c3-cae9-b4a72a79ea68,580d7b71-d8f5-6413-5be6-128e18c26797,757.78,2026-08-12T05:55:13,False,,
c4342281-51ec-8f30-4e2d-a2578074a1ed,b386f7a4-c991-603f-28c1-3091444d610b,1ff49b78-8946-3e85-759c-de66bacfb3d0,796.44,2026-08-12T06:04:11,False,,
6964a112-55fc-0f2b-a509-39f18505d91d,148f8b74-a65b-b1f2-65c1-7795b15516bc,87e5f0fe-5da8-d6d2-f8b3-8a8be05fb8bc,2069.73,2026-08-12T06:40:54,False,,
03d6af3f-2c72-7675-52c8-3bfc5b48961f,b386f7a4-c991-603f-28c1-3091444d610b,506e5a9a-b758-588d-ab73-295b344a54b8,4138.94,2026-08-12T06:46:30,False,,
e09016b6-b186-a5a8-d6ee-526ba2cd1590,3d85de89-c217-1429-8e20-07247d137018,e45b712e-b822-5688-d0a4-44329cd6c852,1110.53,2026-08-12T07:27:43,False,,
d04f0a71-0ef4-73a2-900d-df1600e03200,1c8eaee9-5715-bd6f-a416-1293c4c2e2e3,6b8e869f-d538-5b0e-34f3-193c0ff0a55c,4668.06,2026-08-12T08:14:09,False,,
31891f48-e66e-2c11-11de-febf9e98961d,9e8fc965-0a2c-827e-9832-685694340a03,67f48ad5-4d0b-0d1a-91b0-e1d99d9262af,680.17,2026-08-12T09:15:02,False,,
b020321b-e90f-4137-15be-bdd097b027ce,b4fb0eb9-49c1-3de7-3b42-06c5085b15fb,fbe33b24-3eae-0032-0bd4-a9900640be0f,2281.62,2026-08-12T09:21:16,False,,
f44f5031-a82d-4879-87cc-4d1c7bf6b2ad,1337739e-8d4f-5d27-2c7f-0b793d67cde9,0bbb2599-11ce-5dd2-b45e-d1f03139d32c,1459.07,2026-08-12T09:27:49,False,,
8eb4b40e-b1e6-2f11-946c-4404e2edbb63,770c7798-37cc-863b-f2a0-345990604f62,2e183554-cae2-8e66-ae8a-781390e0a95b,3807.32,2026-08-12T09:33:54,False,,
a6725796-feef-341b-007f-b3cbcf735afa,ffe3fa49-054f-92ff-f366-bad4964db03f,ab9099a4-35a2-40ae-5af3-05535ec42e08,849.84,2026-08-12T09:35:00,False,,
9cddd7c2-d25a-0b3f-42a1-279b8bf5caed,1efa2197-7394-988f-847f-d9b4e64d1bcb,3a3c8a71-ff57-4e2b-4991-ab9bebc2026f,1117.5,2026-08-12T09:42:38,False,,
f3fac150-7429-cf81-c3a2-15ffa660604f,7135f221-a6c9-537f-84da-d06a7872bdeb,59970043-f3b1-025b-fff9-f5850d557b61,488.04,2026-08-12T09:55:02,False,,
539cb0bb-aa8f-b624-4f2f-feb3d8dd0b26,5260001e-eecf-67d2-7491-76f46090d697,53f8382b-8fb8-64e4-f173-8856e25d36eb,1504.41,2026-08-12T09:56:26,False,,
187ebca4-fa0f-01a4-87bb-1f6dfc920c73,8f5486b7-c7b5-b2bc-5a8a-aeca1a50aec3,902059e4-ff9a-b5c2-9f04-4aed75523327,557.58,2026-08-12T10:32:21,False,,
2cd6e8df-1b58-29c9-24ef-65a737cf65ca,088a93ec-70d9-c9f8-c9e2-60744f1639a0,d58842de-a2bc-372f-7412-b29347294739,2077.1,2026-08-12T10:53:16,False,,
f31046dc-6202-bee6-5cb5-e69c5dc7b3e6,44656d6b-81fb-18b3-c9a7-d91fef2ae713,b4fb0eb9-49c1-3de7-3b42-06c5085b15fb,1017.96,2026-08-12T10:57:16,False,,
b6f31d02-90ca-fac3-94e3-552bfd2f1be9,61985d54-cfb8-7e6f-e9d6-8f23b489d070,f920264c-0763-fcd0-1f15-c7b67c16128d,1134.65,2026-08-12T11:04:23,False,,
07179ef3-3121-6863-2663-ed111d122ccf,560c95ee-638c-254c-076e-2bba7c5308bf,1a2a73ed-562b-0f79-c374-59eef50bea63,2617.74,2026-08-12T11:06:40,False,,
ee4d0dec-bd47-2885-13f0-e33fab6b3f08,f1eedba3-1343-2e61-1ca3-c4480279b6a6,246998e8-d39e-198b-4400-7d5ae88da719,3598.94,2026-08-12T11:08:23,False,,
08789ef0-dcac-fa54-8702-f4adcca3a4c4,a9597663-6daa-2e68-8861-fe1858e25888,6e068097-25e9-7977-8d72-48e2951f58d0,1407.24,2026-08-12T11:11:17,False,,
f5f3943a-e8e7-f030-0203-83406372d635,4ca9cf07-b1aa-0f6a-2a96-e1e27194eae2,a6d964a3-f510-ab53-c7fe-e39f1190f938,1523.5,2026-08-12T11:24:17,False,,
e47919dd-ba68-e69f-2c8b-2151e1792fcd,85d51695-90b2-b633-956b-8c0ca8499b92,dc5c0eed-8da0-365b-f898-97b9405cacec,3888.22,2026-08-12T11:40:44,False,,
ca857fe4-4014-c0f8-ce2f-baf417f04802,cfa701cd-2631-d00b-26d7-94d30db95301,902059e4-ff9a-b5c2-9f04-4aed75523327,694.98,2026-08-12T11:47:11,False,,
0dfabe46-dbd3-e865-8f38-1c01d5ce0626,eb6c1016-cee6-24d0-9dac-6e8345241ea6,dfcaf0b7-19b1-7e80-dea4-ae1754fd9ad3,3709.91,2026-08-12T12:34:34,False,,
07a7611d-e20d-a100-44f2-a0dbb20c651e,236c7b87-14a0-bccb-8a47-6a87e49d681d,c0e9ab30-ed26-62e9-17e0-11b7f8102383,1436.63,2026-08-12T12:41:10,False,,
e5a3d8e9-44c1-f1b5-ebbb-d76379a7e63b,8a63f881-ffd0-f9d5-a6f2-f7b80cf35b58,6dadd6c7-95a7-6d79-bf3c-4c06434308bc,428.43,2026-08-12T12:47:59,False,,
7b142917-9274-46b6-02ff-975452917b6d,46d483f3-d450-281c-6c6f-7633a2607723,3b982ef8-daf6-1a26-146d-3f31fc377a4c,7914.41,2026-08-12T13:05:28,False,,
0bb90921-513b-e62e-d9ff-cacd72840356,9261549d-3d22-5c30-b28f-41defb140bc3,d58842de-a2bc-372f-7412-b29347294739,1178.55,2026-08-12T13:27:48,False,,
10142131-7505-65f5-9f70-8368cb3cf8ca,22bd3388-6db9-9102-a48b-3dbe157d94a1,1337739e-8d4f-5d27-2c7f-0b793d67cde9,1523.48,2026-08-12T13:48:07,False,,
89f90de9-f798-0131-a885-a7b410372a5c,a7f36ae9-25c7-3c44-3e75-c3b4664fa663,6dadd6c7-95a7-6d79-bf3c-4c06434308bc,199.82,2026-08-12T14:12:23,False,,
6ed5ca30-ff03-f1a9-72ed-257b435b6625,6f962882-95d8-2980-ff37-d19c2e76128b,ce7ae7f6-3982-0cff-4f77-a665ac3c5640,438.12,2026-08-12T14:13:36,False,,
e76adca9-7811-6802-c8cc-7cfecf01f944,fbe33b24-3eae-0032-0bd4-a9900640be0f,d882b5c1-f79e-fd70-65bc-c272fadd7ea3,100.0,2026-08-12T14:39:05,False,,
33252134-ebdf-eeb4-b679-9210efe87716,f1eedba3-1343-2e61-1ca3-c4480279b6a6,658b2523-6014-1de9-f54a-d0a2e87466d7,336.7,2026-08-12T14:49:21,False,,
775c30b5-6173-0c48-4876-9153c68813fe,5e781fd7-94e0-d3ba-a9f9-48b24e6384bb,a7f36ae9-25c7-3c44-3e75-c3b4664fa663,218.61,2026-08-12T14:50:26,False,,
311cdad4-4e6c-cc79-f8eb-51b859382971,b8a6171f-1ee3-4dc4-3b04-8a8b405bfdc9,ae9bec36-35c7-936c-5b99-62c6e61fecc0,1618.34,2026-08-12T14:56:18,False,,
f1c1d53b-c229-a415-cb5f-8951c534f723,c8fe3ccd-c8b8-d9c6-ed30-49cf43e458fc,44656d6b-81fb-18b3-c9a7-d91fef2ae713,606.46,2026-08-12T15:05:51,False,,
334a34a8-8bf3-49a3-b31a-dd22bdddbd36,b4a69f3c-8d3a-ed99-711c-21c9bdc14f1f,bb2488a3-d363-57b6-6f81-cf4f7701f7bb,1384.67,2026-08-12T16:24:53,False,,
8cdc718d-c405-7420-6004-223136c3fe85,b8a6171f-1ee3-4dc4-3b04-8a8b405bfdc9,72bb912d-7da6-7785-b63b-4dc3a559e463,435.62,2026-08-12T16:27:43,False,,
f45dbd91-989d-a530-b01f-b9f34d7d10f3,8bcf53a1-bc10-fa52-bf5d-2fdf89c8d2ab,033d2bce-575a-ed2c-a5c5-650c8186a576,1092.94,2026-08-12T16:37:00,False,,
a8e50e05-f1b7-bd1e-c0d5-28282ba17f78,587ef344-6f3f-920c-98b8-e4cc1bc044fc,47229389-571a-a876-6c30-7511b2b9437a,500.25,2026-08-12T16:40:14,False,,
e3837348-873d-c8bd-122d-d7be980bc81e,75b17a55-d426-2982-e43e-4288a2b5b498,1337739e-8d4f-5d27-2c7f-0b793d67cde9,481.92,2026-08-12T16:52:50,False,,
2ac2fc1e-8a83-e68d-46ee-d033b062166c,db20a56e-dc81-5fe7-ceda-8bbb71710434,12476f57-a5e5-a5ab-aefc-fad8efc89849,1314.78,2026-08-12T17:01:48,False,,
851b9860-31e6-a645-c53f-4f7e96b6a287,c1a6423b-9f64-eeed-5c9d-927d84b871bb,f1533ae8-670a-cc5c-b321-bf214dd8eb85,1252.59,2026-08-12T17:42:49,False,,
b1e93b1a-34b5-49be-db19-de67bc3a8abb,398d1ca6-8b68-70b5-1d61-fac36cd5e859,f16287e4-e9c3-49e0-3602-f8ac10f1bc81,857.43,2026-08-12T18:23:19,False,,
64188dde-6b44-312a-a565-cd4128d141db,ce88cb2d-d4e8-0839-fc3e-058be0f3eab0,dd81b7f5-7d59-11c6-a8f1-e091ffb8102d,3773.59,2026-08-12T18:29:23,False,,
2346f26d-bf3b-1681-0e4d-364e397e8bfb,81f631d4-a392-31a7-d777-a4774c66e0a8,f84f16b3-a79f-bfaf-def5-768968f45bce,421.95,2026-08-12T18:31:47,False,,
a1f619ed-2c18-82c9-03ad-702e216aebcf,6f962882-95d8-2980-ff37-d19c2e76128b,f16287e4-e9c3-49e0-3602-f8ac10f1bc81,313.71,2026-08-12T18:44:44,False,,
2b64777c-6177-a771-af70-de702b69c95e,f264accc-79ac-1b1e-a8e5-6e0c20de435d,6105716b-ab0e-664e-9c3e-b2d591e1aa96,1033.26,2026-08-12T18:48:55,False,,
aa66a0ed-6f0b-5b2b-9751-4f4938ace486,4d6168bd-2def-e193-5c62-b3a23a3c563e,12476f57-a5e5-a5ab-aefc-fad8efc89849,2163.26,2026-08-12T18:49:03,False,,
92689d81-276c-f202-10a1-2a0b5f96600d,944528c0-0ef8-c2d6-f7fd-564637bb3eec,cf36d58b-4737-8190-96da-1dac72ff5d2a,871.84,2026-08-12T19:04:12,False,,
547c9030-18dd-3aea-43b6-c6ef35c82133,5260001e-eecf-67d2-7491-76f46090d697,cbd58bf6-1efd-76e9-ce37-14af99b49350,317.63,2026-08-12T19:11:43,False,,
74b0b243-3b1b-a723-5ca9-bc53fa3bc921,9261549d-3d22-5c30-b28f-41defb140bc3,6232b17a-2507-4181-8d1f-b54074eff545,2316.73,2026-08-12T19:12:03,False,,
b0d515ab-c891-d55d-94c1-76b90ac013d5,474a493b-3ced-df2d-839f-bc501223b513,6502d6a2-ca6a-2224-171e-16cc5da36f1b,284.81,2026-08-12T19:13:10,False,,
062c0692-1efa-91a0-2334-fcc4e022ede0,d47d577b-fa5a-91ca-059d-d55d4b943e30,e2817efd-ae84-9217-1d53-434bb88139b9,1100.34,2026-08-12T19:23:08,False,,
11906f50-3488-5a46-9088-2eafc9776598,a2a9d4d8-102e-fde5-a5cc-8bf738ab854c,8b8148f6-b38a-088c-a65e-d389b74d0fb1,685.76,2026-08-12T19:46:41,False,,
7b88e4ef-567f-3096-99d7-54775f8b00f7,41357e8c-30a9-00ad-939b-462de645f129,fcf56188-d32e-6dcd-83bc-9478dd6ac7b8,1425.9,2026-08-12T19:48:05,False,,
ca826730-1997-7e2e-2224-98130a6b3e3d,9ef2b93e-30ac-7d7b-a2f9-63a33810ae66,d52721e7-19bc-143e-fb02-bebb48729a4d,1715.93,2026-08-12T19:51:59,False,,
a9fe494e-304c-7b39-36ab-eff0cd1d19da,0e5dd462-cbd0-0ef2-530a-37df0bc61066,4d3485c5-c5c1-4eb4-b27b-3d901a16342c,1415.71,2026-08-12T19:54:11,False,,
10e94dce-6241-cba3-7b7c-e7ccf950f7fa,6786d506-38ba-8abc-4b53-05e517d2582e,d89a40c0-e87d-1c78-e7c4-21c740497b71,1371.68,2026-08-12T19:55:14,False,,
61a1a29c-5228-ed8d-e2ba-9fceaebbaf9c,f6802cdb-77e4-90c7-1d7b-c313cde22f1c,1a3d1fa7-bc89-60a9-23b8-c1e9392456de,168.88,2026-08-12T20:04:45,False,,
8f5242d3-54bb-bcf8-28fe-a7618d49fe3f,11b7e948-d0e6-e660-7c69-dee1bb5e4bcf,f1eedba3-1343-2e61-1ca3-c4480279b6a6,1974.99,2026-08-12T20:10:45,False,,
19283cfc-76da-7bc3-7a2f-2c5794ce23b7,4d6168bd-2def-e193-5c62-b3a23a3c563e,4ab7706e-b773-50ca-eec2-59dc7f95897c,360.88,2026-08-12T20:12:41,False,,
8a9a727f-b2a1-2a55-51a0-bd7c447d30b8,2e8d0e87-5334-20e6-d9d8-0b8d7e8adee7,dc5c0eed-8da0-365b-f898-97b9405cacec,319.15,2026-08-12T20:31:13,False,,
db18fefb-8e53-4765-ee6e-5ef6ab1f5666,a5d04d53-1e12-42e3-f272-92b6762172ed,f6802cdb-77e4-90c7-1d7b-c313cde22f1c,824.79,2026-08-12T20:37:24,False,,
9cbf7b8c-7410-2d5d-1db1-4bfc6f3a5115,14822f53-8201-0c62-f5f5-9b220e8fa8e0,9ef2b93e-30ac-7d7b-a2f9-63a33810ae66,885.85,2026-08-12T20:50:22,False,,
3068ffdd-965a-fd0f-9db4-02f1c3595dc2,9b689c88-3ae9-09fe-cc82-18dac696f5e6,1a3d1fa7-bc89-60a9-23b8-c1e9392456de,279.53,2026-08-12T20:55:15,False,,
fe8c9aab-7e38-8a19-46f7-b20ac3c49506,a56c0941-fbf2-4050-a748-dbcfac619e63,902059e4-ff9a-b5c2-9f04-4aed75523327,1372.59,2026-08-12T21:09:17,False,,
bfa4cfdd-01c3-1adc-11e1-2ee9f664b2b9,913e4de2-e0c5-3cb8-3da9-c2a90ed42f1a,1dad09b2-52c2-1221-409d-360250843242,1700.16,2026-08-12T21:17:11,False,,
78ac9c5e-5b5c-87cf-560d-cb39db988c39,c521bf2d-dc45-d539-c03f-3538e4855aa1,1a3d1fa7-bc89-60a9-23b8-c1e9392456de,572.63,2026-08-12T21:18:38,False,,
0a4cb231-2d6c-18d0-74c0-bea3b7a63ca5,81f631d4-a392-31a7-d777-a4774c66e0a8,ffe3fa49-054f-92ff-f366-bad4964db03f,798.14,2026-08-12T21:32:49,False,,
8e1e7525-e957-967a-f61b-2bfd6c7b0a77,11b7e948-d0e6-e660-7c69-dee1bb5e4bcf,e9ff1cae-41c8-ca8c-2a1f-955ad499da99,499.7,2026-08-12T21:38:01,False,,
1810c0ab-ec1c-9109-a19c-cc9ab7321e2b,fcf56188-d32e-6dcd-83bc-9478dd6ac7b8,43d88870-f81d-baa1-c812-0a8e78308930,882.7,2026-08-12T21:53:58,False,,
c986f893-6bf5-fc98-8797-2916c0e5d883,b7b56ea7-35eb-d32d-9ad6-20ab48212ddb,ff5e9ff0-ff50-bde4-3825-67b85cabcc97,10001.83,2026-08-12T21:58:17,False,,
c42f7d59-2bfa-ba2d-dafb-f99753528440,a65e688e-abf3-ad39-fec2-1bbe66245bfa,474a493b-3ced-df2d-839f-bc501223b513,4462.08,2026-08-12T22:11:56,False,,
0a0c64e5-bc34-1b4f-fbdc-532e6546c66d,3e6dd58b-7367-c28d-e1b2-94de4767d76c,3dc98290-15ea-bb27-30e9-12f2f2b43abf,448.27,2026-08-12T22:17:11,False,,
24b37794-293d-b7fa-8e8d-ed4549adb07b,7a4c75d4-dc99-e04c-f0e9-8b3b40a26c60,57207246-4223-623b-cc3e-bdde5ad5cf06,1286.93,2026-08-12T22:20:59,False,,
06bf79cf-4616-fd6e-fe20-193baae2ad63,6786d506-38ba-8abc-4b53-05e517d2582e,8b8148f6-b38a-088c-a65e-d389b74d0fb1,243.94,2026-08-12T22:29:54,False,,
09f7e468-4b1f-a028-6cf6-c879d27960a4,fbe33b24-3eae-0032-0bd4-a9900640be0f,b02b61c4-a3d7-0628-ece6-6fa2fd5166e6,7998.91,2026-08-12T22:39:16,False,,
6fa5d3b0-a40d-fea5-bd64-987eb652ae99,dd81b7f5-7d59-11c6-a8f1-e091ffb8102d,598336e3-75d6-6ed4-eb1f-a9f2d10bd1d0,3094.99,2026-08-12T22:48:53,False,,
2518ec09-efdd-6a87-c8c6-21bee1228e75,dc322c97-39c1-e262-f76c-8edec1101266,ad64b56c-610f-aa3f-f0bb-ac67aa38d0a1,348.51,2026-08-12T23:00:52,False,,
e44e7cd1-38ef-a3bc-9457-f3886f2aec8a,82ec9f2d-fbf6-e16f-9b30-80d56fb78271,a0ee89ae-d453-dd32-4b0d-bb418d5288f1,1045.54,2026-08-12T23:22:22,False,,
e6c75732-f151-ff15-a46e-e99eae4ed89f,ce7ae7f6-3982-0cff-4f77-a665ac3c5640,ae340454-cac5-b68c-28f4-9481a0a04dc4,1277.11,2026-08-12T23:27:49,False,,
7daf76e7-e115-d52b-91b8-ff07e9099654,2e8d0e87-5334-20e6-d9d8-0b8d7e8adee7,a0ee89ae-d453-dd32-4b0d-bb418d5288f1,4030.89,2026-08-12T23:35:22,False,,
fb2389d3-18bc-2e3b-20f6-b8d894369f5d,a65e688e-abf3-ad39-fec2-1bbe66245bfa,3dc98290-15ea-bb27-30e9-12f2f2b43abf,913.06,2026-08-12T23:39:14,False,,
c8b7bcd0-d020-7ede-1fa7-0e6bbffa749e,ccf3a171-56dc-8907-ba6c-34ab6712303a,688c7015-aab9-7e49-4f2d-479681d2c7de,1647.56,2026-08-13T00:08:08,False,,
b4da9f04-7951-0a45-32cb-28ba6ddd5c02,9b49bd26-df57-c59a-8715-a10343dac043,74f93d17-e912-b4bf-86a4-bae41986b4b2,646.1,2026-08-13T00:11:19,False,,
64b5d9a5-7d6c-3d2a-5564-d1d34e0fbae1,9ef2b93e-30ac-7d7b-a2f9-63a33810ae66,57207246-4223-623b-cc3e-bdde5ad5cf06,3231.76,2026-08-13T00:13:57,False,,
b0901da2-2ec4-6bfe-bd4b-a9cdcc19e0ac,587ef344-6f3f-920c-98b8-e4cc1bc044fc,580d7b71-d8f5-6413-5be6-128e18c26797,753.56,2026-08-13T00:54:29,False,,
112bc360-0ad2-7057-c127-cdfd9b23854f,46d483f3-d450-281c-6c6f-7633a2607723,f16287e4-e9c3-49e0-3602-f8ac10f1bc81,1475.24,2026-08-13T01:11:28,False,,
ad5be3c8-0c88-0714-8372-17e0657046ea,d882b5c1-f79e-fd70-65bc-c272fadd7ea3,c40c5d91-46fd-e062-a33d-c7afd701410d,473.56,2026-08-13T01:11:45,False,,
d3748a11-4571-2959-51e7-44e4b864ca08,907bfe36-9786-48f8-64de-82e6e82c7d7b,7f2984f5-bec3-9a37-9b3d-74bde91e314e,1843.36,2026-08-13T01:14:51,False,,
da495408-0011-be30-e268-d92f1b757ed1,944528c0-0ef8-c2d6-f7fd-564637bb3eec,50c187fc-ce17-7b4e-0837-b8a3d261a7ab,1940.33,2026-08-13T01:32:41,False,,
deaeb0c0-a8ac-1ab1-afa9-d02c9e4c4be7,04fc6d82-7d15-4385-52fb-e43b99546eb4,793b4c32-2050-0494-3d11-48022702878b,1975.5,2026-08-13T01:34:02,False,,
f2f4f240-f69e-963d-39ef-20ea120e5c83,148f8b74-a65b-b1f2-65c1-7795b15516bc,0bbb2599-11ce-5dd2-b45e-d1f03139d32c,375.76,2026-08-13T01:36:31,False,,
62874624-a433-1510-ad21-b4cca9e8f0d8,cbd58bf6-1efd-76e9-ce37-14af99b49350,0bbb2599-11ce-5dd2-b45e-d1f03139d32c,206.56,2026-08-13T01:36:47,False,,
8d0df6f6-0c37-eb80-918b-8e184ba4af25,6105716b-ab0e-664e-9c3e-b2d591e1aa96,c2dff335-5666-6f9f-53ac-2ab974672cd9,1900.84,2026-08-13T01:42:08,False,,
2de94792-fd55-c844-c242-17c5c61371c1,d289f0ab-618a-e305-95a5-bafa431d029f,50c187fc-ce17-7b4e-0837-b8a3d261a7ab,1701.9,2026-08-13T01:52:20,False,,
e8c0563d-258a-9c6b-f205-da82a9f3531b,5e5ba13d-746c-db77-1fa3-82e8895ccd99,06cb0fb3-9a1d-e644-815e-f6d13b8faa18,835.76,2026-08-13T02:33:36,False,,
7fc15858-2fa0-d842-bc55-300b06a241af,f6802cdb-77e4-90c7-1d7b-c313cde22f1c,06cb0fb3-9a1d-e644-815e-f6d13b8faa18,1164.71,2026-08-13T02:49:07,False,,
19f7f775-0f2f-633b-6001-3e38960b9746,ad64b56c-610f-aa3f-f0bb-ac67aa38d0a1,50c187fc-ce17-7b4e-0837-b8a3d261a7ab,264.02,2026-08-13T03:05:30,False,,
23c97a1e-cb37-1d97-cdcc-2d6a1a16998c,e3e9de99-f10c-718b-1eb0-e38a675dd5af,ab9099a4-35a2-40ae-5af3-05535ec42e08,131.12,2026-08-13T03:05:57,False,,
793841a9-d68b-c80f-9dd2-30366737cac9,da4bd9ca-eb5c-f467-80ba-cd647a0ecfea,2260e70f-e0cc-edc5-f05d-b76e1a84a51a,2331.56,2026-08-13T03:14:06,False,,
a6ef8273-6f77-4027-e656-cfbc8ed2de16,f63fce41-3a9a-ca5e-1761-32ed069f14f1,902059e4-ff9a-b5c2-9f04-4aed75523327,1447.19,2026-08-13T03:53:56,False,,
200b2903-4642-6c45-8d03-f17af4d375c1,2790cebd-bfdd-c3d9-9ee3-ac2af94d6204,f16287e4-e9c3-49e0-3602-f8ac10f1bc81,407.26,2026-08-13T03:58:34,False,,
e6ccd201-335d-c080-7647-f43f59a14829,9b689c88-3ae9-09fe-cc82-18dac696f5e6,f1eedba3-1343-2e61-1ca3-c4480279b6a6,3773.7,2026-08-13T04:12:20,False,,
b68d6f38-19e3-b84f-034f-202915459b48,78b2b549-3bdb-c09e-acc2-16a01bbc91f7,0bbb2599-11ce-5dd2-b45e-d1f03139d32c,370.25,2026-08-13T04:43:34,False,,
dba117ce-80ce-9afc-2ab9-aa52685d9acf,2e8d0e87-5334-20e6-d9d8-0b8d7e8adee7,e2817efd-ae84-9217-1d53-434bb88139b9,6002.66,2026-08-13T04:56:13,False,,
e9366a85-3a46-fbe3-d255-a4de9330ba83,ff233d5f-6ced-d15d-5800-7c0287ea7ff5,27a0c3d7-7c96-7f79-b7e9-9acaa97065e1,1387.99,2026-08-13T05:29:38,False,,
99056421-b6af-49df-070f-48c2ba4e832f,87e5f0fe-5da8-d6d2-f8b3-8a8be05fb8bc,d865d69a-74f3-3103-4006-6ff2b0b862ef,2134.36,2026-08-13T05:36:55,False,,
a8884750-76a8-31c7-7f63-d2b6d0013b99,f1578470-0182-67c4-7a1b-58066160a6b4,eededb07-e623-a689-5d59-cd2a4eea04e7,1054.36,2026-08-13T05:48:47,False,,
f78ee9e8-b676-291d-4e32-9b4bf168c605,93b7a886-12f7-0c97-7de3-1a516694c343,61985d54-cfb8-7e6f-e9d6-8f23b489d070,1358.29,2026-08-13T06:03:22,False,,
5f1f05c3-7717-a7cb-b67f-fa237762a6bb,913e4de2-e0c5-3cb8-3da9-c2a90ed42f1a,382c043f-7cfc-9b79-3875-394ce5d6f6e6,6696.27,2026-08-13T06:40:23,False,,
f93c8285-5a35-7945-5813-a496aed9dac5,c40c5d91-46fd-e062-a33d-c7afd701410d,ae340454-cac5-b68c-28f4-9481a0a04dc4,689.24,2026-08-13T07:21:55,False,,
65a7ba30-f5b7-0dd9-728f-589773d0b6c7,04fc6d82-7d15-4385-52fb-e43b99546eb4,dc322c97-39c1-e262-f76c-8edec1101266,283.81,2026-08-13T08:02:07,False,,
be9da951-7329-af6e-18a7-3d94a13ea66d,d4a057a7-b0cc-1b3b-9793-b9b413748146,889b78d5-dbfd-d97e-aca2-b148da330aa1,2256.73,2026-08-13T08:16:08,False,,
13d579ae-33dc-d09c-a8cc-5023a43fdaf0,7428a656-b3ee-4d3b-5a10-412954aebd1b,3d85de89-c217-1429-8e20-07247d137018,219.74,2026-08-13T08:48:16,False,,
b90800f3-ac93-281a-92eb-eab0e4eec67c,22f235f2-e11b-868d-bf0d-073d821c1336,85d51695-90b2-b633-956b-8c0ca8499b92,1076.52,2026-08-13T09:13:54,False,,
661f7117-dd92-6cbf-c558-3a17f70d78a0,093923de-8bab-ce3b-2628-6bfbe767dcea,fbc9f87a-f668-a617-94a1-875d2db69edb,408.06,2026-08-13T09:17:14,False,,
3c4722f3-c1b4-fd44-d29c-f92aefb2d33c,d1843324-17e8-392a-55ce-e5db9e87e04c,acdabacc-1165-e210-9854-3881118a9d29,1512.26,2026-08-13T09:43:05,False,,
baaa58f6-343f-75d0-6d2b-c99de7eca309,907bfe36-9786-48f8-64de-82e6e82c7d7b,46d483f3-d450-281c-6c6f-7633a2607723,134.29,2026-08-13T11:32:04,False,,
7de17a85-11c4-194a-70c9-83362d8cc973,1efa2197-7394-988f-847f-d9b4e64d1bcb,f2e9702d-11e9-cdaa-6e69-81a35d3d9e56,257.75,2026-08-13T12:52:11,False,,
23e8bb05-05ec-647e-eec4-32d0bf660225,ce777f00-ecf2-7e76-8519-7ff4006ed6e3,7a4c75d4-dc99-e04c-f0e9-8b3b40a26c60,1325.71,2026-08-13T13:47:13,False,,
db847c06-d84d-6427-adaa-d2f90420521e,5e5ba13d-746c-db77-1fa3-82e8895ccd99,580d7b71-d8f5-6413-5be6-128e18c26797,332.31,2026-08-13T13:49:14,False,,
a8560b74-27ce-46ce-b695-c2bf837905ed,474a493b-3ced-df2d-839f-bc501223b513,654821d0-7fcd-9eb1-a7ca-d415366eb16f,222.58,2026-08-13T13:49:40,False,,
df9b141e-c7f7-bda1-bff1-5840207e863f,a319dcb4-217d-65a0-c568-11cd5563f616,0bbb2599-11ce-5dd2-b45e-d1f03139d32c,2585.46,2026-08-13T14:02:40,False,,
85e89165-e189-6b25-3a5b-ece9db00ab4c,a0a11839-e745-7704-18df-bc3ca0d4de3d,f36cb62b-892e-6161-be2d-740a1e9b23bc,446.54,2026-08-13T14:29:03,False,,
c50e5194-49c3-f48b-f881-5f185f34fd6c,f7860b50-11c5-8ef0-dd46-3c09475287aa,cbd58bf6-1efd-76e9-ce37-14af99b49350,4094.48,2026-08-13T14:55:50,False,,
fec58a89-1db3-c075-6fb9-de377796048f,46d483f3-d450-281c-6c6f-7633a2607723,5913f9d3-7852-99f4-175b-a98df8140102,12578.6,2026-08-13T15:10:58,False,,
3429c8cf-5289-1c31-f2de-05fd28b7b541,889b78d5-dbfd-d97e-aca2-b148da330aa1,b02b61c4-a3d7-0628-ece6-6fa2fd5166e6,642.05,2026-08-13T15:11:24,False,,
787515b9-1e26-ed31-d9e9-275876b90436,4d6168bd-2def-e193-5c62-b3a23a3c563e,7922bac2-82dc-4c8e-36b5-229aacf5e81e,15000.0,2026-08-13T15:34:24,False,,
dc05ae03-d3f4-71e7-2cba-1bc6289a5e38,c40c5d91-46fd-e062-a33d-c7afd701410d,1497d658-7010-f719-7e69-5d0d8a3c3b5e,1449.53,2026-08-13T15:51:48,False,,
9ca4364d-5d9a-d9f1-908e-3a956c6e8796,c2a79689-1933-918c-fa74-57616f18c108,b02b61c4-a3d7-0628-ece6-6fa2fd5166e6,209.59,2026-08-13T16:26:23,False,,
cd3ddee3-cdad-54f4-5d2d-113bfb5edc15,badcc32a-c159-0f53-8a0f-4efbedcd465e,5260001e-eecf-67d2-7491-76f46090d697,8068.05,2026-08-13T16:39:38,False,,
9f88be6e-a0cc-faff-4e7e-9ac831b4709c,3170f437-a8f7-ef5a-060e-df5b39118497,e7c99b26-1141-25c6-3a9b-edd40f1259e0,419.87,2026-08-13T16:54:38,False,,
07001750-c1db-480a-376f-6fff97491088,fb16e5db-a6ea-b79e-d21c-82f8cada4f80,ff5e9ff0-ff50-bde4-3825-67b85cabcc97,708.83,2026-08-13T17:52:22,False,,
66bd5d42-7981-0edf-5b8e-76fdaa29ee4c,9549c931-e9af-299d-7f67-1eec3da70577,87e5f0fe-5da8-d6d2-f8b3-8a8be05fb8bc,100.0,2026-08-13T18:09:20,False,,
c553bb6d-8ef8-6619-3599-fe91291c9094,a65e688e-abf3-ad39-fec2-1bbe66245bfa,5260001e-eecf-67d2-7491-76f46090d697,2400.4,2026-08-13T18:37:10,False,,
134d695a-ba38-8c8f-1393-09d1a06a187d,c1a6423b-9f64-eeed-5c9d-927d84b871bb,dc5c0eed-8da0-365b-f898-97b9405cacec,703.25,2026-08-13T18:41:26,False,,
3078f3d0-f904-6be7-934f-a5c88ac068d3,e9a1fa6f-81f7-6d1c-2dbc-2134c30ff46e,9549c931-e9af-299d-7f67-1eec3da70577,395.57,2026-08-13T18:43:19,False,,
a75743f9-606c-c2f5-2c81-6bf091f60406,d52721e7-19bc-143e-fb02-bebb48729a4d,72bb912d-7da6-7785-b63b-4dc3a559e463,2109.84,2026-08-13T18:47:07,False,,
bfb0942c-ac77-7762-6620-516717cf775f,82ec9f2d-fbf6-e16f-9b30-80d56fb78271,1ff49b78-8946-3e85-759c-de66bacfb3d0,949.22,2026-08-13T18:49:28,False,,
be2badee-7848-c332-ee1c-aec8b61d1f43,faf14ff0-7b85-179a-d5b0-77e06a5d932b,5e781fd7-94e0-d3ba-a9f9-48b24e6384bb,7772.5,2026-08-13T18:51:19,False,,
50c76baa-2a3c-6137-e486-23dd6f8ef978,3e6dd58b-7367-c28d-e1b2-94de4767d76c,a0ee89ae-d453-dd32-4b0d-bb418d5288f1,273.26,2026-08-13T19:18:00,False,,
8efadaa1-5a5e-d7eb-1532-0177b61d170a,6232b17a-2507-4181-8d1f-b54074eff545,7922bac2-82dc-4c8e-36b5-229aacf5e81e,220.97,2026-08-13T19:21:47,False,,
ad8716e1-4679-4c1e-5755-19cd3fbfe7eb,2e183554-cae2-8e66-ae8a-781390e0a95b,b02b61c4-a3d7-0628-ece6-6fa2fd5166e6,311.82,2026-08-13T19:48:54,False,,
2ec01db7-1fac-9217-e36e-bb7f517ce082,6232b17a-2507-4181-8d1f-b54074eff545,8eb22579-0cdb-1ca4-76ec-bdd68498e113,1660.49,2026-08-13T19:48:54,False,,
8494205c-34ef-2552-ab28-6d090af57e60,236c7b87-14a0-bccb-8a47-6a87e49d681d,6651529e-8268-690b-a438-25b559e4b671,315.87,2026-08-13T19:59:54,False,,
476cf68c-3f1b-e0d0-f514-105831383975,cfa701cd-2631-d00b-26d7-94d30db95301,12476f57-a5e5-a5ab-aefc-fad8efc89849,2409.28,2026-08-13T20:00:15,False,,
6a2adcad-e8ca-5b2e-cb8e-2d61e71594ff,ce7ae7f6-3982-0cff-4f77-a665ac3c5640,889b78d5-dbfd-d97e-aca2-b148da330aa1,2148.6,2026-08-13T20:09:49,False,,
ce4f4c66-5645-b6bb-59c0-85a87c45d65d,4ca9cf07-b1aa-0f6a-2a96-e1e27194eae2,db946570-1ac7-0ec0-ab8d-deb45230dfbd,2918.6,2026-08-13T20:22:30,False,,
85d8acf3-12a7-186c-bb84-711f267cb754,ce88cb2d-d4e8-0839-fc3e-058be0f3eab0,f36cb62b-892e-6161-be2d-740a1e9b23bc,1748.78,2026-08-13T20:38:27,False,,
5efb336e-2f54-6033-6334-fa2a8b4bd7e7,acdabacc-1165-e210-9854-3881118a9d29,980402a2-b07a-a066-7354-35ea68949b8d,335.88,2026-08-13T20:45:09,False,,
afa14a55-cebe-abaa-2859-7b341725d2c7,c2a79689-1933-918c-fa74-57616f18c108,902059e4-ff9a-b5c2-9f04-4aed75523327,9796.72,2026-08-13T20:45:23,False,,
c9f279a8-138c-f37a-cc76-864ab61831c5,fb16e5db-a6ea-b79e-d21c-82f8cada4f80,e2817efd-ae84-9217-1d53-434bb88139b9,7138.78,2026-08-13T21:12:52,False,,
6e750e7a-5abb-b78f-1585-665d8ce0bd8f,902059e4-ff9a-b5c2-9f04-4aed75523327,a8c01f05-c478-f6f1-b88e-c318c16d83ed,1332.23,2026-08-13T21:25:17,False,,
a4b0190d-dd40-111a-b276-d8192651daa3,e9ff1cae-41c8-ca8c-2a1f-955ad499da99,3c19e71d-1184-05ad-9e11-d2cd0930aef6,886.95,2026-08-13T21:37:34,False,,
bbbbfd67-30a4-c4b0-be3c-7c84176350f5,11b7e948-d0e6-e660-7c69-dee1bb5e4bcf,ad64b56c-610f-aa3f-f0bb-ac67aa38d0a1,3950.68,2026-08-13T21:38:12,False,,
ccc10250-7edd-8483-8cd4-e7bc7d338ca2,902059e4-ff9a-b5c2-9f04-4aed75523327,22bd3388-6db9-9102-a48b-3dbe157d94a1,100.0,2026-08-13T21:40:44,False,,
9ab8180f-5647-9889-c1c4-f6187925b7d5,a0a11839-e745-7704-18df-bc3ca0d4de3d,12476f57-a5e5-a5ab-aefc-fad8efc89849,954.84,2026-08-13T21:43:16,False,,
cfbbf4e3-e160-e35b-4da7-f63202447c10,4d6168bd-2def-e193-5c62-b3a23a3c563e,57207246-4223-623b-cc3e-bdde5ad5cf06,434.66,2026-08-13T21:46:53,False,,
ca916df7-3174-5b78-c705-dd1e63bb48b6,bb026576-f512-c4c3-b253-d2186c4a37ea,ab9099a4-35a2-40ae-5af3-05535ec42e08,1776.23,2026-08-13T21:55:15,False,,
60d8039e-92aa-71d5-61e7-2ff58cf50927,acdabacc-1165-e210-9854-3881118a9d29,d664d264-4c6e-27ff-b9de-7a3a486822b9,723.29,2026-08-13T21:57:26,False,,
6e6a3d5b-2154-be4a-61cf-91fb7e81cdfa,6e0d2648-35ce-8841-4973-2d6c4dcabfb7,6dadd6c7-95a7-6d79-bf3c-4c06434308bc,5401.89,2026-08-13T22:08:55,False,,
5ff0f8eb-6c09-90b6-53f4-238321b78e70,4ab7706e-b773-50ca-eec2-59dc7f95897c,dc5c0eed-8da0-365b-f898-97b9405cacec,2178.34,2026-08-13T22:45:29,False,,
26d6004f-3c82-3de9-d73c-92595a8258cb,a8c01f05-c478-f6f1-b88e-c318c16d83ed,b02b61c4-a3d7-0628-ece6-6fa2fd5166e6,3641.24,2026-08-13T22:46:10,False,,
4f199ec0-c32d-4526-b3e4-110a45f50c52,a56c0941-fbf2-4050-a748-dbcfac619e63,cf36d58b-4737-8190-96da-1dac72ff5d2a,1081.93,2026-08-13T23:35:57,False,,
71e4dc42-e33f-c52c-4570-83e4653c8f74,7a4c75d4-dc99-e04c-f0e9-8b3b40a26c60,b4fb0eb9-49c1-3de7-3b42-06c5085b15fb,2232.68,2026-08-13T23:37:40,False,,
b2574bf7-2439-6800-10c6-9c57ac49b6e2,587ef344-6f3f-920c-98b8-e4cc1bc044fc,439472e6-da58-7e8a-a25d-6b29afffcfd2,10084.76,2026-08-14T00:00:32,False,,
57bcad3a-d0a1-7fe8-5f64-2a5317cba85d,9549c931-e9af-299d-7f67-1eec3da70577,c1a6423b-9f64-eeed-5c9d-927d84b871bb,1437.21,2026-08-14T00:36:11,False,,
aadf3692-b24b-eb96-c092-7b7426b07ff6,b8a6171f-1ee3-4dc4-3b04-8a8b405bfdc9,610461e3-2a25-a888-0f02-bad0e7067ef4,837.64,2026-08-14T00:53:50,False,,
c58536b7-cf6d-2a9d-a72d-0bf4c84d16c0,398d1ca6-8b68-70b5-1d61-fac36cd5e859,41357e8c-30a9-00ad-939b-462de645f129,816.09,2026-08-14T01:06:48,False,,
37df8dfb-421a-4d96-35f1-e04bc5fe21d6,acdabacc-1165-e210-9854-3881118a9d29,7656af72-29d4-beef-3eab-edcbbaa80dd4,460.76,2026-08-14T01:20:58,False,,
b2f240e3-65e1-605b-bf8f-f33eee1595cf,288b78b5-b5b4-53ca-3d42-993ccc9fd334,47229389-571a-a876-6c30-7511b2b9437a,1493.43,2026-08-14T01:25:57,False,,
0b398e89-f842-e163-5455-5290017c75c5,92f5df7b-0323-d342-df6a-8f931a432f0a,398d1ca6-8b68-70b5-1d61-fac36cd5e859,515.96,2026-08-14T01:46:43,False,,
a94c8612-5e9b-e593-5257-06d0fd9c635d,bb2488a3-d363-57b6-6f81-cf4f7701f7bb,f7860b50-11c5-8ef0-dd46-3c09475287aa,760.13,2026-08-14T01:53:04,False,,
958c9cfd-a783-0a8f-415e-38051928aae5,d9178793-a9d3-c2e6-505c-c6869f871ce7,0b2c782a-6928-8e92-c68a-152fdb23aa8c,392.87,2026-08-14T02:57:09,False,,
25768869-5765-f418-8993-9c6e75863743,a0a11839-e745-7704-18df-bc3ca0d4de3d,f36cb62b-892e-6161-be2d-740a1e9b23bc,492.73,2026-08-14T03:26:07,False,,
5af7dfe2-c5b8-6c82-379c-c41aeb7d2448,6651529e-8268-690b-a438-25b559e4b671,088a93ec-70d9-c9f8-c9e2-60744f1639a0,2007.24,2026-08-14T03:49:43,False,,
9055e085-5f23-4322-e3b9-3a349d7739b2,11b7e948-d0e6-e660-7c69-dee1bb5e4bcf,a7f36ae9-25c7-3c44-3e75-c3b4664fa663,949.07,2026-08-14T03:51:47,False,,
dd419a67-5c37-5254-a8fc-5690e9b1c4a1,246998e8-d39e-198b-4400-7d5ae88da719,c2a79689-1933-918c-fa74-57616f18c108,288.49,2026-08-14T04:05:58,False,,
88cfc53d-1888-89ce-5cce-495db0377c52,f63fce41-3a9a-ca5e-1761-32ed069f14f1,beb79919-3f22-faf8-23be-d01d43cf2fde,2105.53,2026-08-14T04:16:21,False,,
3d4196fe-963a-8617-bdab-07e79d9d028e,8dfa6a56-d12d-bc9a-aaf9-15310200b1f0,06cb0fb3-9a1d-e644-815e-f6d13b8faa18,858.01,2026-08-14T04:27:43,False,,
620f4af4-9b77-ba46-1b88-fe699f7717ca,80962718-2051-acef-097a-1e10f6febc0e,b24445a7-b7e5-8481-31c6-81ec935f2b0a,382.34,2026-08-14T04:31:23,False,,
bf144332-4f6a-648f-cca9-7f8184381157,0e5dd462-cbd0-0ef2-530a-37df0bc61066,654821d0-7fcd-9eb1-a7ca-d415366eb16f,233.08,2026-08-14T04:41:02,False,,
04f718c8-5215-b503-3012-f8197df37378,6f962882-95d8-2980-ff37-d19c2e76128b,50c187fc-ce17-7b4e-0837-b8a3d261a7ab,5981.68,2026-08-14T05:03:33,False,,
69e44d26-d2d4-7ec7-6a77-982b029e435d,2a405f12-b963-f37f-6781-4c1fcc530e36,ffe3fa49-054f-92ff-f366-bad4964db03f,1265.71,2026-08-14T05:37:09,False,,
9ad24609-506d-5518-fc3b-9c087c152622,bf1e8366-4b8e-63d4-ce76-07adf7a67b94,b24445a7-b7e5-8481-31c6-81ec935f2b0a,2663.22,2026-08-14T05:47:08,False,,
95635c97-365f-982b-95ee-f45ca9c3640d,b8a6171f-1ee3-4dc4-3b04-8a8b405bfdc9,dc5c0eed-8da0-365b-f898-97b9405cacec,2574.51,2026-08-14T05:49:30,False,,
a8cf20c8-7545-3946-a81d-0ecfc27ff69e,288b78b5-b5b4-53ca-3d42-993ccc9fd334,a6348e78-4d5c-55c7-b379-cb1ee8cda0cc,3034.07,2026-08-14T05:52:39,False,,
43fffdea-3bd9-b015-7112-7f4b2df80502,6b8e869f-d538-5b0e-34f3-193c0ff0a55c,dd2467ac-778e-edb3-693d-ffbc6c6fa611,1079.97,2026-08-14T06:05:26,False,,
6667d3bb-e3b5-6360-6fdc-0bad5e368127,43e42caf-8181-a8cc-3691-47eb89a2688b,0c0fd195-c17a-f08a-1745-d6d87e570ddf,266.3,2026-08-14T06:19:13,False,,
0286675d-460d-b751-39cb-c41acc501bea,e9a1fa6f-81f7-6d1c-2dbc-2134c30ff46e,2e183554-cae2-8e66-ae8a-781390e0a95b,357.95,2026-08-14T06:21:46,False,,
6133a34d-8b0e-8eb1-ad37-1d9e92cf6021,6e0d2648-35ce-8841-4973-2d6c4dcabfb7,06cb0fb3-9a1d-e644-815e-f6d13b8faa18,2873.76,2026-08-14T06:36:04,False,,
c3b534db-9387-03c9-2b29-bf36c606ddc4,cd5f4822-6966-08aa-ee49-f329c84a7b28,4ab7706e-b773-50ca-eec2-59dc7f95897c,514.73,2026-08-14T06:40:59,False,,
740da9d6-9b46-5e04-b4cf-dcd732a1c14d,770c7798-37cc-863b-f2a0-345990604f62,2095eef6-8ded-f9fb-4bb0-0f20b27c4026,499.7,2026-08-14T06:42:40,False,,
9173cd93-775c-4f30-5769-6e2f1e228ade,7428a656-b3ee-4d3b-5a10-412954aebd1b,722764e6-8c41-561b-e827-a1b9d4a02e53,186.97,2026-08-14T06:57:25,False,,
0485742a-6d22-313c-256d-f639edd9636e,a2a9d4d8-102e-fde5-a5cc-8bf738ab854c,8f5486b7-c7b5-b2bc-5a8a-aeca1a50aec3,1470.79,2026-08-14T07:04:18,False,,
76ad57f1-6eec-50cb-00c8-5e9a408a5d2f,04f64d86-7866-0765-14f7-ce8dd5bcb8d0,8a63f881-ffd0-f9d5-a6f2-f7b80cf35b58,2490.76,2026-08-14T07:06:49,False,,
e9926bad-e633-5f58-8b7f-a47eadc5efc7,9549c931-e9af-299d-7f67-1eec3da70577,f16287e4-e9c3-49e0-3602-f8ac10f1bc81,494.71,2026-08-14T07:08:40,False,,
07ca07d8-d2c5-7940-927a-72dff89cad3f,9191b363-4e2d-6645-6dc7-cac7fd72b050,1a3d1fa7-bc89-60a9-23b8-c1e9392456de,1352.43,2026-08-14T07:26:08,False,,
f845846e-fdf0-861e-05eb-074dad900360,8f5486b7-c7b5-b2bc-5a8a-aeca1a50aec3,988c24c9-61b1-cd22-6280-1c4510435a10,1127.98,2026-08-14T07:36:54,False,,
ff9779f7-234b-20fd-ff7c-a58f9aa1f98b,ae9bec36-35c7-936c-5b99-62c6e61fecc0,5913f9d3-7852-99f4-175b-a98df8140102,3628.49,2026-08-14T07:46:27,False,,
0e512083-96e8-3922-dce7-0289411a315b,59970043-f3b1-025b-fff9-f5850d557b61,2a405f12-b963-f37f-6781-4c1fcc530e36,349.67,2026-08-14T07:52:14,False,,
1335e5db-0eaf-04b5-f2a9-dc8aca9e4a62,9b49bd26-df57-c59a-8715-a10343dac043,d289f0ab-618a-e305-95a5-bafa431d029f,7231.39,2026-08-14T07:52:48,False,,
b20c3a3f-fee8-acf1-0b3e-2b6e65f69897,980402a2-b07a-a066-7354-35ea68949b8d,4d3485c5-c5c1-4eb4-b27b-3d901a16342c,3785.55,2026-08-14T08:20:29,False,,
bc36dc59-e134-edfc-9777-7f10f2d2393f,610461e3-2a25-a888-0f02-bad0e7067ef4,ff233d5f-6ced-d15d-5800-7c0287ea7ff5,3413.75,2026-08-14T08:34:39,False,,
76c6533e-1b7a-5c94-ccc3-4f70b2995e18,e4429ebb-da7b-9095-63d6-2a39c0e3befd,db52ca58-0500-0bc6-b20d-cb6ef2311f17,1461.36,2026-08-14T08:36:34,False,,
9a940c6c-1c8e-806b-bdce-4d4d03a2cee9,4ca9cf07-b1aa-0f6a-2a96-e1e27194eae2,580d7b71-d8f5-6413-5be6-128e18c26797,806.11,2026-08-14T08:39:04,False,,
bccb296d-3bf5-d00a-282e-25e3d2832c0d,8f5486b7-c7b5-b2bc-5a8a-aeca1a50aec3,f1eedba3-1343-2e61-1ca3-c4480279b6a6,1062.69,2026-08-14T08:41:55,False,,
7580e4e9-5945-0186-da01-8d296060b1eb,610cf373-4299-9aa4-0cdf-742b2e85cb21,dc5c0eed-8da0-365b-f898-97b9405cacec,980.12,2026-08-14T08:50:21,False,,
9c2f3381-7736-fb28-225e-75c8f8f431f9,2d06e8cf-3805-f907-6cd6-6193c7468f59,6dadd6c7-95a7-6d79-bf3c-4c06434308bc,633.8,2026-08-14T08:54:10,False,,
6b6de0da-542e-2e6a-8200-b972a3e86f41,9326dffd-5be4-bf51-9269-869861a11729,41357e8c-30a9-00ad-939b-462de645f129,369.72,2026-08-14T09:24:24,False,,
1b3ac54c-e31f-2212-1654-c83f62510f01,cd5f4822-6966-08aa-ee49-f329c84a7b28,4d6168bd-2def-e193-5c62-b3a23a3c563e,3458.66,2026-08-14T09:30:05,False,,
ed0940f7-9217-4fb0-8e6b-308582e2b02d,9b689c88-3ae9-09fe-cc82-18dac696f5e6,5e781fd7-94e0-d3ba-a9f9-48b24e6384bb,424.37,2026-08-14T09:30:48,False,,
0f199b92-17b4-e6d0-9fc2-e9524e0bec8f,a32785f7-e61c-4368-72f1-f3186c4e77f7,2aeef929-b424-a7a0-bd1e-9e72fc1b3217,9283.0,2026-08-14T09:31:56,True,fan_in,C_FAN_IN_1
2054e592-101b-3c72-d61a-4a6930bf9bd2,9eb5d8d2-9620-818d-62c5-78296210b734,2aeef929-b424-a7a0-bd1e-9e72fc1b3217,8273.0,2026-08-14T09:58:54,True,fan_in,C_FAN_IN_1
a7f77451-42da-8609-46e1-ee40dc8ab6a7,1337739e-8d4f-5d27-2c7f-0b793d67cde9,c521bf2d-dc45-d539-c03f-3538e4855aa1,645.16,2026-08-14T10:07:34,False,,
ee01b9e0-746b-161a-31cc-6738f68ae9b7,3170f437-a8f7-ef5a-060e-df5b39118497,93b7a886-12f7-0c97-7de3-1a516694c343,3383.16,2026-08-14T10:09:17,False,,
b2f881eb-754c-e511-5313-3ea10c3c900f,913e4de2-e0c5-3cb8-3da9-c2a90ed42f1a,d664d264-4c6e-27ff-b9de-7a3a486822b9,1740.73,2026-08-14T10:18:00,False,,
a528698b-d756-b927-e0f0-200824a994d7,d9b00417-f68d-6979-7fe4-c46124e1ed79,2aeef929-b424-a7a0-bd1e-9e72fc1b3217,9242.0,2026-08-14T10:24:39,True,fan_in,C_FAN_IN_1
7a57772b-3c1a-8ce2-95ec-ec2c07983bc0,c8fe3ccd-c8b8-d9c6-ed30-49cf43e458fc,513a7052-986f-9025-8f15-ba58fce68504,1605.45,2026-08-14T10:27:04,False,,
d0fcb577-cec7-5674-8b19-f320b5230821,85123413-d9e3-23be-48cc-02e84da29b5e,2aeef929-b424-a7a0-bd1e-9e72fc1b3217,8354.0,2026-08-14T10:29:38,True,fan_in,C_FAN_IN_1
869ca44f-11d0-dc7a-f56c-cffaf31fbee0,ae973869-2ea1-51aa-bcf7-bbc28e38440e,2aeef929-b424-a7a0-bd1e-9e72fc1b3217,8428.0,2026-08-14T10:48:37,True,fan_in,C_FAN_IN_1
21f8072d-ddb7-570e-b390-b059207bbe21,3e83b91f-2544-0fe0-6e41-7d475ff595ea,96fc734d-a003-cd28-ca8f-3653c9af18f8,4045.98,2026-08-14T11:06:19,False,,
3ea7d639-8503-e3b7-1700-7953e2aef508,a4a5308d-4aec-4d62-f30f-a5b6b8280725,2aeef929-b424-a7a0-bd1e-9e72fc1b3217,8016.0,2026-08-14T11:12:59,True,fan_in,C_FAN_IN_1
b7b10072-3436-8737-28ff-a4907d525a4e,5dc57345-2136-6a4d-01a1-296ebf34d889,2aeef929-b424-a7a0-bd1e-9e72fc1b3217,8537.0,2026-08-14T11:23:25,True,fan_in,C_FAN_IN_1
710fc415-8f7c-0071-6fef-2c5dd7021edd,badcc32a-c159-0f53-8a0f-4efbedcd465e,2260e70f-e0cc-edc5-f05d-b76e1a84a51a,1164.37,2026-08-14T11:35:12,False,,
0acfbd89-da3e-d15a-a4f0-708a2d0d5e1d,398d1ca6-8b68-70b5-1d61-fac36cd5e859,b02b61c4-a3d7-0628-ece6-6fa2fd5166e6,1579.65,2026-08-14T11:37:40,False,,
09d7cc9c-6af9-8a8b-2e36-1846b8855367,d47d577b-fa5a-91ca-059d-d55d4b943e30,ccc56569-f9e8-a369-2999-b735dd56cc94,295.24,2026-08-14T11:43:58,False,,
01521e60-50f5-3bd8-72e8-9652884c0a55,9b689c88-3ae9-09fe-cc82-18dac696f5e6,22bd3388-6db9-9102-a48b-3dbe157d94a1,2484.35,2026-08-14T11:48:55,False,,
e2ad828b-113c-9f25-0b3f-953a5e75788f,aff8754d-1238-d630-743b-65a2dc0f2fcf,50c187fc-ce17-7b4e-0837-b8a3d261a7ab,1730.02,2026-08-14T12:25:35,False,,
aa0b46ea-1b0b-249d-a159-bef35cf90400,04fc6d82-7d15-4385-52fb-e43b99546eb4,22f235f2-e11b-868d-bf0d-073d821c1336,872.53,2026-08-14T12:55:06,False,,
402d35e8-1f47-d902-1ba8-4a917462f144,8da01097-be0f-051b-1b66-b5a9e3c43657,6232b17a-2507-4181-8d1f-b54074eff545,4918.5,2026-08-14T12:55:52,False,,
35868ed1-e4a2-618e-7328-8280e3ca0915,980402a2-b07a-a066-7354-35ea68949b8d,f96b648a-0ba6-eab9-4639-447b2067bdac,300.03,2026-08-14T14:42:08,False,,
28eccd72-636f-7abf-82c9-01df5fd229bc,d9178793-a9d3-c2e6-505c-c6869f871ce7,b02b61c4-a3d7-0628-ece6-6fa2fd5166e6,1081.56,2026-08-14T15:52:29,False,,
925f8199-6495-3d5f-0cb4-e891188df23b,83f4a9a9-48a6-39d0-15b5-2908a8aa7158,1a2a73ed-562b-0f79-c374-59eef50bea63,417.83,2026-08-14T15:59:53,False,,
5c494d63-1e4c-3fdf-556e-fce49d9e4da2,04fc6d82-7d15-4385-52fb-e43b99546eb4,944528c0-0ef8-c2d6-f7fd-564637bb3eec,1228.16,2026-08-14T16:20:14,False,,
dd357f0d-b042-7c62-ce9f-b2785f942c43,513a7052-986f-9025-8f15-ba58fce68504,fcf56188-d32e-6dcd-83bc-9478dd6ac7b8,2169.07,2026-08-14T16:26:02,False,,
8d9765c7-161d-5c87-53c9-fe594f89e3b2,dabac50d-ca3d-d859-c5ce-099c46b82659,3c19e71d-1184-05ad-9e11-d2cd0930aef6,1638.79,2026-08-14T16:54:40,False,,
210c78d9-7b9e-a9eb-aac4-363f1610ac0a,ffe3fa49-054f-92ff-f366-bad4964db03f,6dadd6c7-95a7-6d79-bf3c-4c06434308bc,816.52,2026-08-14T17:05:11,False,,
3d3fc0e0-944b-0f07-51e8-44c9b00ecc67,22f235f2-e11b-868d-bf0d-073d821c1336,a0ee89ae-d453-dd32-4b0d-bb418d5288f1,2337.39,2026-08-14T17:06:27,False,,
f369c683-16b5-cf7a-e038-9eb7a2807710,8b10550c-d570-4f32-702c-dd20286218b8,47229389-571a-a876-6c30-7511b2b9437a,3152.83,2026-08-14T17:15:08,False,,
990f0c5b-adcc-3daf-569f-3ab3c6435300,f1578470-0182-67c4-7a1b-58066160a6b4,2a405f12-b963-f37f-6781-4c1fcc530e36,362.73,2026-08-14T17:35:41,False,,
178976de-9e90-d107-0611-3bfe08b6f61d,41357e8c-30a9-00ad-939b-462de645f129,8f5486b7-c7b5-b2bc-5a8a-aeca1a50aec3,239.08,2026-08-14T18:03:53,False,,
c6bdce43-0902-5afd-164e-9cd4cade4865,e9ff1cae-41c8-ca8c-2a1f-955ad499da99,ff5e9ff0-ff50-bde4-3825-67b85cabcc97,423.3,2026-08-14T18:16:36,False,,
0088b13a-7d21-94cb-bd5a-6112d1b22e3c,787f2425-dbcc-c477-09e9-db0adf465290,cf36d58b-4737-8190-96da-1dac72ff5d2a,1916.64,2026-08-14T18:16:50,False,,
f9e6debb-afe2-487f-4fdf-af5dbc75ed53,770c7798-37cc-863b-f2a0-345990604f62,2f32751e-5738-811d-70c2-903f7a8d03aa,1550.77,2026-08-14T18:25:52,False,,
8f9afd51-1a58-fa44-37ab-aed786faaa83,7a4c75d4-dc99-e04c-f0e9-8b3b40a26c60,b386f7a4-c991-603f-28c1-3091444d610b,3504.76,2026-08-14T18:26:04,False,,
6012a24e-3c16-8418-fd5b-af207da23e1b,ff233d5f-6ced-d15d-5800-7c0287ea7ff5,6dadd6c7-95a7-6d79-bf3c-4c06434308bc,1142.44,2026-08-14T18:45:11,False,,
85764472-4fef-c63f-8d41-d66082fce908,81f631d4-a392-31a7-d777-a4774c66e0a8,acdabacc-1165-e210-9854-3881118a9d29,894.64,2026-08-14T18:47:59,False,,
2c9de90a-b805-ae3c-4312-5b58e2a868e7,f1eedba3-1343-2e61-1ca3-c4480279b6a6,598336e3-75d6-6ed4-eb1f-a9f2d10bd1d0,1099.98,2026-08-14T19:00:05,False,,
9a898be7-9e49-b057-386e-995d3b014893,d4f8fd72-f382-1cfd-c083-b73a473bd358,1a2a73ed-562b-0f79-c374-59eef50bea63,1354.63,2026-08-14T19:06:11,False,,
69b41194-44d1-8524-cf0e-1567882d7fc1,aff8754d-1238-d630-743b-65a2dc0f2fcf,6dadd6c7-95a7-6d79-bf3c-4c06434308bc,6341.02,2026-08-14T19:40:21,False,,
ae9abf14-3473-b11a-73a5-24c13c8bc189,a6348e78-4d5c-55c7-b379-cb1ee8cda0cc,c0e9ab30-ed26-62e9-17e0-11b7f8102383,599.45,2026-08-14T19:46:12,False,,
c8347776-04ca-c3d1-3506-e337683d21a9,8a14be62-295b-4715-c333-e8615fb8d16c,e7c99b26-1141-25c6-3a9b-edd40f1259e0,444.94,2026-08-14T19:56:49,False,,
a6c2b716-f7bd-7750-9a76-50dd720f2288,793b4c32-2050-0494-3d11-48022702878b,a56c0941-fbf2-4050-a748-dbcfac619e63,669.73,2026-08-14T20:29:37,False,,
bc4600bd-5842-20f1-d310-5f4f403e3ee2,787f2425-dbcc-c477-09e9-db0adf465290,d58842de-a2bc-372f-7412-b29347294739,1373.76,2026-08-14T20:31:07,False,,
22498f66-6e51-484d-1b84-edc3d8e049de,3dc98290-15ea-bb27-30e9-12f2f2b43abf,bdd640fb-0667-1ad1-1c80-317fa3b1799d,219.76,2026-08-14T20:55:15,False,,
840c5cb0-82b3-4384-9979-cf26c8b190e1,8f5486b7-c7b5-b2bc-5a8a-aeca1a50aec3,1a3d1fa7-bc89-60a9-23b8-c1e9392456de,100.0,2026-08-14T21:13:18,False,,
693016ea-e0bd-a1ee-5807-cf74e1509425,2e183554-cae2-8e66-ae8a-781390e0a95b,3dc98290-15ea-bb27-30e9-12f2f2b43abf,297.53,2026-08-14T21:19:20,False,,
d1fa82a6-c60b-340c-f21a-6f380eb5e5a7,49c8a43f-7ed7-0ed7-b194-990b6961929e,50c187fc-ce17-7b4e-0837-b8a3d261a7ab,857.7,2026-08-14T21:45:39,False,,
2ae63af6-de46-222e-2514-c7cef4e35f7b,f6f7f0cc-29ec-8e49-d1bd-b8c0c71d5e60,19675f06-bd76-7e35-f5c9-b0479c10c572,2237.24,2026-08-14T21:49:26,False,,
ae3acdf2-eac9-b1cc-9ea3-93eadb646a33,382c043f-7cfc-9b79-3875-394ce5d6f6e6,2a405f12-b963-f37f-6781-4c1fcc530e36,1894.54,2026-08-14T21:56:32,False,,
afcfea4d-627e-91e1-af35-fbc0e1057ec8,3170f437-a8f7-ef5a-060e-df5b39118497,9b689c88-3ae9-09fe-cc82-18dac696f5e6,715.97,2026-08-14T22:12:00,False,,
7fcee629-ea8e-55a5-4566-5e791a9aab54,722764e6-8c41-561b-e827-a1b9d4a02e53,dc5c0eed-8da0-365b-f898-97b9405cacec,562.2,2026-08-14T22:23:08,False,,
d4cd45a9-870d-8661-0e1c-0d4db2eb3819,a65e688e-abf3-ad39-fec2-1bbe66245bfa,f63fce41-3a9a-ca5e-1761-32ed069f14f1,3285.1,2026-08-14T22:36:18,False,,
c4e0b1c7-6d18-50e9-2d53-cf3047820b9c,2260e70f-e0cc-edc5-f05d-b76e1a84a51a,67f48ad5-4d0b-0d1a-91b0-e1d99d9262af,1728.04,2026-08-14T22:37:25,False,,
a9943d14-3f55-5c7d-534d-388e7279ec9e,22bd3388-6db9-9102-a48b-3dbe157d94a1,6502d6a2-ca6a-2224-171e-16cc5da36f1b,1911.43,2026-08-14T22:41:43,False,,
07e9fb0b-998d-eba3-6ec8-261b1336d4de,75b17a55-d426-2982-e43e-4288a2b5b498,ff5e9ff0-ff50-bde4-3825-67b85cabcc97,812.67,2026-08-14T23:06:37,False,,
713f8f8c-ec8b-e537-58ab-4778143b45e3,bf1e8366-4b8e-63d4-ce76-07adf7a67b94,49c8a43f-7ed7-0ed7-b194-990b6961929e,2495.04,2026-08-14T23:06:49,False,,
96818aed-75ec-c661-d3b4-a1d19bfc24bd,69ca97d2-7644-14fd-8ae7-69edde8ede0b,49c8a43f-7ed7-0ed7-b194-990b6961929e,333.82,2026-08-14T23:20:52,False,,
e8646e0c-80d4-58b9-2f61-5360182047f7,c1a6423b-9f64-eeed-5c9d-927d84b871bb,bdd640fb-0667-1ad1-1c80-317fa3b1799d,243.54,2026-08-14T23:31:09,False,,
7e63f654-53ff-5f1f-150e-33880a6552a5,ff233d5f-6ced-d15d-5800-7c0287ea7ff5,6dadd6c7-95a7-6d79-bf3c-4c06434308bc,686.98,2026-08-14T23:51:37,False,,
54ce20ea-bb9d-92c0-d8d0-b8db3aa06694,a65e688e-abf3-ad39-fec2-1bbe66245bfa,dd2467ac-778e-edb3-693d-ffbc6c6fa611,473.8,2026-08-15T00:04:28,False,,
c5c5ae8a-be15-ad12-90ce-77e9751303b9,b4a69f3c-8d3a-ed99-711c-21c9bdc14f1f,44656d6b-81fb-18b3-c9a7-d91fef2ae713,2019.03,2026-08-15T00:19:31,False,,
8d366459-80f6-c26c-f7ee-fd84b31c8349,cd5f4822-6966-08aa-ee49-f329c84a7b28,a0ee89ae-d453-dd32-4b0d-bb418d5288f1,2502.63,2026-08-15T00:20:49,False,,
e7e337c4-ed44-1085-5024-26c63a53de53,92f5df7b-0323-d342-df6a-8f931a432f0a,d4aac9a3-3ed8-c56c-da09-dfa052828d80,1590.98,2026-08-15T00:38:51,False,,
bfda55c9-98fe-b4f3-ec40-d95ab1eedf64,a319dcb4-217d-65a0-c568-11cd5563f616,1a3d1fa7-bc89-60a9-23b8-c1e9392456de,281.5,2026-08-15T00:57:08,False,,
9a4ffc0c-9165-f2ed-4c63-6e95025f5543,9549c931-e9af-299d-7f67-1eec3da70577,1a3d1fa7-bc89-60a9-23b8-c1e9392456de,1110.98,2026-08-15T01:15:12,False,,
e69bf25c-28e9-772b-8fd7-dcedcd65e328,d1843324-17e8-392a-55ce-e5db9e87e04c,06cb0fb3-9a1d-e644-815e-f6d13b8faa18,532.86,2026-08-15T01:34:22,False,,
7ca08cde-4dbb-b7cd-29a0-99deaa10e595,715629ee-e893-be3d-7354-ea6f61607459,b02b61c4-a3d7-0628-ece6-6fa2fd5166e6,241.36,2026-08-15T01:37:12,False,,
481186e9-1625-34ca-9b47-e6394d2551eb,dd81b7f5-7d59-11c6-a8f1-e091ffb8102d,654821d0-7fcd-9eb1-a7ca-d415366eb16f,1538.4,2026-08-15T01:41:02,False,,
f7aeede8-0a11-9bac-8df2-1ad52d36db7e,b4fb0eb9-49c1-3de7-3b42-06c5085b15fb,47229389-571a-a876-6c30-7511b2b9437a,993.09,2026-08-15T01:49:34,False,,
7e32e5d0-96b9-3974-f587-03c5199ae3da,77097749-527e-ecfa-a79a-c9aa9b4e2c24,9854ce4e-4ebf-a5c3-cae9-b4a72a79ea68,2844.48,2026-08-15T01:54:59,False,,
e29cb897-1429-25a0-768e-212daeb00fb9,46d483f3-d450-281c-6c6f-7633a2607723,8b8148f6-b38a-088c-a65e-d389b74d0fb1,400.8,2026-08-15T02:00:48,False,,
ea4d7ed8-d04a-902a-a8db-2a2c3d8a0701,e7c99b26-1141-25c6-3a9b-edd40f1259e0,9326dffd-5be4-bf51-9269-869861a11729,279.79,2026-08-15T02:23:20,False,,
974e598d-836b-47c3-7c71-1cc8665173fa,894a05e4-30b1-87ef-310c-0c003fa7f104,12476f57-a5e5-a5ab-aefc-fad8efc89849,543.49,2026-08-15T02:46:36,False,,
979a7368-bd96-bb0a-5719-d3e416d1d768,14822f53-8201-0c62-f5f5-9b220e8fa8e0,a53f8a28-abf3-e3fc-2181-3d25655238a6,755.34,2026-08-15T03:00:43,False,,
bb5493e6-ff63-0fac-16ac-b78e1a617efe,3170f437-a8f7-ef5a-060e-df5b39118497,6105716b-ab0e-664e-9c3e-b2d591e1aa96,673.69,2026-08-15T03:09:50,False,,
cbb02a8b-d908-a121-d1a7-ba2011b461e9,43d88870-f81d-baa1-c812-0a8e78308930,0a4c9f7f-9384-ec2b-44fe-acaed248a9a7,3509.27,2026-08-15T03:25:31,False,,
f840596b-357c-e81a-3754-85e6ea9ed202,fbc9f87a-f668-a617-94a1-875d2db69edb,47229389-571a-a876-6c30-7511b2b9437a,363.27,2026-08-15T03:28:40,False,,
9cdc546c-d4f0-fd63-1259-d65486adab8e,1e52d770-3f89-7142-fe71-6b1415ce6a66,889b78d5-dbfd-d97e-aca2-b148da330aa1,2162.77,2026-08-15T03:32:19,False,,
84bbaf7a-9711-3545-2e2f-cae7aedb3046,506e5a9a-b758-588d-ab73-295b344a54b8,722764e6-8c41-561b-e827-a1b9d4a02e53,2671.47,2026-08-15T03:32:29,False,,
a22966c4-ca39-d65a-991f-210234aaf8d4,1337739e-8d4f-5d27-2c7f-0b793d67cde9,1a2a73ed-562b-0f79-c374-59eef50bea63,293.17,2026-08-15T03:34:36,False,,
7c193e6f-496c-c03a-06fd-01e69fd33d40,fb16e5db-a6ea-b79e-d21c-82f8cada4f80,6dadd6c7-95a7-6d79-bf3c-4c06434308bc,2091.18,2026-08-15T03:55:01,False,,
b8efd250-b9fe-60c6-b2b3-02d311162039,9854ce4e-4ebf-a5c3-cae9-b4a72a79ea68,e2817efd-ae84-9217-1d53-434bb88139b9,8212.29,2026-08-15T04:04:33,False,,
0bb81d38-1b37-ef19-b3bc-912f5fb7474e,6786d506-38ba-8abc-4b53-05e517d2582e,6105716b-ab0e-664e-9c3e-b2d591e1aa96,1026.51,2026-08-15T04:11:07,False,,
7e984064-e3b1-9fd8-c06c-bd3fac334f9c,8da01097-be0f-051b-1b66-b5a9e3c43657,80962718-2051-acef-097a-1e10f6febc0e,468.06,2026-08-15T04:43:42,False,,
fad3b44c-3b2d-ddc9-62f3-2faea63fcf12,2e183554-cae2-8e66-ae8a-781390e0a95b,771ad655-cdfc-6ee0-e61e-de900267deb3,1603.91,2026-08-15T04:46:55,False,,
83b0b35c-dba6-fdf8-f3d0-4ffb44709848,8a14be62-295b-4715-c333-e8615fb8d16c,bd1531c8-3764-fbda-3108-d4482f65fafa,2503.43,2026-08-15T04:56:38,False,,
760fdd95-93dd-bda1-34fe-6da807e86429,c8fe3ccd-c8b8-d9c6-ed30-49cf43e458fc,a3917c99-4c95-5f6a-966b-1964fcd6bdca,3341.99,2026-08-15T05:20:55,False,,
7951d52b-21cc-8ba7-ee85-4c728a9b7b20,907bfe36-9786-48f8-64de-82e6e82c7d7b,654821d0-7fcd-9eb1-a7ca-d415366eb16f,1625.36,2026-08-15T05:34:01,False,,
7d8da92b-93ba-f4a3-23cd-8a4471e64bce,9b49bd26-df57-c59a-8715-a10343dac043,8e485223-46b9-8991-e14e-b70db380c73a,393.79,2026-08-15T05:49:55,False,,
0aba590e-e2c3-28aa-3310-7475ca862225,ccc56569-f9e8-a369-2999-b735dd56cc94,db20a56e-dc81-5fe7-ceda-8bbb71710434,1423.76,2026-08-15T05:53:07,False,,
9a3f0ad1-69a9-aff9-235f-c3d52224a806,913e4de2-e0c5-3cb8-3da9-c2a90ed42f1a,61985d54-cfb8-7e6f-e9d6-8f23b489d070,1862.74,2026-08-15T06:44:13,False,,
2fddb26a-1310-6665-aec2-bb19fbc398d8,913e4de2-e0c5-3cb8-3da9-c2a90ed42f1a,093923de-8bab-ce3b-2628-6bfbe767dcea,1626.93,2026-08-15T06:44:30,False,,
a1243bea-0da2-6154-3f46-a43a53e2e047,551ac8ea-585a-0afa-7bfd-cc1289e06ab3,8b8148f6-b38a-088c-a65e-d389b74d0fb1,875.88,2026-08-15T06:44:51,False,,
f4eae769-8366-c189-cd8d-9f751df44d3e,513a7052-986f-9025-8f15-ba58fce68504,87e5f0fe-5da8-d6d2-f8b3-8a8be05fb8bc,362.66,2026-08-15T06:49:41,False,,
d3520a91-4873-d252-37a2-a1800a7be6e7,b92da22b-21df-306f-8a0b-3c3336d8393a,770c7798-37cc-863b-f2a0-345990604f62,180.7,2026-08-15T07:22:53,False,,
c080aba4-9e07-809d-1888-54db66d4b394,3a3c8a71-ff57-4e2b-4991-ab9bebc2026f,3b982ef8-daf6-1a26-146d-3f31fc377a4c,1862.53,2026-08-15T07:36:10,False,,
8af35cd2-b66e-550b-5c8a-6866af9c5cfb,ae9bec36-35c7-936c-5b99-62c6e61fecc0,654821d0-7fcd-9eb1-a7ca-d415366eb16f,3282.86,2026-08-15T07:43:03,False,,
d06405a8-5bd2-9cb1-0845-3b2f8a8a4105,2dea9493-0658-663a-698c-206fe1a47e10,17dc8eff-6872-13f9-8d60-593603802b70,938.54,2026-08-15T07:51:49,False,,
ab640937-a52a-ea24-9248-9bee858fab60,fcf56188-d32e-6dcd-83bc-9478dd6ac7b8,b4a69f3c-8d3a-ed99-711c-21c9bdc14f1f,935.38,2026-08-15T07:52:33,False,,
002f2ca4-743e-8531-5dfb-19228aa6b006,dfcaf0b7-19b1-7e80-dea4-ae1754fd9ad3,f2e9702d-11e9-cdaa-6e69-81a35d3d9e56,412.25,2026-08-15T08:29:01,False,,
99adf607-c26e-3dbd-9acb-0045a449aefa,43d88870-f81d-baa1-c812-0a8e78308930,b02b61c4-a3d7-0628-ece6-6fa2fd5166e6,130.25,2026-08-15T09:20:40,False,,
09b4413c-a45c-a94a-3452-98c460310461,ccc56569-f9e8-a369-2999-b735dd56cc94,b7b56ea7-35eb-d32d-9ad6-20ab48212ddb,1878.63,2026-08-15T09:34:52,False,,
2ef17a90-8bbb-8f3f-760e-36aaa0d980ba,f36cb62b-892e-6161-be2d-740a1e9b23bc,a8c01f05-c478-f6f1-b88e-c318c16d83ed,2688.77,2026-08-15T10:25:09,False,,
e5b58f30-8486-8583-906a-e95d0c5c9940,6efb63b1-1b04-9863-7d7d-dbedd284476c,513a7052-986f-9025-8f15-ba58fce68504,1209.53,2026-08-15T10:26:10,False,,
dcb91d5f-593c-572b-4347-dbca7321a8b2,61ee6c5b-deef-580f-9c07-a75114374509,1a3d1fa7-bc89-60a9-23b8-c1e9392456de,606.94,2026-08-15T10:51:21,False,,
e592ee7c-6831-99c6-f480-ada5e68c1348,3e83b91f-2544-0fe0-6e41-7d475ff595ea,c8fe3ccd-c8b8-d9c6-ed30-49cf43e458fc,1035.23,2026-08-15T11:10:15,False,,
9c174363-bc44-cb36-d89c-568d5674e177,75a66981-4104-a8b5-a34d-b7c5760debbb,50c187fc-ce17-7b4e-0837-b8a3d261a7ab,362.75,2026-08-15T11:21:18,False,,
6abdb05a-1be0-0f8e-0c8d-51d21673aefb,2d06e8cf-3805-f907-6cd6-6193c7468f59,e2817efd-ae84-9217-1d53-434bb88139b9,720.4,2026-08-15T11:42:34,False,,
fa236dbb-6c4d-1774-2bee-2fff8b5f93fe,458f1f19-3c07-c574-4925-7af1b6aae05b,d882b5c1-f79e-fd70-65bc-c272fadd7ea3,4981.32,2026-08-15T11:52:06,False,,
e651e3e1-3d84-6fc9-c3f6-2136846d5a3b,ae9bec36-35c7-936c-5b99-62c6e61fecc0,8b8148f6-b38a-088c-a65e-d389b74d0fb1,616.58,2026-08-15T12:07:00,False,,
f2d058ca-7b2e-329d-9f80-bd12299606d2,0ea2622b-5048-67ba-bf7b-539b0f9aea4b,1a2a73ed-562b-0f79-c374-59eef50bea63,319.73,2026-08-15T12:27:31,False,,
11529a73-d1fc-dedd-6102-2b56e5c482ff,a7f36ae9-25c7-3c44-3e75-c3b4664fa663,236c7b87-14a0-bccb-8a47-6a87e49d681d,437.62,2026-08-15T12:42:12,False,,
c809a0b4-71a8-4189-565b-b785b8f985fc,658b2523-6014-1de9-f54a-d0a2e87466d7,d58842de-a2bc-372f-7412-b29347294739,4501.75,2026-08-15T12:57:06,False,,
f1b88d65-406f-64d6-5c72-aebd13b11e59,cbd58bf6-1efd-76e9-ce37-14af99b49350,d664d264-4c6e-27ff-b9de-7a3a486822b9,393.71,2026-08-15T13:14:12,False,,
b34191b8-ed65-22b4-b5a5-f8e6b6391f04,3a3c8a71-ff57-4e2b-4991-ab9bebc2026f,d89a40c0-e87d-1c78-e7c4-21c740497b71,340.81,2026-08-15T13:28:29,False,,
e7ad595b-dc73-9cbc-6e04-775894eb2ddd,f36cb62b-892e-6161-be2d-740a1e9b23bc,bdd640fb-0667-1ad1-1c80-317fa3b1799d,3429.43,2026-08-15T13:28:47,False,,
7c2ce385-ab00-764e-4ac8-1bdae0028f9a,c268283e-e32f-2e63-b7fd-dd71a075e927,6651529e-8268-690b-a438-25b559e4b671,1846.64,2026-08-15T13:38:33,False,,
ef4c113d-c35f-4e12-3bfb-48d5e09f6e24,766ecb15-474e-bc19-2ef9-12766c006f61,e2817efd-ae84-9217-1d53-434bb88139b9,1330.87,2026-08-15T13:43:38,False,,
8ee9581a-e061-f65f-a859-6f8cd73418fe,3c19e71d-1184-05ad-9e11-d2cd0930aef6,b4a69f3c-8d3a-ed99-711c-21c9bdc14f1f,5681.48,2026-08-15T13:45:08,False,,
6db3bda5-4dc4-f59c-355c-dfff5ffa7dbe,513a7052-986f-9025-8f15-ba58fce68504,3b982ef8-daf6-1a26-146d-3f31fc377a4c,2909.73,2026-08-15T13:46:34,False,,
25e17dad-d2f6-2f9d-1b43-5fdc41f4d834,a65e688e-abf3-ad39-fec2-1bbe66245bfa,0e5dd462-cbd0-0ef2-530a-37df0bc61066,1742.73,2026-08-15T13:55:27,False,,
7aa061e9-336b-00cb-b1fe-ad13f280df1d,a7f36ae9-25c7-3c44-3e75-c3b4664fa663,50c187fc-ce17-7b4e-0837-b8a3d261a7ab,262.4,2026-08-15T14:01:56,False,,
0d211dc4-679b-03d4-fdc6-aebfb96a3419,913e4de2-e0c5-3cb8-3da9-c2a90ed42f1a,5e5ba13d-746c-db77-1fa3-82e8895ccd99,424.81,2026-08-15T14:11:17,False,,
cf674365-a4c1-c966-a682-c0fb159e9c9f,f7860b50-11c5-8ef0-dd46-3c09475287aa,6f962882-95d8-2980-ff37-d19c2e76128b,766.37,2026-08-15T14:20:03,False,,
6f46f1b1-2ace-1aa9-1032-46b3255bfc1c,d9178793-a9d3-c2e6-505c-c6869f871ce7,6efb63b1-1b04-9863-7d7d-dbedd284476c,100.0,2026-08-15T14:50:36,False,,
1a10748c-fd8f-b938-fbac-9ade7fe436d1,6232b17a-2507-4181-8d1f-b54074eff545,2f32751e-5738-811d-70c2-903f7a8d03aa,9556.74,2026-08-15T15:18:46,False,,
1fb0ef34-c849-7436-18b4-75b1c12a34f4,9854ce4e-4ebf-a5c3-cae9-b4a72a79ea68,474a493b-3ced-df2d-839f-bc501223b513,1888.62,2026-08-15T15:26:34,False,,
bf72ae52-304b-2370-8270-12389b5f8f39,2dea9493-0658-663a-698c-206fe1a47e10,7656af72-29d4-beef-3eab-edcbbaa80dd4,1657.28,2026-08-15T15:26:49,False,,
389641dd-8570-b59f-a903-ae67fc568b53,9549c931-e9af-299d-7f67-1eec3da70577,2260e70f-e0cc-edc5-f05d-b76e1a84a51a,1940.87,2026-08-15T15:34:51,False,,
db107e7f-36fe-a0b4-38cd-9122fc0145e1,1c8eaee9-5715-bd6f-a416-1293c4c2e2e3,83f4a9a9-48a6-39d0-15b5-2908a8aa7158,3145.23,2026-08-15T15:40:15,False,,
3a215b51-e687-6705-0431-59ef246ec70f,8bcf53a1-bc10-fa52-bf5d-2fdf89c8d2ab,587ef344-6f3f-920c-98b8-e4cc1bc044fc,1632.6,2026-08-15T15:49:22,False,,
bd673458-8f2d-0b17-7e7d-5e884dcd5534,148f8b74-a65b-b1f2-65c1-7795b15516bc,4d6168bd-2def-e193-5c62-b3a23a3c563e,5292.19,2026-08-15T15:50:50,False,,
64abd035-8f65-abf9-3da3-4aca1e0724a8,859131d2-bbda-0242-2d17-4fc96f7c15ea,4ab7706e-b773-50ca-eec2-59dc7f95897c,147.84,2026-08-15T16:30:21,False,,
5fcc997d-1cbb-304b-2ccd-a2af4d64bb63,787f2425-dbcc-c477-09e9-db0adf465290,2e8d0e87-5334-20e6-d9d8-0b8d7e8adee7,3601.18,2026-08-15T16:35:16,False,,
81e0d489-5a18-e2a3-0e61-4bcd97674900,5260001e-eecf-67d2-7491-76f46090d697,2095eef6-8ded-f9fb-4bb0-0f20b27c4026,2782.99,2026-08-15T16:48:40,False,,
a5a6ab3a-f575-7b77-ff3c-6d4ea1dc9cab,382c043f-7cfc-9b79-3875-394ce5d6f6e6,7b3a4e3e-7c52-fa17-680a-c07a2a935d62,2624.01,2026-08-15T16:49:13,False,,
9a87e44d-1daf-7374-a255-80efbdf7f8f0,610cf373-4299-9aa4-0cdf-742b2e85cb21,580d7b71-d8f5-6413-5be6-128e18c26797,2000.61,2026-08-15T16:58:03,False,,
057d4e28-3a4e-2920-f8b1-f902e05f039c,d664d264-4c6e-27ff-b9de-7a3a486822b9,3a3c8a71-ff57-4e2b-4991-ab9bebc2026f,362.96,2026-08-15T17:30:28,False,,
3a4d1f57-4715-5ad3-8ca0-cd2ada9398e6,43d88870-f81d-baa1-c812-0a8e78308930,bf1e8366-4b8e-63d4-ce76-07adf7a67b94,500.81,2026-08-15T17:37:44,False,,
04a434e7-ffcf-956e-0c0b-6cd18e8c71d8,81f631d4-a392-31a7-d777-a4774c66e0a8,cd5f4822-6966-08aa-ee49-f329c84a7b28,559.2,2026-08-15T17:46:48,False,,
bb63721d-1c45-eba3-8159-ace5fca91028,fcf56188-d32e-6dcd-83bc-9478dd6ac7b8,610cf373-4299-9aa4-0cdf-742b2e85cb21,397.52,2026-08-15T18:07:05,False,,
0205e16a-581a-b26c-e8c3-5a79504e54ac,1dad09b2-52c2-1221-409d-360250843242,6dadd6c7-95a7-6d79-bf3c-4c06434308bc,5870.53,2026-08-15T18:33:43,False,,
6c267b56-2a9e-dda7-761a-d9144931b2d4,dabac50d-ca3d-d859-c5ce-099c46b82659,f84f16b3-a79f-bfaf-def5-768968f45bce,706.46,2026-08-15T18:49:52,False,,
abe5be96-a793-9a2e-34f4-34048ff50701,12e89d10-2871-1733-8bed-db12ad77e82f,7656af72-29d4-beef-3eab-edcbbaa80dd4,1421.86,2026-08-15T18:52:56,False,,
82095583-e03f-7c17-cc65-037491e22c1e,2d06e8cf-3805-f907-6cd6-6193c7468f59,1a2a73ed-562b-0f79-c374-59eef50bea63,2537.51,2026-08-15T18:57:21,False,,
cd840a47-fd7b-1279-d253-55159dc0a8b5,b4a69f3c-8d3a-ed99-711c-21c9bdc14f1f,0bbb2599-11ce-5dd2-b45e-d1f03139d32c,2064.01,2026-08-15T19:08:22,False,,
537c64b0-89d5-af23-050b-d8482b76a718,ef8c485b-c07a-30f2-edd4-253b50f0fd0a,76f2dbfe-cd29-a36f-2222-82e174daaebf,1011.59,2026-08-15T19:14:55,False,,
a7cde143-6de2-1429-3bf0-d9c1c156e501,fcf56188-d32e-6dcd-83bc-9478dd6ac7b8,6f962882-95d8-2980-ff37-d19c2e76128b,2420.34,2026-08-15T19:56:38,False,,
fd267a93-7f23-82b5-0d1b-293ba9cef593,6232b17a-2507-4181-8d1f-b54074eff545,50c187fc-ce17-7b4e-0837-b8a3d261a7ab,483.75,2026-08-15T20:45:13,False,,
b0946d2a-2aa9-3b43-6d15-f16fb7b8c1a5,d6d7b3b8-3309-4d35-3f4d-f561f319c125,50c187fc-ce17-7b4e-0837-b8a3d261a7ab,933.29,2026-08-15T21:05:36,False,,
8769ee24-1875-589a-7d57-a51fce8a5306,f96b648a-0ba6-eab9-4639-447b2067bdac,74f93d17-e912-b4bf-86a4-bae41986b4b2,187.08,2026-08-15T21:09:22,False,,
35910434-d342-66c9-4d88-136e67f778de,fbc9f87a-f668-a617-94a1-875d2db69edb,ff5e9ff0-ff50-bde4-3825-67b85cabcc97,1911.25,2026-08-15T21:09:48,False,,
2bb24cbc-9c79-4cdb-74c8-836118e824e9,74f93d17-e912-b4bf-86a4-bae41986b4b2,5260001e-eecf-67d2-7491-76f46090d697,4646.01,2026-08-15T22:04:26,False,,
e1236175-3e22-a676-054d-35aa28998ac0,2a405f12-b963-f37f-6781-4c1fcc530e36,1ff49b78-8946-3e85-759c-de66bacfb3d0,1473.84,2026-08-15T22:15:34,False,,
0191d19d-c45c-3fbb-52ec-ac278ccc617e,83f4a9a9-48a6-39d0-15b5-2908a8aa7158,7656af72-29d4-beef-3eab-edcbbaa80dd4,356.84,2026-08-15T22:34:51,False,,
49ed856e-723d-facd-f601-e005c4c4f69f,fbe33b24-3eae-0032-0bd4-a9900640be0f,69ca97d2-7644-14fd-8ae7-69edde8ede0b,4488.83,2026-08-15T22:55:06,False,,
00c59f30-d103-1424-4124-1bb4655ce508,fcf56188-d32e-6dcd-83bc-9478dd6ac7b8,a8b317fa-18d0-752b-1825-bc5430beb45f,1612.14,2026-08-15T23:02:36,False,,
f2193325-c1b1-56bd-fa2b-adf71c894d39,9191b363-4e2d-6645-6dc7-cac7fd72b050,ab9099a4-35a2-40ae-5af3-05535ec42e08,867.82,2026-08-15T23:46:57,False,,
c422d03e-f29a-6339-577b-c55a36d55494,6e068097-25e9-7977-8d72-48e2951f58d0,e9ff1cae-41c8-ca8c-2a1f-955ad499da99,1574.41,2026-08-15T23:51:18,False,,
af6c6f61-cfef-a2a2-e735-4db25ce4124b,1337739e-8d4f-5d27-2c7f-0b793d67cde9,beb79919-3f22-faf8-23be-d01d43cf2fde,1028.51,2026-08-16T00:19:26,False,,
1e93d127-2cf7-2140-bd9b-c648a8761e85,9854ce4e-4ebf-a5c3-cae9-b4a72a79ea68,6dadd6c7-95a7-6d79-bf3c-4c06434308bc,1496.53,2026-08-16T00:20:56,False,,
df9a09f5-7643-5b4e-1508-faec40793ca3,f6802cdb-77e4-90c7-1d7b-c313cde22f1c,44656d6b-81fb-18b3-c9a7-d91fef2ae713,4802.7,2026-08-16T00:41:33,False,,
28a5e34d-798b-2f02-aa2f-d9d1b5ad09f5,d4f8fd72-f382-1cfd-c083-b73a473bd358,ae340454-cac5-b68c-28f4-9481a0a04dc4,598.42,2026-08-16T00:53:35,False,,
557c9198-dc40-6c3b-2e50-b78bd45fd39a,b92da22b-21df-306f-8a0b-3c3336d8393a,47229389-571a-a876-6c30-7511b2b9437a,829.02,2026-08-16T01:03:41,False,,
7930ba20-8b04-0f49-d0be-73eefd372539,d4aac9a3-3ed8-c56c-da09-dfa052828d80,8bcf53a1-bc10-fa52-bf5d-2fdf89c8d2ab,1102.26,2026-08-16T01:15:52,False,,
aa5f89ca-5bea-530d-219c-00cb9a7fde23,9326dffd-5be4-bf51-9269-869861a11729,654821d0-7fcd-9eb1-a7ca-d415366eb16f,4411.64,2026-08-16T01:17:39,False,,
bac70b9c-6015-5570-93aa-d0c7c8feedd7,74f93d17-e912-b4bf-86a4-bae41986b4b2,b4a69f3c-8d3a-ed99-711c-21c9bdc14f1f,199.56,2026-08-16T01:19:24,False,,
757e2b43-af51-6850-b77e-5f7a80a233e3,f96b648a-0ba6-eab9-4639-447b2067bdac,47229389-571a-a876-6c30-7511b2b9437a,2303.29,2026-08-16T01:32:30,False,,
19eef9d6-fdfa-3cb1-02d4-93eb2a7b65de,9ef2b93e-30ac-7d7b-a2f9-63a33810ae66,eb6c1016-cee6-24d0-9dac-6e8345241ea6,500.32,2026-08-16T01:34:27,False,,
192703a7-df2e-37e7-c4fc-bb8424aefbea,dabac50d-ca3d-d859-c5ce-099c46b82659,a0ee89ae-d453-dd32-4b0d-bb418d5288f1,477.06,2026-08-16T01:35:38,False,,
6c097204-6fa6-681c-fdc5-62858f50b11f,f6f7f0cc-29ec-8e49-d1bd-b8c0c71d5e60,a9597663-6daa-2e68-8861-fe1858e25888,1800.25,2026-08-16T01:48:21,False,,
995fa798-1f31-63fa-9c93-92456dd2c683,f63fce41-3a9a-ca5e-1761-32ed069f14f1,9e50aa42-ca6d-fda1-989b-c4da9b37a22b,536.06,2026-08-16T01:53:20,False,,
0a6246b9-e624-76fe-a044-3dc9459b556f,3a3c8a71-ff57-4e2b-4991-ab9bebc2026f,7656af72-29d4-beef-3eab-edcbbaa80dd4,1569.41,2026-08-16T02:02:29,False,,
7c260521-ce3c-e7ce-01a6-c260efc08273,1dad09b2-52c2-1221-409d-360250843242,a2a9d4d8-102e-fde5-a5cc-8bf738ab854c,1706.06,2026-08-16T02:12:50,False,,
4b87959f-f0cd-7f05-ea87-855ea38295d3,badcc32a-c159-0f53-8a0f-4efbedcd465e,902059e4-ff9a-b5c2-9f04-4aed75523327,1760.3,2026-08-16T02:18:56,False,,
42d22c74-08ea-6671-7b0c-036bd23f144f,f1578470-0182-67c4-7a1b-58066160a6b4,f1533ae8-670a-cc5c-b321-bf214dd8eb85,2029.96,2026-08-16T02:26:54,False,,
0cfc6420-7192-e443-8a63-42ca56b7979e,cfa701cd-2631-d00b-26d7-94d30db95301,a3917c99-4c95-5f6a-966b-1964fcd6bdca,744.19,2026-08-16T02:46:52,False,,
0accb23c-ba6d-bed8-a110-e887289ac251,088a93ec-70d9-c9f8-c9e2-60744f1639a0,a0ee89ae-d453-dd32-4b0d-bb418d5288f1,762.34,2026-08-16T03:38:01,False,,
e44d8dc2-b290-8892-8bc2-d46d0e807f03,382c043f-7cfc-9b79-3875-394ce5d6f6e6,50c187fc-ce17-7b4e-0837-b8a3d261a7ab,2424.76,2026-08-16T03:47:06,False,,
e462ff64-a38b-baa4-4fe8-98d8c22ca6a8,a8b317fa-18d0-752b-1825-bc5430beb45f,c4b032cc-d7c5-24a5-5304-317faf42e12f,1343.35,2026-08-16T04:03:59,False,,
afd380c4-2713-582c-f41e-a3ac5fd23109,9854ce4e-4ebf-a5c3-cae9-b4a72a79ea68,ce777f00-ecf2-7e76-8519-7ff4006ed6e3,263.82,2026-08-16T04:06:58,False,,
33fd862d-4057-e470-be61-27a80351b09d,11b7e948-d0e6-e660-7c69-dee1bb5e4bcf,c0e9ab30-ed26-62e9-17e0-11b7f8102383,726.42,2026-08-16T04:16:05,False,,
1d3e503a-9645-f0e4-647d-c3929c7eb575,92f5df7b-0323-d342-df6a-8f931a432f0a,3b982ef8-daf6-1a26-146d-3f31fc377a4c,2564.71,2026-08-16T05:08:32,False,,
ce4ba2bb-63d3-ce8e-bcbb-859a95966725,2d06e8cf-3805-f907-6cd6-6193c7468f59,148f8b74-a65b-b1f2-65c1-7795b15516bc,3594.03,2026-08-16T05:08:58,False,,
2ba95b90-9654-a5e4-3a65-860330b6857a,72bb912d-7da6-7785-b63b-4dc3a559e463,6dadd6c7-95a7-6d79-bf3c-4c06434308bc,4365.35,2026-08-16T05:13:28,False,,
f77e1ee6-0c15-cb28-0728-971988c75e8a,70286046-49bc-473f-ed7b-f656218a1536,1a3d1fa7-bc89-60a9-23b8-c1e9392456de,462.77,2026-08-16T05:25:58,False,,
72229838-c5cf-dce6-e7b4-dcd35c798b20,f6802cdb-77e4-90c7-1d7b-c313cde22f1c,988c24c9-61b1-cd22-6280-1c4510435a10,8302.48,2026-08-16T05:47:28,False,,
7eedcc65-22cb-2720-850c-ddfd1c3dae19,43e42caf-8181-a8cc-3691-47eb89a2688b,ab9099a4-35a2-40ae-5af3-05535ec42e08,3501.08,2026-08-16T06:09:47,False,,
a71372ab-34cb-7b9a-9338-82b320fa15b7,43e42caf-8181-a8cc-3691-47eb89a2688b,1a3d1fa7-bc89-60a9-23b8-c1e9392456de,1009.61,2026-08-16T06:10:53,False,,
b780606a-02ca-68d5-b033-ee83518f0ed4,43e42caf-8181-a8cc-3691-47eb89a2688b,474a493b-3ced-df2d-839f-bc501223b513,926.28,2026-08-16T06:21:51,False,,
159152f2-a505-da9c-46e7-5a2c3f6eed9d,a65e688e-abf3-ad39-fec2-1bbe66245bfa,8dfa6a56-d12d-bc9a-aaf9-15310200b1f0,480.34,2026-08-16T06:25:23,False,,
b329b6a4-de3e-0557-910a-a60dc0633a98,f6802cdb-77e4-90c7-1d7b-c313cde22f1c,e2817efd-ae84-9217-1d53-434bb88139b9,1531.28,2026-08-16T06:45:18,False,,
bc4015fa-d4f7-6322-b362-c0d264988bde,a8c01f05-c478-f6f1-b88e-c318c16d83ed,0b2c782a-6928-8e92-c68a-152fdb23aa8c,9444.45,2026-08-16T07:00:43,False,,
4cdf5063-43c3-6988-7303-7257390ff1c0,148f8b74-a65b-b1f2-65c1-7795b15516bc,2053da42-f1af-db65-b289-f2244ac9778d,3118.44,2026-08-16T07:12:38,False,,
4d8cc9c6-33a2-b47b-3574-6477a87da2af,a8c01f05-c478-f6f1-b88e-c318c16d83ed,f7860b50-11c5-8ef0-dd46-3c09475287aa,314.06,2026-08-16T07:23:36,False,,
9ff7007b-27e9-184f-0791-8b3577a63918,793b4c32-2050-0494-3d11-48022702878b,f1533ae8-670a-cc5c-b321-bf214dd8eb85,636.44,2026-08-16T07:23:43,False,,
9313b3a7-e5a1-c6e4-e188-6146fc40a3d4,6efb63b1-1b04-9863-7d7d-dbedd284476c,d865d69a-74f3-3103-4006-6ff2b0b862ef,849.82,2026-08-16T07:29:14,False,,
56afd9ce-799f-52c0-7255-7e4ed4087cd1,4d6168bd-2def-e193-5c62-b3a23a3c563e,dc5c0eed-8da0-365b-f898-97b9405cacec,1175.38,2026-08-16T07:35:03,False,,
18ecde2b-0a80-2167-f4b3-f20eaed0fb57,dc322c97-39c1-e262-f76c-8edec1101266,57207246-4223-623b-cc3e-bdde5ad5cf06,1331.54,2026-08-16T07:48:14,False,,
027d3808-8920-7bc4-8439-9ed95a64845e,9f4c3b79-fb10-987f-20ac-3703eb67146a,bf1e8366-4b8e-63d4-ce76-07adf7a67b94,1336.87,2026-08-16T07:51:10,False,,
a6cdae3c-6d13-0705-279f-91ab1b4909b6,2a405f12-b963-f37f-6781-4c1fcc530e36,0bbb2599-11ce-5dd2-b45e-d1f03139d32c,398.57,2026-08-16T08:03:07,False,,
10e67176-3858-3966-7572-56f63677f5b4,b92da22b-21df-306f-8a0b-3c3336d8393a,f1578470-0182-67c4-7a1b-58066160a6b4,1912.62,2026-08-16T08:26:47,False,,
43470982-6808-f471-ac87-ae14f8505ae9,ef8c485b-c07a-30f2-edd4-253b50f0fd0a,551ac8ea-585a-0afa-7bfd-cc1289e06ab3,1971.78,2026-08-16T08:38:30,False,,
5a9621f5-9f8c-eda5-feb9-ea24933c8d00,bcae8081-bdf0-70aa-f0b5-156bb82c9074,7656af72-29d4-beef-3eab-edcbbaa80dd4,5169.34,2026-08-16T08:44:09,False,,
25c1ae41-ef0e-c9cb-756a-ae2de58118d1,1c8eaee9-5715-bd6f-a416-1293c4c2e2e3,b7b56ea7-35eb-d32d-9ad6-20ab48212ddb,846.49,2026-08-16T08:46:01,False,,
e93bda3b-4b06-53e2-9343-2c76d604ae9f,d9178793-a9d3-c2e6-505c-c6869f871ce7,47229389-571a-a876-6c30-7511b2b9437a,151.52,2026-08-16T09:15:40,False,,
8a34b26b-72cc-3fc5-5f77-5a7a25dfac07,d289f0ab-618a-e305-95a5-bafa431d029f,e45b712e-b822-5688-d0a4-44329cd6c852,1336.64,2026-08-16T09:15:58,False,,
8471b4b0-ae1b-9f69-7740-d83173318749,980402a2-b07a-a066-7354-35ea68949b8d,27a0c3d7-7c96-7f79-b7e9-9acaa97065e1,4459.51,2026-08-16T09:21:50,False,,
1de95c72-42a9-f7e5-244c-b9a86ed47a6d,db946570-1ac7-0ec0-ab8d-deb45230dfbd,57207246-4223-623b-cc3e-bdde5ad5cf06,792.48,2026-08-16T09:42:05,False,,
f3a2dc1d-0f91-6e97-3a5b-171cb7a4c108,766ecb15-474e-bc19-2ef9-12766c006f61,5e781fd7-94e0-d3ba-a9f9-48b24e6384bb,355.4,2026-08-16T09:43:17,False,,
cab21438-8557-ec6c-0a23-b722c2afba28,980402a2-b07a-a066-7354-35ea68949b8d,dd81b7f5-7d59-11c6-a8f1-e091ffb8102d,761.32,2026-08-16T09:57:33,False,,
849ebfa5-68f0-ca5d-10ac-72bdaf4c9dfc,7b3a4e3e-7c52-fa17-680a-c07a2a935d62,06cb0fb3-9a1d-e644-815e-f6d13b8faa18,1811.27,2026-08-16T09:58:36,False,,
dbeb21e2-39a0-1a0b-6465-79458852787c,859131d2-bbda-0242-2d17-4fc96f7c15ea,b02b61c4-a3d7-0628-ece6-6fa2fd5166e6,405.71,2026-08-16T10:14:05,False,,
55c974a4-1148-9054-7b6c-e596aa97435d,d289f0ab-618a-e305-95a5-bafa431d029f,3a3c8a71-ff57-4e2b-4991-ab9bebc2026f,1160.97,2026-08-16T10:27:30,False,,
b5c43078-197d-f05f-3b20-d1546ff98cf7,3e6dd58b-7367-c28d-e1b2-94de4767d76c,d89a40c0-e87d-1c78-e7c4-21c740497b71,124.88,2026-08-16T10:38:32,False,,
c011c674-928a-77e5-3a99-bbcb56a60db5,2a405f12-b963-f37f-6781-4c1fcc530e36,bdd640fb-0667-1ad1-1c80-317fa3b1799d,1516.34,2026-08-16T11:00:41,False,,
2b8c03bf-5780-be17-12fe-cc2b1acf42c5,bcae8081-bdf0-70aa-f0b5-156bb82c9074,e9ff1cae-41c8-ca8c-2a1f-955ad499da99,6344.48,2026-08-16T11:19:55,False,,
69f841b0-f90c-9f84-b184-071c7b35b9f9,6efb63b1-1b04-9863-7d7d-dbedd284476c,610cf373-4299-9aa4-0cdf-742b2e85cb21,1173.63,2026-08-16T12:01:47,False,,
8acbbe09-8ccc-9cea-109f-d8eeb5a47200,9854ce4e-4ebf-a5c3-cae9-b4a72a79ea68,e45b712e-b822-5688-d0a4-44329cd6c852,1059.22,2026-08-16T12:20:48,False,,
9236948e-34ec-b64f-7eca-5b2d341fab4a,27a0c3d7-7c96-7f79-b7e9-9acaa97065e1,beb79919-3f22-faf8-23be-d01d43cf2fde,2032.47,2026-08-16T13:11:19,False,,
d6415102-20d1-968f-0b8c-e21f97289c5e,1c8eaee9-5715-bd6f-a416-1293c4c2e2e3,a56c0941-fbf2-4050-a748-dbcfac619e63,1056.56,2026-08-16T13:23:22,False,,
16db80db-a543-148e-9adf-e9816ab19e15,d9178793-a9d3-c2e6-505c-c6869f871ce7,6dadd6c7-95a7-6d79-bf3c-4c06434308bc,1030.01,2026-08-16T13:50:19,False,,
e389bcaf-074b-927e-54e2-8fa6069ccc0a,a56c0941-fbf2-4050-a748-dbcfac619e63,d664d264-4c6e-27ff-b9de-7a3a486822b9,169.6,2026-08-16T14:04:36,False,,
7f63abb8-4e4f-4dd0-6388-f6dc9c12e3c9,7428a656-b3ee-4d3b-5a10-412954aebd1b,cbd58bf6-1efd-76e9-ce37-14af99b49350,127.31,2026-08-16T14:35:29,False,,
5415c636-9979-ba46-f580-8b5975b568d7,513a7052-986f-9025-8f15-ba58fce68504,cd5f4822-6966-08aa-ee49-f329c84a7b28,1090.0,2026-08-16T14:44:08,False,,
9b4503bc-e892-464d-47b8-85fa78d8cdd6,b386f7a4-c991-603f-28c1-3091444d610b,6e0d2648-35ce-8841-4973-2d6c4dcabfb7,3514.81,2026-08-16T14:44:14,False,,
d8e3cb62-fe24-fcd4-46bc-55dbae6c3a9b,9b1bc895-2af4-3ab7-5e6f-ea07c4536f1d,cf36d58b-4737-8190-96da-1dac72ff5d2a,1775.91,2026-08-16T14:58:24,False,,
d0c29b24-c7ed-8888-5939-dc71c0d9863f,70286046-49bc-473f-ed7b-f656218a1536,3b982ef8-daf6-1a26-146d-3f31fc377a4c,852.75,2026-08-16T15:01:07,False,,
64880945-ad1d-b537-d7f3-4368c2efeecb,43d88870-f81d-baa1-c812-0a8e78308930,82ec9f2d-fbf6-e16f-9b30-80d56fb78271,1119.91,2026-08-16T15:16:11,False,,
f8378be2-0bb6-8d75-df99-67265c366f5c,1c8eaee9-5715-bd6f-a416-1293c4c2e2e3,a911d192-43bf-d931-3605-bf54a021c0ca,1627.29,2026-08-16T15:22:15,False,,
85f0786a-18a4-40bd-1c47-60a552702b29,2a405f12-b963-f37f-6781-4c1fcc530e36,f16287e4-e9c3-49e0-3602-f8ac10f1bc81,1759.17,2026-08-16T15:51:22,False,,
2b91aace-39f1-8027-6f88-e2c0b968ab06,0e5dd462-cbd0-0ef2-530a-37df0bc61066,ffe3fa49-054f-92ff-f366-bad4964db03f,4331.45,2026-08-16T16:09:28,False,,
216e9fe5-93f3-7596-8c1c-8b0556771f36,43d88870-f81d-baa1-c812-0a8e78308930,67f48ad5-4d0b-0d1a-91b0-e1d99d9262af,1988.54,2026-08-16T16:09:54,False,,
117b355b-7094-4bdb-26a5-24e350ee7a92,3e83b91f-2544-0fe0-6e41-7d475ff595ea,f16287e4-e9c3-49e0-3602-f8ac10f1bc81,3074.81,2026-08-16T16:33:53,False,,
f7797643-beca-c08c-53b0-4133d0d70956,913e4de2-e0c5-3cb8-3da9-c2a90ed42f1a,ce9e1a11-fcbb-4e59-fbdd-cf7c9c96e9ec,958.63,2026-08-16T16:59:51,False,,
ead217d1-cefd-7dee-c590-f851fb385671,4ab7706e-b773-50ca-eec2-59dc7f95897c,1a2a73ed-562b-0f79-c374-59eef50bea63,392.42,2026-08-16T17:05:25,False,,
2bf998ad-c92a-eb0c-656f-fbd8c4329e78,d89a40c0-e87d-1c78-e7c4-21c740497b71,47229389-571a-a876-6c30-7511b2b9437a,475.73,2026-08-16T17:12:50,False,,
d463c183-a231-7211-8578-b1c6f7ebc69a,85d51695-90b2-b633-956b-8c0ca8499b92,5913f9d3-7852-99f4-175b-a98df8140102,4895.37,2026-08-16T17:34:12,False,,
29fb832c-cbe6-8571-b622-e18ee83bcc84,0a4c9f7f-9384-ec2b-44fe-acaed248a9a7,aff8754d-1238-d630-743b-65a2dc0f2fcf,1432.32,2026-08-16T17:34:28,False,,
1ea15b0f-95ae-b18b-46ae-7e06cb5d2b59,b92da22b-21df-306f-8a0b-3c3336d8393a,cf36d58b-4737-8190-96da-1dac72ff5d2a,198.31,2026-08-16T18:05:08,False,,
5b745fdd-1c97-4694-9884-f76d091e11df,83f4a9a9-48a6-39d0-15b5-2908a8aa7158,a911d192-43bf-d931-3605-bf54a021c0ca,4686.62,2026-08-16T18:13:27,False,,
1ce62a9f-79af-8348-10bb-c60d07bf63ee,770c7798-37cc-863b-f2a0-345990604f62,12476f57-a5e5-a5ab-aefc-fad8efc89849,527.99,2026-08-16T18:22:26,False,,
8a63b93c-def3-306a-f998-63f27799fddb,3e83b91f-2544-0fe0-6e41-7d475ff595ea,d4a057a7-b0cc-1b3b-9793-b9b413748146,1519.49,2026-08-16T18:53:13,False,,
667139de-7c0a-8f90-9b54-d2273bca7ff6,1497d658-7010-f719-7e69-5d0d8a3c3b5e,ab9099a4-35a2-40ae-5af3-05535ec42e08,331.66,2026-08-16T19:15:51,False,,
d787463d-87b8-f95c-b265-a6c2aa757eeb,a9597663-6daa-2e68-8861-fe1858e25888,c4b032cc-d7c5-24a5-5304-317faf42e12f,3132.39,2026-08-16T20:10:28,False,,
735741e5-fe1a-1ba9-c896-9c5b45f8c28d,a56c0941-fbf2-4050-a748-dbcfac619e63,a911d192-43bf-d931-3605-bf54a021c0ca,9155.92,2026-08-16T20:15:22,False,,
95eb44d9-8459-f302-cd1d-036e0d08da99,67f48ad5-4d0b-0d1a-91b0-e1d99d9262af,236c7b87-14a0-bccb-8a47-6a87e49d681d,1113.9,2026-08-16T20:27:07,False,,
c519fd78-3348-eda0-aa57-c6e4a753297e,8e485223-46b9-8991-e14e-b70db380c73a,ab9099a4-35a2-40ae-5af3-05535ec42e08,4837.32,2026-08-16T20:32:20,False,,
c29a988f-18a9-5210-9f8c-2c519f3936a5,439472e6-da58-7e8a-a25d-6b29afffcfd2,1ff49b78-8946-3e85-759c-de66bacfb3d0,773.36,2026-08-16T20:55:52,False,,
df683491-baf9-aa9d-acbc-63edd1ddd3e6,d865d69a-74f3-3103-4006-6ff2b0b862ef,67f48ad5-4d0b-0d1a-91b0-e1d99d9262af,2879.57,2026-08-16T21:06:46,False,,
c35bec2c-3098-f7b2-500e-15c0b89bdf7f,969b6662-0562-8059-568c-c69b1064005c,c29cfc0c-fa02-eaec-96ef-2ad6b97e6703,2473.82,2026-08-16T21:29:25,False,,
5e1b015f-6a1c-701b-159b-2b6b32dba028,9261549d-3d22-5c30-b28f-41defb140bc3,1ff49b78-8946-3e85-759c-de66bacfb3d0,4340.34,2026-08-16T21:39:31,False,,
5db96490-2c6b-2108-ba9b-519a3772d3a3,ccc56569-f9e8-a369-2999-b735dd56cc94,506e5a9a-b758-588d-ab73-295b344a54b8,4996.01,2026-08-16T21:52:30,False,,
5c7c0778-c74f-054f-d2a5-d216314b4d36,3e6dd58b-7367-c28d-e1b2-94de4767d76c,4d6168bd-2def-e193-5c62-b3a23a3c563e,231.39,2026-08-16T21:58:09,False,,
fd481505-b8f0-9270-567f-d2e9c2f18bfc,eededb07-e623-a689-5d59-cd2a4eea04e7,b02b61c4-a3d7-0628-ece6-6fa2fd5166e6,1888.39,2026-08-16T22:00:31,False,,
adc25f16-64b3-0768-fdfd-984e16107d90,f1533ae8-670a-cc5c-b321-bf214dd8eb85,cf36d58b-4737-8190-96da-1dac72ff5d2a,3662.84,2026-08-16T22:01:12,False,,
e9195919-ca08-7252-e048-72dc744d2442,46d483f3-d450-281c-6c6f-7633a2607723,85d51695-90b2-b633-956b-8c0ca8499b92,782.83,2026-08-16T22:52:08,False,,
8453d803-8519-469e-973d-a9cbab196705,db946570-1ac7-0ec0-ab8d-deb45230dfbd,ab9099a4-35a2-40ae-5af3-05535ec42e08,729.94,2026-08-16T22:52:36,False,,
07438e60-cd49-01c9-6982-4369ebb10253,9e8fc965-0a2c-827e-9832-685694340a03,77097749-527e-ecfa-a79a-c9aa9b4e2c24,411.1,2026-08-16T23:16:07,False,,
35845d71-b221-e1c5-35b8-6d0a864f36dd,2e8d0e87-5334-20e6-d9d8-0b8d7e8adee7,d58842de-a2bc-372f-7412-b29347294739,508.88,2026-08-16T23:33:20,False,,
aa53c19c-dfa4-bb9f-5a85-6750692ac139,1fd5a423-706c-5c56-49e2-623debd34616,06cb0fb3-9a1d-e644-815e-f6d13b8faa18,346.89,2026-08-17T00:03:55,False,,
7aa1219a-7a93-98bb-acdb-d5f27b44acd0,1dad09b2-52c2-1221-409d-360250843242,ef8c485b-c07a-30f2-edd4-253b50f0fd0a,1223.41,2026-08-17T00:44:23,False,,
b2c454a4-dedb-cef9-74f8-a91300ca280f,61985d54-cfb8-7e6f-e9d6-8f23b489d070,9e8fc965-0a2c-827e-9832-685694340a03,468.47,2026-08-17T00:46:30,False,,
aaf1c938-27d5-4ab0-86d6-69465397abdf,9b49bd26-df57-c59a-8715-a10343dac043,9854ce4e-4ebf-a5c3-cae9-b4a72a79ea68,338.46,2026-08-17T01:10:36,False,,
ecc06aeb-3ab5-51e6-9537-927280f2835e,9e8fc965-0a2c-827e-9832-685694340a03,07a0ca6e-0822-e8f3-6c03-1199972a8469,628.02,2026-08-17T01:20:41,False,,
6d9b5aa8-c69e-b431-cf34-4c15e9b3589c,ff233d5f-6ced-d15d-5800-7c0287ea7ff5,fb16e5db-a6ea-b79e-d21c-82f8cada4f80,938.93,2026-08-17T01:31:06,False,,
0e60ec16-1f39-f9f9-9cd1-126b1b17dab8,a65e688e-abf3-ad39-fec2-1bbe66245bfa,9854ce4e-4ebf-a5c3-cae9-b4a72a79ea68,1834.0,2026-08-17T01:31:37,False,,
ec1a1adc-4a36-a7c0-f0cc-4f56d24289ea,a8b317fa-18d0-752b-1825-bc5430beb45f,1a2a73ed-562b-0f79-c374-59eef50bea63,1422.71,2026-08-17T01:32:58,False,,
9db8ef7e-55ed-d864-f68b-6ba090ebba12,c2a79689-1933-918c-fa74-57616f18c108,c4b032cc-d7c5-24a5-5304-317faf42e12f,1272.41,2026-08-17T01:48:44,False,,
f2c8c25e-32f1-227c-aa8c-662d290a3d67,7bb38605-da74-3152-627b-41a1ffd6f232,ccf3a171-56dc-8907-ba6c-34ab6712303a,519.46,2026-08-17T01:53:30,False,,
4ec3f970-956d-80e4-6aa2-6216fada98f5,f1533ae8-670a-cc5c-b321-bf214dd8eb85,a53f8a28-abf3-e3fc-2181-3d25655238a6,555.56,2026-08-17T01:55:19,False,,
aca65492-95a9-7dd7-bd8f-a26f1f16de17,3e83b91f-2544-0fe0-6e41-7d475ff595ea,610461e3-2a25-a888-0f02-bad0e7067ef4,875.81,2026-08-17T02:00:04,False,,
193e4783-02b3-4254-1b1f-2eb16e3255a8,d882b5c1-f79e-fd70-65bc-c272fadd7ea3,5260001e-eecf-67d2-7491-76f46090d697,745.97,2026-08-17T02:20:17,False,,
cab5e9f3-f70f-dc0c-a085-df4796ddb159,c8dcd19f-3e35-1128-7900-f7f993829b43,2a405f12-b963-f37f-6781-4c1fcc530e36,3052.48,2026-08-17T03:30:48,False,,
0ed9fa95-a26e-865b-503b-e7882d445af8,19675f06-bd76-7e35-f5c9-b0479c10c572,53f8382b-8fb8-64e4-f173-8856e25d36eb,1344.08,2026-08-17T03:32:29,False,,
e5d20eae-5104-da0c-e650-8af4d9259a4b,889b78d5-dbfd-d97e-aca2-b148da330aa1,654821d0-7fcd-9eb1-a7ca-d415366eb16f,3165.95,2026-08-17T03:34:58,False,,
ec814510-c42e-afc8-9372-e80dee892190,61ee6c5b-deef-580f-9c07-a75114374509,3170f437-a8f7-ef5a-060e-df5b39118497,451.47,2026-08-17T03:44:29,False,,
f5c9f459-9db1-bd5e-91a4-d796b9720eec,513a7052-986f-9025-8f15-ba58fce68504,8bcf53a1-bc10-fa52-bf5d-2fdf89c8d2ab,1607.46,2026-08-17T04:18:09,False,,
3ef3d5be-ebee-4c80-a769-8b2df1abf7a0,8dfa6a56-d12d-bc9a-aaf9-15310200b1f0,0c0fd195-c17a-f08a-1745-d6d87e570ddf,2572.86,2026-08-17T04:30:54,False,,
dd7902fc-db61-7a80-a9f7-c6d1c6475ae2,a3917c99-4c95-5f6a-966b-1964fcd6bdca,3e6dd58b-7367-c28d-e1b2-94de4767d76c,934.37,2026-08-17T04:50:02,False,,
1796b7b1-90b7-f26f-1357-69cbbc03daa7,a911d192-43bf-d931-3605-bf54a021c0ca,bb026576-f512-c4c3-b253-d2186c4a37ea,577.39,2026-08-17T04:50:59,False,,
3d051bf4-793c-4fbf-1b9b-71f03f4574d4,c268283e-e32f-2e63-b7fd-dd71a075e927,41357e8c-30a9-00ad-939b-462de645f129,295.35,2026-08-17T05:29:26,False,,
62f5df2b-adaa-44ca-8ed6-ad5e18318aa3,c8fe3ccd-c8b8-d9c6-ed30-49cf43e458fc,2d06e8cf-3805-f907-6cd6-6193c7468f59,331.55,2026-08-17T05:53:41,False,,
fd81fbc0-067e-c672-cec3-a6f49262c536,0ea2622b-5048-67ba-bf7b-539b0f9aea4b,75a66981-4104-a8b5-a34d-b7c5760debbb,4403.73,2026-08-17T05:57:37,False,,
f966d59f-a6aa-59e5-dc08-bf29d2d33488,d4f8fd72-f382-1cfd-c083-b73a473bd358,80962718-2051-acef-097a-1e10f6febc0e,5610.59,2026-08-17T05:59:45,False,,
bcf2fc3b-d958-74c2-6053-8c1ba84510a1,122c9a56-01d7-4256-3860-2ab696a402f2,4ab7706e-b773-50ca-eec2-59dc7f95897c,1209.15,2026-08-17T06:19:24,False,,
8639bd41-8b15-bd94-a42d-0cd7fd359f6a,67f48ad5-4d0b-0d1a-91b0-e1d99d9262af,770c7798-37cc-863b-f2a0-345990604f62,4691.62,2026-08-17T06:21:08,False,,
eada79a3-4970-ed9a-09ce-3cfb2339ba19,551ac8ea-585a-0afa-7bfd-cc1289e06ab3,8b8148f6-b38a-088c-a65e-d389b74d0fb1,653.1,2026-08-17T06:38:29,False,,
1b4142aa-8aa4-31e9-29aa-aa7e483eb6a1,a56c0941-fbf2-4050-a748-dbcfac619e63,1a2a73ed-562b-0f79-c374-59eef50bea63,1957.91,2026-08-17T06:51:10,False,,
8bb3fbb2-fd63-14f2-59cc-c94abc1cd60d,793b4c32-2050-0494-3d11-48022702878b,12476f57-a5e5-a5ab-aefc-fad8efc89849,168.15,2026-08-17T07:05:32,False,,
47d5ac92-0f45-55da-9194-1591b134b58f,3e896c64-e117-dac3-119c-4ea3e1805081,ccf3a171-56dc-8907-ba6c-34ab6712303a,225.0,2026-08-17T07:20:30,False,,
b8e0c2e1-fe7f-9299-1b96-ee819ddb6fea,2053da42-f1af-db65-b289-f2244ac9778d,93b7a886-12f7-0c97-7de3-1a516694c343,986.39,2026-08-17T08:12:52,False,,
317304b5-c1dd-484a-aca5-8d95915a1c30,551ac8ea-585a-0afa-7bfd-cc1289e06ab3,7922bac2-82dc-4c8e-36b5-229aacf5e81e,2050.15,2026-08-17T08:45:50,False,,
52a7c5d6-08ca-a5a8-7822-b39dfbe770a6,fbc9f87a-f668-a617-94a1-875d2db69edb,7a4c75d4-dc99-e04c-f0e9-8b3b40a26c60,805.54,2026-08-17T09:04:45,False,,
d9518f98-679f-2f42-9256-d7079cc05b67,22bd3388-6db9-9102-a48b-3dbe157d94a1,f16287e4-e9c3-49e0-3602-f8ac10f1bc81,862.36,2026-08-17T09:05:09,False,,
6f747d68-6dbd-4921-653f-4313ef82fab3,1d870966-0710-d430-f071-d87954c63cd8,6efb63b1-1b04-9863-7d7d-dbedd284476c,1063.1,2026-08-17T09:12:23,False,,
b93b17fb-f76d-15fd-7d16-45a0d253d966,8a14be62-295b-4715-c333-e8615fb8d16c,faf14ff0-7b85-179a-d5b0-77e06a5d932b,2163.75,2026-08-17T09:17:27,False,,
57bd56c9-2240-063b-fed7-47beafd0d2f7,04f64d86-7866-0765-14f7-ce8dd5bcb8d0,dc5c0eed-8da0-365b-f898-97b9405cacec,4817.18,2026-08-17T09:36:23,False,,
d7c4caed-47c4-cc51-4f9a-5f984d950273,dfcaf0b7-19b1-7e80-dea4-ae1754fd9ad3,5260001e-eecf-67d2-7491-76f46090d697,655.98,2026-08-17T09:38:33,False,,
90b84f94-b062-259e-524a-16520958b354,148f8b74-a65b-b1f2-65c1-7795b15516bc,b7b56ea7-35eb-d32d-9ad6-20ab48212ddb,2226.76,2026-08-17T09:38:43,False,,
7afd2923-23a4-9571-33cb-59ef15c04765,c2a79689-1933-918c-fa74-57616f18c108,db946570-1ac7-0ec0-ab8d-deb45230dfbd,1014.51,2026-08-17T10:15:10,False,,
0f5f9707-a008-ac20-c272-88e6ff39a117,a0a11839-e745-7704-18df-bc3ca0d4de3d,6502d6a2-ca6a-2224-171e-16cc5da36f1b,1300.97,2026-08-17T10:17:25,False,,
b4f02f6f-af3f-9d9a-b272-5aa79d30c42e,0b2c782a-6928-8e92-c68a-152fdb23aa8c,b02b61c4-a3d7-0628-ece6-6fa2fd5166e6,783.85,2026-08-17T10:18:31,False,,
73d79809-cf6d-e802-7900-4406b1e58a88,9854ce4e-4ebf-a5c3-cae9-b4a72a79ea68,46d483f3-d450-281c-6c6f-7633a2607723,2279.86,2026-08-17T10:33:52,False,,
0a42be3f-e671-d582-7a9e-8394bb4ccb14,badcc32a-c159-0f53-8a0f-4efbedcd465e,a53f8a28-abf3-e3fc-2181-3d25655238a6,1849.8,2026-08-17T10:35:45,False,,
18578baf-bac7-e2b9-6a7e-4c3666132e69,f84f16b3-a79f-bfaf-def5-768968f45bce,770c7798-37cc-863b-f2a0-345990604f62,1173.24,2026-08-17T10:53:02,False,,
6f9d1d74-f82c-6ad8-5d03-7a064cad66c5,a319dcb4-217d-65a0-c568-11cd5563f616,50c187fc-ce17-7b4e-0837-b8a3d261a7ab,1550.74,2026-08-17T11:35:31,False,,
c06e6481-9963-37aa-9c4e-166200684d9c,859131d2-bbda-0242-2d17-4fc96f7c15ea,74f93d17-e912-b4bf-86a4-bae41986b4b2,1335.84,2026-08-17T11:57:18,False,,
1a8385f9-6eb1-de50-c1ba-c834caec1d2d,c2a79689-1933-918c-fa74-57616f18c108,f1578470-0182-67c4-7a1b-58066160a6b4,1100.69,2026-08-17T12:20:21,False,,
2790e92f-37c6-bc5d-1a38-0e8e29bc4734,9b689c88-3ae9-09fe-cc82-18dac696f5e6,dd750e98-90e0-b95f-0212-b554464458b4,4800.81,2026-08-17T12:29:36,False,,
764231c3-26da-f6d1-71c3-16bed297cb66,b24445a7-b7e5-8481-31c6-81ec935f2b0a,e45b712e-b822-5688-d0a4-44329cd6c852,445.58,2026-08-17T12:49:23,False,,
d5d16ae2-c940-e0fa-0850-9d96cf928274,902059e4-ff9a-b5c2-9f04-4aed75523327,50c187fc-ce17-7b4e-0837-b8a3d261a7ab,454.95,2026-08-17T12:56:53,False,,
d8253010-3911-2943-d10b-f4dc0de4faf4,458f1f19-3c07-c574-4925-7af1b6aae05b,f84f16b3-a79f-bfaf-def5-768968f45bce,443.94,2026-08-17T13:07:26,False,,
5c3db15c-4a74-982e-56ca-0fb321962a11,d6d7b3b8-3309-4d35-3f4d-f561f319c125,0c0fd195-c17a-f08a-1745-d6d87e570ddf,974.51,2026-08-17T13:46:39,False,,
eb59003a-53bc-0611-9af4-ab8a8908d3f9,8a14be62-295b-4715-c333-e8615fb8d16c,889b78d5-dbfd-d97e-aca2-b148da330aa1,360.7,2026-08-17T13:51:21,False,,
d9e18c82-28d0-4562-beaa-d00dd4fecf58,3d85de89-c217-1429-8e20-07247d137018,19675f06-bd76-7e35-f5c9-b0479c10c572,801.49,2026-08-17T14:03:03,False,,
ff7a884d-7f96-dd35-cca9-9089c9254bb5,22bd3388-6db9-9102-a48b-3dbe157d94a1,fbe33b24-3eae-0032-0bd4-a9900640be0f,635.93,2026-08-17T14:21:26,False,,
d087edcb-be94-f1cb-075c-c8eb4dffc9aa,f1eedba3-1343-2e61-1ca3-c4480279b6a6,beb79919-3f22-faf8-23be-d01d43cf2fde,1423.22,2026-08-17T14:30:41,False,,
7aededf4-6f30-2743-020e-2e6abcc8509b,c2dff335-5666-6f9f-53ac-2ab974672cd9,50c187fc-ce17-7b4e-0837-b8a3d261a7ab,1172.61,2026-08-17T14:37:23,False,,
b88e830f-de1e-994a-c5a1-1f5cad05b912,11b7e948-d0e6-e660-7c69-dee1bb5e4bcf,7337c599-7984-4388-dc8a-ee30be6033f7,413.77,2026-08-17T14:50:23,False,,
318f7980-2ec2-85a6-d293-23e289e10a5a,1337739e-8d4f-5d27-2c7f-0b793d67cde9,654821d0-7fcd-9eb1-a7ca-d415366eb16f,1016.43,2026-08-17T14:57:42,False,,
734bda19-c991-56cc-54a6-368b71d60744,7922bac2-82dc-4c8e-36b5-229aacf5e81e,beb79919-3f22-faf8-23be-d01d43cf2fde,1293.05,2026-08-17T14:58:29,False,,
73e5550d-b52f-5f46-c0b0-8dd0fac9b5b6,a911d192-43bf-d931-3605-bf54a021c0ca,580d7b71-d8f5-6413-5be6-128e18c26797,13266.53,2026-08-17T15:11:56,False,,
48c3a59d-ec71-72e7-7028-eb2d5e9432d6,2095eef6-8ded-f9fb-4bb0-0f20b27c4026,3dc98290-15ea-bb27-30e9-12f2f2b43abf,839.95,2026-08-17T15:15:54,False,,
33b636dc-c2d0-1c42-fd59-5978796512e3,8a14be62-295b-4715-c333-e8615fb8d16c,fcf56188-d32e-6dcd-83bc-9478dd6ac7b8,1683.81,2026-08-17T15:30:18,False,,
ee0f65a8-2a13-1c1f-ccd0-15c1ad5900dd,b4fb0eb9-49c1-3de7-3b42-06c5085b15fb,506e5a9a-b758-588d-ab73-295b344a54b8,942.2,2026-08-17T15:42:53,False,,
b99b70d6-bc6a-a8a7-be33-2380b7aa53b6,8ae8905b-54b4-a482-6858-6eba6a34c854,e2817efd-ae84-9217-1d53-434bb88139b9,708.07,2026-08-17T15:53:13,False,,
2c2cd22b-a568-95c6-812a-1f9b15969802,78b2b549-3bdb-c09e-acc2-16a01bbc91f7,beb79919-3f22-faf8-23be-d01d43cf2fde,679.14,2026-08-17T16:08:02,False,,
833de3ad-743b-9f71-7807-c94702c2b367,8e485223-46b9-8991-e14e-b70db380c73a,ff5e9ff0-ff50-bde4-3825-67b85cabcc97,1327.56,2026-08-17T16:15:37,False,,
96f84ff7-c1a7-2883-f880-287869fb0763,61985d54-cfb8-7e6f-e9d6-8f23b489d070,3d85de89-c217-1429-8e20-07247d137018,2247.43,2026-08-17T16:32:45,False,,
93c379fd-f885-05f9-d126-3905de993ecd,ae9bec36-35c7-936c-5b99-62c6e61fecc0,9191b363-4e2d-6645-6dc7-cac7fd72b050,229.47,2026-08-17T16:40:28,False,,
0d527b89-3c8b-966c-af37-4e8cc4735700,859131d2-bbda-0242-2d17-4fc96f7c15ea,b92da22b-21df-306f-8a0b-3c3336d8393a,827.72,2026-08-17T16:55:46,False,,
82ab23a0-fc86-2110-9c8a-a87202141a68,f42d47cc-00d4-af59-7427-3ca3287d06ca,4d6168bd-2def-e193-5c62-b3a23a3c563e,765.64,2026-08-17T17:05:50,False,,
fb4a0283-1e28-7c97-a9e0-917fe324f5db,f6802cdb-77e4-90c7-1d7b-c313cde22f1c,d58842de-a2bc-372f-7412-b29347294739,1524.63,2026-08-17T17:35:04,False,,
48c08457-464a-ea48-3150-e60ded8982c2,9191b363-4e2d-6645-6dc7-cac7fd72b050,bdd640fb-0667-1ad1-1c80-317fa3b1799d,2120.16,2026-08-17T17:54:16,False,,
eba900e1-6a7d-5d96-4ba1-72331ac3bf31,dd2467ac-778e-edb3-693d-ffbc6c6fa611,12476f57-a5e5-a5ab-aefc-fad8efc89849,5356.24,2026-08-17T17:54:58,False,,
a9470663-0e73-7523-59ec-c846697437ea,a2a9d4d8-102e-fde5-a5cc-8bf738ab854c,c40c5d91-46fd-e062-a33d-c7afd701410d,1155.1,2026-08-17T18:07:14,False,,
a66c0fa1-b5dc-8a9a-fb38-cd9121f6c63d,9b689c88-3ae9-09fe-cc82-18dac696f5e6,f1533ae8-670a-cc5c-b321-bf214dd8eb85,494.28,2026-08-17T18:17:46,False,,
5e8354da-8793-5334-fc20-594ebf7da45e,da4bd9ca-eb5c-f467-80ba-cd647a0ecfea,cd5f4822-6966-08aa-ee49-f329c84a7b28,2004.58,2026-08-17T18:18:09,False,,
841169cd-b951-75be-5c89-158a16b44b0c,a911d192-43bf-d931-3605-bf54a021c0ca,513a7052-986f-9025-8f15-ba58fce68504,1030.7,2026-08-17T18:21:51,False,,
4819a23a-7d23-fd9a-3162-1e958d68f317,1dad09b2-52c2-1221-409d-360250843242,bcae8081-bdf0-70aa-f0b5-156bb82c9074,291.06,2026-08-17T19:23:52,False,,
641e7f8c-4c25-998e-cad7-3d36b62e8f02,badcc32a-c159-0f53-8a0f-4efbedcd465e,c268283e-e32f-2e63-b7fd-dd71a075e927,1132.3,2026-08-17T20:01:48,False,,
7c9428af-461a-ef63-49b0-16e51e595d1f,67f48ad5-4d0b-0d1a-91b0-e1d99d9262af,a319dcb4-217d-65a0-c568-11cd5563f616,778.06,2026-08-17T20:41:13,False,,
87623997-649f-7d88-8989-c5abfe2b34d8,902059e4-ff9a-b5c2-9f04-4aed75523327,093923de-8bab-ce3b-2628-6bfbe767dcea,1921.35,2026-08-17T21:10:52,False,,
ba0c96e2-8720-d00f-1263-01a0641cb619,a5d04d53-1e12-42e3-f272-92b6762172ed,e4429ebb-da7b-9095-63d6-2a39c0e3befd,5126.15,2026-08-17T21:48:26,False,,
92b4002c-7b2e-60e1-6ae6-34800b704f97,bb026576-f512-c4c3-b253-d2186c4a37ea,2e183554-cae2-8e66-ae8a-781390e0a95b,1183.23,2026-08-17T22:12:19,False,,
93fde248-aac0-4912-084d-7822da948e70,894a05e4-30b1-87ef-310c-0c003fa7f104,8da01097-be0f-051b-1b66-b5a9e3c43657,650.11,2026-08-17T22:38:15,False,,
d1aaab53-c755-66c2-dde4-cd87d96da200,464c04af-3d3f-3799-a072-95e97c0e8cd8,3a3c8a71-ff57-4e2b-4991-ab9bebc2026f,784.64,2026-08-17T23:01:09,False,,
d0a643fe-a53b-c024-d1a6-9d87f54e2019,722764e6-8c41-561b-e827-a1b9d4a02e53,69ca97d2-7644-14fd-8ae7-69edde8ede0b,1516.38,2026-08-17T23:03:06,False,,
54c0c6c2-54f6-516e-a9d0-49dc369e5af8,598336e3-75d6-6ed4-eb1f-a9f2d10bd1d0,771ad655-cdfc-6ee0-e61e-de900267deb3,729.18,2026-08-17T23:05:02,False,,
4adb8f79-ff82-bf84-3e86-cc14e3f2df80,7a4c75d4-dc99-e04c-f0e9-8b3b40a26c60,96fc734d-a003-cd28-ca8f-3653c9af18f8,203.68,2026-08-17T23:23:31,False,,
64575bc4-a981-b098-b2cf-952da7f333b3,fbe33b24-3eae-0032-0bd4-a9900640be0f,d882b5c1-f79e-fd70-65bc-c272fadd7ea3,4256.66,2026-08-17T23:34:14,False,,
52daf681-2b1a-c76c-89ec-bc5198cbaa52,8e485223-46b9-8991-e14e-b70db380c73a,ad64b56c-610f-aa3f-f0bb-ac67aa38d0a1,3290.44,2026-08-18T00:43:46,False,,
a847bce7-90fa-6b57-24ac-2130deaf528d,1c8eaee9-5715-bd6f-a416-1293c4c2e2e3,6e068097-25e9-7977-8d72-48e2951f58d0,380.81,2026-08-18T00:58:18,False,,
61458972-06fe-f9ea-fea0-9deb7d84dae5,87e5f0fe-5da8-d6d2-f8b3-8a8be05fb8bc,654821d0-7fcd-9eb1-a7ca-d415366eb16f,539.38,2026-08-18T01:00:31,False,,
05fe16de-c3d3-1e5c-feee-71386a5731f7,b8a6171f-1ee3-4dc4-3b04-8a8b405bfdc9,d58842de-a2bc-372f-7412-b29347294739,931.88,2026-08-18T01:40:27,False,,
a81fdec3-279c-658a-3676-0ce581e5c9f6,85d51695-90b2-b633-956b-8c0ca8499b92,c4b032cc-d7c5-24a5-5304-317faf42e12f,601.46,2026-08-18T01:41:51,False,,
234bae09-da79-d686-8f06-c963e65664ac,c40c5d91-46fd-e062-a33d-c7afd701410d,9e50aa42-ca6d-fda1-989b-c4da9b37a22b,4413.69,2026-08-18T02:13:59,False,,
aacad101-f153-0f68-9215-583a9532caba,7428a656-b3ee-4d3b-5a10-412954aebd1b,4d3485c5-c5c1-4eb4-b27b-3d901a16342c,895.12,2026-08-18T02:23:12,False,,
ec66f55e-5309-c42a-762e-0da3e14604df,2a405f12-b963-f37f-6781-4c1fcc530e36,4fdc6e1b-edcb-8cb6-0692-dc639424aed5,301.19,2026-08-18T03:09:08,False,,
2ba4d656-610c-5ade-7ed9-9a6b6c3786c2,e9ff1cae-41c8-ca8c-2a1f-955ad499da99,c0e9ab30-ed26-62e9-17e0-11b7f8102383,2359.21,2026-08-18T03:36:52,False,,
07faf6f7-d73a-ae7b-47cc-3a662638d8be,f42d47cc-00d4-af59-7427-3ca3287d06ca,6502d6a2-ca6a-2224-171e-16cc5da36f1b,644.84,2026-08-18T03:58:07,False,,
dbbd3290-a6ed-cadd-eb04-cd299c48c830,1efa2197-7394-988f-847f-d9b4e64d1bcb,d4f8fd72-f382-1cfd-c083-b73a473bd358,3208.73,2026-08-18T04:14:22,False,,
6ce052ef-4eda-31cc-7320-0e3050ba8edd,43d88870-f81d-baa1-c812-0a8e78308930,f920264c-0763-fcd0-1f15-c7b67c16128d,8296.64,2026-08-18T04:21:44,False,,
9925bc9b-cd60-2879-f79b-1079abb8fe95,93b7a886-12f7-0c97-7de3-1a516694c343,e8dd5e5a-1712-fb16-21a4-344fbb7bee03,3010.37,2026-08-18T04:47:28,False,,
6c2d1b96-62e0-adf7-a315-5bbbadb231a2,82ec9f2d-fbf6-e16f-9b30-80d56fb78271,fb16e5db-a6ea-b79e-d21c-82f8cada4f80,2683.93,2026-08-18T05:10:35,False,,
27111b60-93ac-d71b-de03-a536b703fa9f,a3917c99-4c95-5f6a-966b-1964fcd6bdca,dc5c0eed-8da0-365b-f898-97b9405cacec,1564.96,2026-08-18T05:11:30,False,,
c0ac1c00-af8e-26b2-6cfb-f1736b4d3d1a,76f2dbfe-cd29-a36f-2222-82e174daaebf,3170f437-a8f7-ef5a-060e-df5b39118497,278.13,2026-08-18T05:12:42,False,,
73230f23-a17e-34b0-68ac-039ce921f231,e9ff1cae-41c8-ca8c-2a1f-955ad499da99,d6d7b3b8-3309-4d35-3f4d-f561f319c125,15000.0,2026-08-18T05:33:20,False,,
50a8ad59-964d-9921-41f9-bf4586b5dd45,8f5486b7-c7b5-b2bc-5a8a-aeca1a50aec3,ae340454-cac5-b68c-28f4-9481a0a04dc4,1367.23,2026-08-18T05:40:44,False,,
85e620fe-a44e-b3e1-c5ba-136f594ed61a,d52721e7-19bc-143e-fb02-bebb48729a4d,458f1f19-3c07-c574-4925-7af1b6aae05b,1086.48,2026-08-18T05:47:00,False,,
2ef38ed1-8cdf-e58d-8252-caff6e06f176,c0e9ab30-ed26-62e9-17e0-11b7f8102383,ae340454-cac5-b68c-28f4-9481a0a04dc4,116.95,2026-08-18T06:31:53,False,,
ae007b7e-2f8c-83e5-6e8d-9644601bfbcb,5e781fd7-94e0-d3ba-a9f9-48b24e6384bb,e8dd5e5a-1712-fb16-21a4-344fbb7bee03,3079.32,2026-08-18T06:33:00,False,,
efb278fd-a391-ffdb-8794-ac7e4aaa7f99,8a63f881-ffd0-f9d5-a6f2-f7b80cf35b58,1ff49b78-8946-3e85-759c-de66bacfb3d0,1055.21,2026-08-18T06:45:06,False,,
fcce5213-6789-9d92-f33c-4c369a690cad,913e4de2-e0c5-3cb8-3da9-c2a90ed42f1a,9854ce4e-4ebf-a5c3-cae9-b4a72a79ea68,714.72,2026-08-18T06:53:00,False,,
31e3e608-800e-2952-65ec-4424f56febb1,17dc8eff-6872-13f9-8d60-593603802b70,67f48ad5-4d0b-0d1a-91b0-e1d99d9262af,1538.38,2026-08-18T07:31:34,False,,
a837fe68-bba2-05ca-3dba-6da85844f9fc,dd81b7f5-7d59-11c6-a8f1-e091ffb8102d,07a0ca6e-0822-e8f3-6c03-1199972a8469,790.24,2026-08-18T08:02:40,False,,
31f55560-a42d-10f5-9baf-cc200e16af3f,acdabacc-1165-e210-9854-3881118a9d29,c521bf2d-dc45-d539-c03f-3538e4855aa1,1070.25,2026-08-18T08:23:37,False,,
f62162ab-6ba6-4252-776f-fd036d7bba17,4fdc6e1b-edcb-8cb6-0692-dc639424aed5,0bbb2599-11ce-5dd2-b45e-d1f03139d32c,449.8,2026-08-18T08:35:11,False,,
b2709103-cfd6-b161-c499-68ddd6d24227,f1578470-0182-67c4-7a1b-58066160a6b4,cf36d58b-4737-8190-96da-1dac72ff5d2a,820.35,2026-08-18T09:03:37,False,,
c0860861-2fa8-3aa4-8bf9-a66d7782e83f,ce7ae7f6-3982-0cff-4f77-a665ac3c5640,46d483f3-d450-281c-6c6f-7633a2607723,681.15,2026-08-18T09:06:19,False,,
accfb130-e487-2e77-08d1-6094b6e3b91b,093923de-8bab-ce3b-2628-6bfbe767dcea,787f2425-dbcc-c477-09e9-db0adf465290,3589.27,2026-08-18T09:12:05,False,,
4cdcffaf-7fec-01d8-5ed5-60c37afeb17e,f920264c-0763-fcd0-1f15-c7b67c16128d,fb16e5db-a6ea-b79e-d21c-82f8cada4f80,6308.06,2026-08-18T09:13:52,False,,
d6aa5382-e144-6b45-af39-0a9ddcd1c413,cfa701cd-2631-d00b-26d7-94d30db95301,a56c0941-fbf2-4050-a748-dbcfac619e63,2334.12,2026-08-18T09:47:52,False,,
dc9eec0b-8a09-c8b4-c0f2-b34e7365949b,b4fb0eb9-49c1-3de7-3b42-06c5085b15fb,4fdc6e1b-edcb-8cb6-0692-dc639424aed5,15000.0,2026-08-18T09:52:45,False,,
2cff45f8-1bdc-74a9-8d3a-5d767caa281b,dabac50d-ca3d-d859-c5ce-099c46b82659,ce7ae7f6-3982-0cff-4f77-a665ac3c5640,837.25,2026-08-18T09:57:51,False,,
8346452b-8073-aa66-d7b4-db174b658517,7bb38605-da74-3152-627b-41a1ffd6f232,07a0ca6e-0822-e8f3-6c03-1199972a8469,1957.24,2026-08-18T10:22:24,False,,
7f4d908c-e1ff-f6c0-8347-f1da5c11ab6d,ce7ae7f6-3982-0cff-4f77-a665ac3c5640,580d7b71-d8f5-6413-5be6-128e18c26797,684.08,2026-08-18T10:34:03,False,,
7ade4367-e0bd-202c-54e1-4f3abba41ae0,ce9e1a11-fcbb-4e59-fbdd-cf7c9c96e9ec,1497d658-7010-f719-7e69-5d0d8a3c3b5e,658.51,2026-08-18T10:49:53,False,,
6c35e33c-70fe-05a1-7880-adc62af2b718,8bcf53a1-bc10-fa52-bf5d-2fdf89c8d2ab,8ae8905b-54b4-a482-6858-6eba6a34c854,2479.31,2026-08-18T10:56:35,False,,
2ff8e87e-1659-1c89-21eb-faa91a2bd69c,4ab7706e-b773-50ca-eec2-59dc7f95897c,688c7015-aab9-7e49-4f2d-479681d2c7de,540.41,2026-08-18T11:20:03,False,,
297a8503-d833-33c3-f88f-a199ccbcbf4b,a65e688e-abf3-ad39-fec2-1bbe66245bfa,658b2523-6014-1de9-f54a-d0a2e87466d7,2683.63,2026-08-18T11:43:41,False,,
54f5e2f0-9e9a-1e40-ba49-ccd561853b1a,a5d04d53-1e12-42e3-f272-92b6762172ed,3b982ef8-daf6-1a26-146d-3f31fc377a4c,162.02,2026-08-18T11:50:47,False,,
56516ab6-5f7e-7e7d-9d68-9315ccda78e2,49c8a43f-7ed7-0ed7-b194-990b6961929e,a0ee89ae-d453-dd32-4b0d-bb418d5288f1,2042.79,2026-08-18T12:16:40,False,,
41f9994a-cf5d-337f-ee8d-5daa8eb7c306,464c04af-3d3f-3799-a072-95e97c0e8cd8,7428a656-b3ee-4d3b-5a10-412954aebd1b,354.59,2026-08-18T12:33:04,False,,
5415668e-4f75-c3d1-9610-7189016ff44c,2e8d0e87-5334-20e6-d9d8-0b8d7e8adee7,8f5486b7-c7b5-b2bc-5a8a-aeca1a50aec3,1317.97,2026-08-18T12:35:07,False,,
5ea011cd-6d79-d8bf-da92-e740b74966cb,ce88cb2d-d4e8-0839-fc3e-058be0f3eab0,8da01097-be0f-051b-1b66-b5a9e3c43657,1139.11,2026-08-18T12:40:15,False,,
d6c6f45c-dc5e-4e78-6307-d4d121c9a15d,969b6662-0562-8059-568c-c69b1064005c,b24445a7-b7e5-8481-31c6-81ec935f2b0a,1399.24,2026-08-18T12:42:35,False,,
f9ad97ae-0ea7-61a6-9c5d-fb8d60e12973,9854ce4e-4ebf-a5c3-cae9-b4a72a79ea68,382c043f-7cfc-9b79-3875-394ce5d6f6e6,889.78,2026-08-18T12:50:27,False,,
0be3534a-e1ad-640c-7463-835eeafb9f20,ce88cb2d-d4e8-0839-fc3e-058be0f3eab0,658b2523-6014-1de9-f54a-d0a2e87466d7,185.17,2026-08-18T12:53:18,False,,
5f20ac06-9ace-8631-8763-810496c2e045,f920264c-0763-fcd0-1f15-c7b67c16128d,44656d6b-81fb-18b3-c9a7-d91fef2ae713,1340.19,2026-08-18T13:02:38,False,,
0413d049-52a0-628b-2b25-a58af5953b2e,a5d04d53-1e12-42e3-f272-92b6762172ed,d89a40c0-e87d-1c78-e7c4-21c740497b71,1194.3,2026-08-18T13:08:06,False,,
cac4d0eb-3373-730e-fc31-a5971f119c0f,bb2488a3-d363-57b6-6f81-cf4f7701f7bb,1a2a73ed-562b-0f79-c374-59eef50bea63,3438.61,2026-08-18T13:10:08,False,,
0dd8063b-36a2-bf69-7931-5fc6fa82f65d,a65e688e-abf3-ad39-fec2-1bbe66245bfa,d4f8fd72-f382-1cfd-c083-b73a473bd358,1642.1,2026-08-18T13:10:10,False,,
028bffb6-c528-ac36-2545-034c714cd65e,336749b5-2cf6-bf75-6a5e-6920bf5ae7e6,bdd640fb-0667-1ad1-1c80-317fa3b1799d,278.72,2026-08-18T13:29:51,False,,
23763f57-852c-62ce-f337-7b9ee60587ef,aff8754d-1238-d630-743b-65a2dc0f2fcf,1a2a73ed-562b-0f79-c374-59eef50bea63,717.49,2026-08-18T13:31:46,False,,
6f887f28-3e49-fd09-1b19-d8b8d8302081,14822f53-8201-0c62-f5f5-9b220e8fa8e0,04f64d86-7866-0765-14f7-ce8dd5bcb8d0,3156.19,2026-08-18T13:35:20,False,,
3af7fa21-a93e-7b5b-1e4a-e3a7d123f7c1,7a4c75d4-dc99-e04c-f0e9-8b3b40a26c60,0964fbbf-8cd3-21b0-c2b0-1cfdd045dd1c,1247.9,2026-08-18T14:01:13,False,,
98ff805c-fcd2-280e-e3c5-1ba87122d7a0,8dfa6a56-d12d-bc9a-aaf9-15310200b1f0,dfcaf0b7-19b1-7e80-dea4-ae1754fd9ad3,1797.28,2026-08-18T14:25:22,False,,
b4fbdaf2-b43c-7851-e78d-cf327e2a9f73,1c8eaee9-5715-bd6f-a416-1293c4c2e2e3,ad64b56c-610f-aa3f-f0bb-ac67aa38d0a1,2957.33,2026-08-18T14:55:28,False,,
69fb2fe6-7346-1e07-f72c-b6c8855c0a97,288b78b5-b5b4-53ca-3d42-993ccc9fd334,c4b032cc-d7c5-24a5-5304-317faf42e12f,1710.03,2026-08-18T15:07:03,False,,
a64e2384-a117-b864-82f5-9390ed696cb3,382c043f-7cfc-9b79-3875-394ce5d6f6e6,beb79919-3f22-faf8-23be-d01d43cf2fde,617.94,2026-08-18T15:21:37,False,,
54905f79-aa49-46f4-ead1-d758b319f18d,e4429ebb-da7b-9095-63d6-2a39c0e3befd,6e068097-25e9-7977-8d72-48e2951f58d0,276.08,2026-08-18T15:26:57,False,,
f5d8fb91-ee60-81ac-2dd0-622e266bf2ea,db52ca58-0500-0bc6-b20d-cb6ef2311f17,9b689c88-3ae9-09fe-cc82-18dac696f5e6,1514.32,2026-08-18T16:03:48,False,,
085e9e90-f12f-f03e-923b-6567dcdc614f,0633a286-5852-62b1-7693-5d1f8d80c2fe,84c84c23-676e-34be-78be-c228c455da79,5000.0,2026-08-18T16:09:00,True,circular,C_CIRCULAR_1
9de7df7b-5594-552b-405a-8e7e6f46a41f,67f48ad5-4d0b-0d1a-91b0-e1d99d9262af,cd5f4822-6966-08aa-ee49-f329c84a7b28,1246.51,2026-08-18T16:18:56,False,,
0c858251-10e9-00ff-5857-8862310565b6,d89a40c0-e87d-1c78-e7c4-21c740497b71,3b982ef8-daf6-1a26-146d-3f31fc377a4c,859.13,2026-08-18T16:20:04,False,,
82cc3039-1719-944c-9e5d-531a2477536f,84c84c23-676e-34be-78be-c228c455da79,c973c84e-2d4c-0413-74be-3766aa47bfc8,5000.0,2026-08-18T16:24:00,True,circular,C_CIRCULAR_1
8dc5d246-a85d-938b-e64f-8ec061e5cdd9,c973c84e-2d4c-0413-74be-3766aa47bfc8,42a5af9b-5223-26bb-76d9-d64d7ae67ecf,5000.0,2026-08-18T16:43:00,True,circular,C_CIRCULAR_1
ea7523fa-b504-cdaf-1708-70033a843b35,1c8eaee9-5715-bd6f-a416-1293c4c2e2e3,4ab7706e-b773-50ca-eec2-59dc7f95897c,1190.34,2026-08-18T16:45:25,False,,
0d97bade-647a-96e9-1a2d-0d7abac432f8,42a5af9b-5223-26bb-76d9-d64d7ae67ecf,7bdc80ac-4400-592c-a0b3-35c78fe1f050,5000.0,2026-08-18T16:55:00,True,circular,C_CIRCULAR_1
881e40c6-6c8f-8833-fb11-6ab62dc86df8,a53f8a28-abf3-e3fc-2181-3d25655238a6,0c0fd195-c17a-f08a-1745-d6d87e570ddf,110.37,2026-08-18T17:05:41,False,,
ff4cc10f-979c-30cf-3326-1887905881df,ef8c485b-c07a-30f2-edd4-253b50f0fd0a,e2817efd-ae84-9217-1d53-434bb88139b9,4634.45,2026-08-18T17:16:26,False,,
7085770f-b7e1-cb21-2e80-c748de78c603,7bdc80ac-4400-592c-a0b3-35c78fe1f050,0633a286-5852-62b1-7693-5d1f8d80c2fe,5000.0,2026-08-18T17:17:00,True,circular,C_CIRCULAR_1
9247e851-2e0d-3860-7362-f9b74795cd1d,c2a79689-1933-918c-fa74-57616f18c108,3b982ef8-daf6-1a26-146d-3f31fc377a4c,268.4,2026-08-18T17:20:48,False,,
f45707c6-7894-6a15-c342-01db2c3aacdc,72bb912d-7da6-7785-b63b-4dc3a559e463,654821d0-7fcd-9eb1-a7ca-d415366eb16f,1401.04,2026-08-18T17:44:10,False,,
7a506f60-18ad-8eeb-b760-7067ab1e5b37,bf1e8366-4b8e-63d4-ce76-07adf7a67b94,50c187fc-ce17-7b4e-0837-b8a3d261a7ab,326.63,2026-08-18T17:56:05,False,,
2cde531f-5dce-8d9b-5d96-120d0a76bd91,4fdc6e1b-edcb-8cb6-0692-dc639424aed5,9e50aa42-ca6d-fda1-989b-c4da9b37a22b,827.91,2026-08-18T17:56:39,False,,
0d18ab95-668c-8477-0b95-017c5dae1201,faf14ff0-7b85-179a-d5b0-77e06a5d932b,3b982ef8-daf6-1a26-146d-3f31fc377a4c,1319.01,2026-08-18T18:09:42,False,,
b361e70a-6b49-acc6-35e5-74e06c878546,eededb07-e623-a689-5d59-cd2a4eea04e7,12476f57-a5e5-a5ab-aefc-fad8efc89849,756.39,2026-08-18T18:19:57,False,,
72811822-fd26-ce31-8a00-c9be55c5e74b,b92da22b-21df-306f-8a0b-3c3336d8393a,ff5e9ff0-ff50-bde4-3825-67b85cabcc97,2386.08,2026-08-18T18:28:05,False,,
381958f2-2b25-8bdf-2879-1fa47a80fdd0,dd750e98-90e0-b95f-0212-b554464458b4,bcae8081-bdf0-70aa-f0b5-156bb82c9074,2139.53,2026-08-18T19:06:49,False,,
5fa9b21a-504b-10c8-f3b9-37f29fe7e068,d4aac9a3-3ed8-c56c-da09-dfa052828d80,3c19e71d-1184-05ad-9e11-d2cd0930aef6,863.56,2026-08-18T19:16:26,False,,
5b74c4d1-b332-2d31-d3a6-5f0ceb078653,1497d658-7010-f719-7e69-5d0d8a3c3b5e,f63fce41-3a9a-ca5e-1761-32ed069f14f1,1555.65,2026-08-18T19:18:52,False,,
b80f16c5-c28f-a16b-0aa6-fcb9c1bcbe59,3d85de89-c217-1429-8e20-07247d137018,ae340454-cac5-b68c-28f4-9481a0a04dc4,1233.15,2026-08-18T19:25:29,False,,
5f8e74df-29f5-010c-8b6a-4c9778f4223b,770c7798-37cc-863b-f2a0-345990604f62,74f93d17-e912-b4bf-86a4-bae41986b4b2,1194.99,2026-08-18T19:55:55,False,,
7d3d6b72-1f3e-c572-1527-b2ac1ddb4f15,474a493b-3ced-df2d-839f-bc501223b513,06cb0fb3-9a1d-e644-815e-f6d13b8faa18,2200.38,2026-08-18T19:57:44,False,,
0f8035f5-5bd2-0c98-a513-5ea0fa53e34d,72bb912d-7da6-7785-b63b-4dc3a559e463,7bb38605-da74-3152-627b-41a1ffd6f232,867.71,2026-08-18T19:58:34,False,,
6359d5ce-e2aa-6dc7-7208-838e7d57ef69,d4aac9a3-3ed8-c56c-da09-dfa052828d80,ccc56569-f9e8-a369-2999-b735dd56cc94,2747.14,2026-08-18T20:07:05,False,,
e7bd1db7-f780-8afc-a538-c6a705651e80,74f93d17-e912-b4bf-86a4-bae41986b4b2,ce7ae7f6-3982-0cff-4f77-a665ac3c5640,1484.21,2026-08-18T20:26:50,False,,
c4f9eccd-7630-a8a7-70ca-fdd8fc043f08,1497d658-7010-f719-7e69-5d0d8a3c3b5e,c4b032cc-d7c5-24a5-5304-317faf42e12f,2494.65,2026-08-18T20:33:56,False,,
e54dce58-044e-2d9b-4526-aeed47a0fcda,598336e3-75d6-6ed4-eb1f-a9f2d10bd1d0,1337739e-8d4f-5d27-2c7f-0b793d67cde9,534.41,2026-08-18T21:10:18,False,,
2daf33de-84cc-98eb-803f-8f00b28935e7,fbc9f87a-f668-a617-94a1-875d2db69edb,b02b61c4-a3d7-0628-ece6-6fa2fd5166e6,639.62,2026-08-18T21:11:03,False,,
147f0413-b0c4-6ddc-f634-71f87b45bd9c,a53f8a28-abf3-e3fc-2181-3d25655238a6,d52721e7-19bc-143e-fb02-bebb48729a4d,1585.53,2026-08-18T21:25:30,False,,
84d465df-a8d6-5147-60f4-1905693f9bc7,c521bf2d-dc45-d539-c03f-3538e4855aa1,d289f0ab-618a-e305-95a5-bafa431d029f,2684.78,2026-08-18T21:37:58,False,,
ada517e3-a85d-81db-9620-ed148486b704,6502d6a2-ca6a-2224-171e-16cc5da36f1b,474a493b-3ced-df2d-839f-bc501223b513,5068.25,2026-08-18T21:43:05,False,,
9b559178-0353-9b9a-ebeb-9d9880b710a6,7f2984f5-bec3-9a37-9b3d-74bde91e314e,41357e8c-30a9-00ad-939b-462de645f129,6637.64,2026-08-18T21:45:42,False,,
ef21db2c-0143-d636-fd54-225b899d6cd2,80962718-2051-acef-097a-1e10f6febc0e,9326dffd-5be4-bf51-9269-869861a11729,955.8,2026-08-18T21:46:32,False,,
bd54da04-4dcd-0009-c8d5-77179055a36f,ccc56569-f9e8-a369-2999-b735dd56cc94,77097749-527e-ecfa-a79a-c9aa9b4e2c24,2186.69,2026-08-18T21:49:19,False,,
8c9d4a84-e24c-ee91-b499-2393f2491816,c521bf2d-dc45-d539-c03f-3538e4855aa1,07a0ca6e-0822-e8f3-6c03-1199972a8469,1119.67,2026-08-18T22:02:40,False,,
770e09db-7092-d401-4367-5d580b6c03c8,eededb07-e623-a689-5d59-cd2a4eea04e7,ab9099a4-35a2-40ae-5af3-05535ec42e08,142.7,2026-08-18T22:23:02,False,,
ce8b30ce-a671-55cd-76e9-efdc47e4b3f3,ad64b56c-610f-aa3f-f0bb-ac67aa38d0a1,3b982ef8-daf6-1a26-146d-3f31fc377a4c,15000.0,2026-08-18T22:31:23,False,,
6b1205aa-9bd3-f580-ad9f-835f3fc5c786,db946570-1ac7-0ec0-ab8d-deb45230dfbd,ff5e9ff0-ff50-bde4-3825-67b85cabcc97,643.74,2026-08-18T23:15:24,False,,
4e80d10b-fd0e-e0b6-40f7-924b7bd7b4bf,7428a656-b3ee-4d3b-5a10-412954aebd1b,ff233d5f-6ced-d15d-5800-7c0287ea7ff5,1180.06,2026-08-18T23:19:45,False,,
51f5a8f9-3c15-ae1f-efda-21b2ecedf328,458f1f19-3c07-c574-4925-7af1b6aae05b,7bb38605-da74-3152-627b-41a1ffd6f232,15000.0,2026-08-18T23:20:50,False,,
a7742626-ca35-9116-e22d-dfbb99f19675,a8b317fa-18d0-752b-1825-bc5430beb45f,f920264c-0763-fcd0-1f15-c7b67c16128d,1121.55,2026-08-18T23:25:33,False,,
dafec8a9-3c71-e0be-f357-956071d79665,787f2425-dbcc-c477-09e9-db0adf465290,a6d964a3-f510-ab53-c7fe-e39f1190f938,867.7,2026-08-18T23:41:55,False,,
d11ce5c8-50b2-81c0-ffdb-a2ee57d3ec63,5283aac7-bc0a-6a5d-6e99-6e3ee3b137fc,12e89d10-2871-1733-8bed-db12ad77e82f,322.37,2026-08-18T23:59:45,False,,
949aca46-0a87-2ac2-8f3f-5995e468eb64,e9a1fa6f-81f7-6d1c-2dbc-2134c30ff46e,d882b5c1-f79e-fd70-65bc-c272fadd7ea3,10429.94,2026-08-19T00:07:52,False,,
35eb0106-767f-5095-78dc-340b4051391c,11b7e948-d0e6-e660-7c69-dee1bb5e4bcf,7a4c75d4-dc99-e04c-f0e9-8b3b40a26c60,805.96,2026-08-19T00:32:29,False,,
bc35bc9a-521a-21a4-254c-50288a6fb508,fcf56188-d32e-6dcd-83bc-9478dd6ac7b8,b02b61c4-a3d7-0628-ece6-6fa2fd5166e6,119.19,2026-08-19T00:33:48,False,,
b9d276f4-d37e-e471-6e3b-0507a21c1209,ce88cb2d-d4e8-0839-fc3e-058be0f3eab0,faf14ff0-7b85-179a-d5b0-77e06a5d932b,268.63,2026-08-19T01:05:04,False,,
95132c22-1583-9b99-a50a-13dcf004e897,f63fce41-3a9a-ca5e-1761-32ed069f14f1,f16287e4-e9c3-49e0-3602-f8ac10f1bc81,513.3,2026-08-19T01:41:26,False,,
cc8cc291-fa23-58bc-86e4-abacf0effa1e,246998e8-d39e-198b-4400-7d5ae88da719,b4a69f3c-8d3a-ed99-711c-21c9bdc14f1f,248.42,2026-08-19T01:49:10,False,,
ded7d3ef-f5e4-a9c1-2d76-1ffa7233d5af,033d2bce-575a-ed2c-a5c5-650c8186a576,92f5df7b-0323-d342-df6a-8f931a432f0a,389.46,2026-08-19T01:57:18,False,,
01e7719c-d667-a724-bfee-7aef6a606a4b,aff8754d-1238-d630-743b-65a2dc0f2fcf,76f2dbfe-cd29-a36f-2222-82e174daaebf,3755.12,2026-08-19T02:02:15,False,,
f4e559e5-9622-9348-0f5a-e9d38e6e5003,fb16e5db-a6ea-b79e-d21c-82f8cada4f80,8b8148f6-b38a-088c-a65e-d389b74d0fb1,1225.28,2026-08-19T02:09:54,False,,
2de982f8-0d7b-ec04-e6e5-9b32ac5f12ef,902059e4-ff9a-b5c2-9f04-4aed75523327,859131d2-bbda-0242-2d17-4fc96f7c15ea,5078.34,2026-08-19T02:21:10,False,,
0c3838a5-1fb2-35c4-5abe-c3fa81eb7abb,bcae8081-bdf0-70aa-f0b5-156bb82c9074,9191b363-4e2d-6645-6dc7-cac7fd72b050,572.91,2026-08-19T02:33:06,False,,
6f959489-8af2-820e-29a3-e5f6984ad463,093923de-8bab-ce3b-2628-6bfbe767dcea,5e781fd7-94e0-d3ba-a9f9-48b24e6384bb,1833.36,2026-08-19T02:43:04,False,,
243113fd-8e19-0d07-dff0-b9bf8db3c2c1,f6802cdb-77e4-90c7-1d7b-c313cde22f1c,bdd640fb-0667-1ad1-1c80-317fa3b1799d,1315.36,2026-08-19T02:43:42,False,,
969b6b4b-fcce-3ef8-a41b-c4c24eccb0ab,ce88cb2d-d4e8-0839-fc3e-058be0f3eab0,033d2bce-575a-ed2c-a5c5-650c8186a576,1791.8,2026-08-19T02:44:43,False,,
d1c1a2db-a82a-1132-85eb-4279651c21fd,6786d506-38ba-8abc-4b53-05e517d2582e,088a93ec-70d9-c9f8-c9e2-60744f1639a0,8574.46,2026-08-19T02:57:06,False,,
2fc44d65-0ad5-6e56-df9b-87b0ddc418d2,a5d04d53-1e12-42e3-f272-92b6762172ed,77097749-527e-ecfa-a79a-c9aa9b4e2c24,1362.09,2026-08-19T03:21:04,False,,
10cc4604-28b2-6b1b-ca9f-1d5983e8b700,74f93d17-e912-b4bf-86a4-bae41986b4b2,1a3d1fa7-bc89-60a9-23b8-c1e9392456de,409.23,2026-08-19T03:38:13,False,,
1582de78-c06a-5949-2263-78ab15b2c2b4,8a14be62-295b-4715-c333-e8615fb8d16c,6786d506-38ba-8abc-4b53-05e517d2582e,1622.63,2026-08-19T03:51:59,False,,
b0c07fcc-96ad-d4df-adf7-5924c5b8386b,e4429ebb-da7b-9095-63d6-2a39c0e3befd,f6f7f0cc-29ec-8e49-d1bd-b8c0c71d5e60,2126.28,2026-08-19T03:52:51,False,,
6fdbab51-ef7b-80f1-c2be-7bac3717f44b,bd1531c8-3764-fbda-3108-d4482f65fafa,12476f57-a5e5-a5ab-aefc-fad8efc89849,2484.66,2026-08-19T04:01:01,False,,
6507c321-f0b6-844f-6a73-30b3ecfa1700,033d2bce-575a-ed2c-a5c5-650c8186a576,3b982ef8-daf6-1a26-146d-3f31fc377a4c,5471.71,2026-08-19T04:02:31,False,,
aac23302-1a3b-c8d8-0dab-a5071fc7737c,1e52d770-3f89-7142-fe71-6b1415ce6a66,fcf56188-d32e-6dcd-83bc-9478dd6ac7b8,647.91,2026-08-19T04:05:38,False,,
99960a38-bdc2-42a8-d1ed-c61884dac679,c268283e-e32f-2e63-b7fd-dd71a075e927,dfcaf0b7-19b1-7e80-dea4-ae1754fd9ad3,960.42,2026-08-19T04:12:51,False,,
6c7ceeb7-8bb5-f242-5105-7c351ceb08fe,6f962882-95d8-2980-ff37-d19c2e76128b,87e5f0fe-5da8-d6d2-f8b3-8a8be05fb8bc,5616.32,2026-08-19T04:33:46,False,,
0b39dccf-7c9f-3bc3-7210-045a823c7ef9,11b7e948-d0e6-e660-7c69-dee1bb5e4bcf,0b2c782a-6928-8e92-c68a-152fdb23aa8c,1117.02,2026-08-19T04:51:28,False,,
9b0e70ad-922b-da48-2a7c-f9e9d7a7e7b1,9191b363-4e2d-6645-6dc7-cac7fd72b050,8e485223-46b9-8991-e14e-b70db380c73a,588.08,2026-08-19T05:11:13,False,,
a894b11e-abb5-58e1-cb9a-6ed5fdbcebdb,dabac50d-ca3d-d859-c5ce-099c46b82659,0a4c9f7f-9384-ec2b-44fe-acaed248a9a7,925.02,2026-08-19T05:20:22,False,,
8a0f9508-dfe2-c0a0-a96b-3c42f6d22a7b,f42d47cc-00d4-af59-7427-3ca3287d06ca,5283aac7-bc0a-6a5d-6e99-6e3ee3b137fc,1568.36,2026-08-19T05:39:31,False,,
01b8c14a-fd68-a5d7-d37a-430a2f2aa5e8,2dea9493-0658-663a-698c-206fe1a47e10,382c043f-7cfc-9b79-3875-394ce5d6f6e6,743.84,2026-08-19T05:58:08,False,,
4fc77768-5ebb-cca5-284b-f9625744f596,22bd3388-6db9-9102-a48b-3dbe157d94a1,ab9099a4-35a2-40ae-5af3-05535ec42e08,323.49,2026-08-19T06:17:53,False,,
d96e684f-3db0-174e-7938-878a89b5aab0,eededb07-e623-a689-5d59-cd2a4eea04e7,a5d04d53-1e12-42e3-f272-92b6762172ed,800.1,2026-08-19T06:36:28,False,,
b77dff3a-d3f0-4058-2717-7e595548f613,610461e3-2a25-a888-0f02-bad0e7067ef4,0c0fd195-c17a-f08a-1745-d6d87e570ddf,631.53,2026-08-19T06:53:50,False,,
4a64cfcc-dcf3-15c6-47a0-29aecac6a853,ce7ae7f6-3982-0cff-4f77-a665ac3c5640,9f4c3b79-fb10-987f-20ac-3703eb67146a,474.73,2026-08-19T07:33:09,False,,
054edd71-3977-fd2f-9205-1da0e2643336,336749b5-2cf6-bf75-6a5e-6920bf5ae7e6,148f8b74-a65b-b1f2-65c1-7795b15516bc,943.83,2026-08-19T07:36:34,False,,
e8a44238-5fe8-b710-3fec-5325edc72f12,6232b17a-2507-4181-8d1f-b54074eff545,ccc56569-f9e8-a369-2999-b735dd56cc94,514.5,2026-08-19T07:41:51,False,,
b8f89cba-bb40-4bc8-709a-c2bcb6da79bb,04fc6d82-7d15-4385-52fb-e43b99546eb4,246998e8-d39e-198b-4400-7d5ae88da719,5010.46,2026-08-19T08:18:52,False,,
153d1653-4664-1858-0d3f-69eda8c51cca,22f235f2-e11b-868d-bf0d-073d821c1336,580d7b71-d8f5-6413-5be6-128e18c26797,709.47,2026-08-19T08:31:35,False,,
b9b513c7-eb1e-fddc-0d88-893344725ab7,f36cb62b-892e-6161-be2d-740a1e9b23bc,341c6494-0d36-6dfc-c28e-bd7071299889,1832.8,2026-08-19T09:20:05,False,,
026b5383-a301-ec03-0e5d-8c6a79db7862,8ae8905b-54b4-a482-6858-6eba6a34c854,5e781fd7-94e0-d3ba-a9f9-48b24e6384bb,1817.08,2026-08-19T09:52:28,False,,
fb372648-697a-c96d-d988-5d2a570662ce,439472e6-da58-7e8a-a25d-6b29afffcfd2,580d7b71-d8f5-6413-5be6-128e18c26797,784.36,2026-08-19T10:14:38,False,,
1ce370ed-6857-07ac-3a40-fe3983a5f421,610cf373-4299-9aa4-0cdf-742b2e85cb21,47229389-571a-a876-6c30-7511b2b9437a,300.46,2026-08-19T10:17:00,False,,
a7946320-8cf6-e8b8-7fd2-38c33ee82983,f36cb62b-892e-6161-be2d-740a1e9b23bc,148f8b74-a65b-b1f2-65c1-7795b15516bc,536.3,2026-08-19T10:32:43,False,,
398e2497-57a5-5d1a-1093-a05bf26b3379,b92da22b-21df-306f-8a0b-3c3336d8393a,1fd5a423-706c-5c56-49e2-623debd34616,919.79,2026-08-19T10:35:00,False,,
3f175534-cc4d-5819-4b9d-fd589e5d9c7a,da4bd9ca-eb5c-f467-80ba-cd647a0ecfea,ff5e9ff0-ff50-bde4-3825-67b85cabcc97,240.0,2026-08-19T10:49:00,False,,
d7371450-95cc-fda2-3677-0e04a1d8507b,722764e6-8c41-561b-e827-a1b9d4a02e53,ae340454-cac5-b68c-28f4-9481a0a04dc4,1822.55,2026-08-19T10:54:39,False,,
9293f705-0815-0147-3e00-980eae441e21,8da01097-be0f-051b-1b66-b5a9e3c43657,74f93d17-e912-b4bf-86a4-bae41986b4b2,536.81,2026-08-19T10:57:13,False,,
2cd3248d-f820-5c5f-17c5-22e01fe9048d,2053da42-f1af-db65-b289-f2244ac9778d,80962718-2051-acef-097a-1e10f6febc0e,685.37,2026-08-19T11:19:13,False,,
6883ac6e-6a94-4054-b241-4482519894d8,dd81b7f5-7d59-11c6-a8f1-e091ffb8102d,7656af72-29d4-beef-3eab-edcbbaa80dd4,2103.57,2026-08-19T12:04:38,False,,
ebe98dd4-e80d-9169-c244-89e1154ebf91,c2dff335-5666-6f9f-53ac-2ab974672cd9,c2a79689-1933-918c-fa74-57616f18c108,612.12,2026-08-19T12:23:08,False,,
0db4a7fa-18e4-3d85-28d4-2725f611c0ec,69ca97d2-7644-14fd-8ae7-69edde8ede0b,f36cb62b-892e-6161-be2d-740a1e9b23bc,787.36,2026-08-19T12:23:15,False,,
b6f56f1c-c4a5-31cd-f97f-49941f38df55,43d88870-f81d-baa1-c812-0a8e78308930,bdd640fb-0667-1ad1-1c80-317fa3b1799d,3305.36,2026-08-19T12:34:11,False,,
d11fc8c0-297c-a4ff-f75d-599f6b2d5b09,859131d2-bbda-0242-2d17-4fc96f7c15ea,57207246-4223-623b-cc3e-bdde5ad5cf06,1196.37,2026-08-19T12:54:49,False,,
506801b9-c22a-899a-71b3-1c9198063af9,ff233d5f-6ced-d15d-5800-7c0287ea7ff5,d89a40c0-e87d-1c78-e7c4-21c740497b71,11659.45,2026-08-19T13:05:05,False,,
5f6bbc54-f392-b60b-64c5-ee2dba41348a,c8dcd19f-3e35-1128-7900-f7f993829b43,12476f57-a5e5-a5ab-aefc-fad8efc89849,1837.53,2026-08-19T13:32:16,False,,
02bb6d94-fed5-0d6b-bf64-94b6eee5b33e,04fc6d82-7d15-4385-52fb-e43b99546eb4,093923de-8bab-ce3b-2628-6bfbe767dcea,100.0,2026-08-19T13:35:42,False,,
c80c2195-8b65-84ce-7acc-99705beec570,d664d264-4c6e-27ff-b9de-7a3a486822b9,49c8a43f-7ed7-0ed7-b194-990b6961929e,6846.27,2026-08-19T13:38:33,False,,
cb295e19-d694-a527-9720-b88f1b98a0e3,766ecb15-474e-bc19-2ef9-12766c006f61,50c187fc-ce17-7b4e-0837-b8a3d261a7ab,2135.19,2026-08-19T13:44:47,False,,
611b92ab-34aa-babd-3975-74330b5ed148,db52ca58-0500-0bc6-b20d-cb6ef2311f17,a6d964a3-f510-ab53-c7fe-e39f1190f938,1080.9,2026-08-19T13:44:51,False,,
b38046ef-ad4a-2b3c-386a-f9ddfe83c32a,a911d192-43bf-d931-3605-bf54a021c0ca,dd81b7f5-7d59-11c6-a8f1-e091ffb8102d,1070.49,2026-08-19T13:50:47,False,,
e05bc7ea-c0a1-5dbc-695f-34ffbbe30fd2,f264accc-79ac-1b1e-a8e5-6e0c20de435d,ce7ae7f6-3982-0cff-4f77-a665ac3c5640,3783.04,2026-08-19T13:58:51,False,,
a998c8e1-3612-41be-8b8c-e7be6f689d65,560c95ee-638c-254c-076e-2bba7c5308bf,6b8e869f-d538-5b0e-34f3-193c0ff0a55c,1821.24,2026-08-19T13:58:56,False,,
aa7a907d-41f3-f1b9-b81b-da1d386a9050,6232b17a-2507-4181-8d1f-b54074eff545,ad64b56c-610f-aa3f-f0bb-ac67aa38d0a1,971.7,2026-08-19T14:47:52,False,,
546252e7-f43b-a052-4459-bd6ec0f63229,1d870966-0710-d430-f071-d87954c63cd8,d6d7b3b8-3309-4d35-3f4d-f561f319c125,1776.63,2026-08-19T14:53:47,False,,
75ac0819-714b-5c03-6057-97cfda55f825,913e4de2-e0c5-3cb8-3da9-c2a90ed42f1a,74962764-12a4-def0-c4bb-b7a9d98868dd,1685.88,2026-08-19T14:57:40,False,,
b047824a-6c36-2d23-1916-f984c510c97a,17dc8eff-6872-13f9-8d60-593603802b70,b02b61c4-a3d7-0628-ece6-6fa2fd5166e6,1158.56,2026-08-19T15:06:26,False,,
f323123e-9cb0-c90c-82fc-9294f9a62522,69ca97d2-7644-14fd-8ae7-69edde8ede0b,551ac8ea-585a-0afa-7bfd-cc1289e06ab3,1190.68,2026-08-19T15:29:39,False,,
dd84cacc-f672-9464-3f8e-a40a6b0ae0e3,3e83b91f-2544-0fe0-6e41-7d475ff595ea,1e52d770-3f89-7142-fe71-6b1415ce6a66,794.68,2026-08-19T15:34:01,False,,
362f7bc2-d9d5-d66c-072b-50ed3a58d606,ce777f00-ecf2-7e76-8519-7ff4006ed6e3,1337739e-8d4f-5d27-2c7f-0b793d67cde9,4865.2,2026-08-19T15:39:23,False,,
716728ee-f175-8208-2e29-23866e896265,088a93ec-70d9-c9f8-c9e2-60744f1639a0,3e6dd58b-7367-c28d-e1b2-94de4767d76c,432.89,2026-08-19T15:43:51,False,,
93efb5c4-86e5-edf4-6bfd-c189b70510f8,da4bd9ca-eb5c-f467-80ba-cd647a0ecfea,c4b032cc-d7c5-24a5-5304-317faf42e12f,470.43,2026-08-19T16:07:23,False,,
1874ed7d-9190-c53f-b2d2-570a2ef634f2,dd750e98-90e0-b95f-0212-b554464458b4,398d1ca6-8b68-70b5-1d61-fac36cd5e859,1737.1,2026-08-19T16:10:01,False,,
85a0daf6-d6b1-ba8c-4fcf-9f895ae0bb5a,5913f9d3-7852-99f4-175b-a98df8140102,d4a057a7-b0cc-1b3b-9793-b9b413748146,2070.24,2026-08-19T17:10:29,False,,
c9cbc148-23b1-d124-df94-a2f806444f36,22bd3388-6db9-9102-a48b-3dbe157d94a1,e9ff1cae-41c8-ca8c-2a1f-955ad499da99,663.17,2026-08-19T17:12:53,False,,
c7af75de-33f9-2a87-8372-61239ed7a652,913e4de2-e0c5-3cb8-3da9-c2a90ed42f1a,2e183554-cae2-8e66-ae8a-781390e0a95b,1903.57,2026-08-19T17:13:41,False,,
e9058f29-731d-a6ec-6303-2bd49db564b5,67f48ad5-4d0b-0d1a-91b0-e1d99d9262af,654821d0-7fcd-9eb1-a7ca-d415366eb16f,725.26,2026-08-19T17:47:10,False,,
5e0a72ab-7f5d-b163-b12b-66807f072cb9,76f2dbfe-cd29-a36f-2222-82e174daaebf,cf36d58b-4737-8190-96da-1dac72ff5d2a,720.07,2026-08-19T18:28:25,False,,
39ed0800-3179-79f9-29ed-e760233408ba,033d2bce-575a-ed2c-a5c5-650c8186a576,d4a057a7-b0cc-1b3b-9793-b9b413748146,1207.27,2026-08-19T19:25:26,False,,
0452f779-50ff-de64-6eda-ba8c6789e7d0,793b4c32-2050-0494-3d11-48022702878b,19675f06-bd76-7e35-f5c9-b0479c10c572,2370.52,2026-08-19T20:05:26,False,,
5fcfe711-8258-3678-c04a-7761a52368e3,17dc8eff-6872-13f9-8d60-593603802b70,75a66981-4104-a8b5-a34d-b7c5760debbb,1884.58,2026-08-19T20:11:15,False,,
7743c104-5953-ff90-17ef-d203ab4d738c,61ee6c5b-deef-580f-9c07-a75114374509,f6f7f0cc-29ec-8e49-d1bd-b8c0c71d5e60,5515.82,2026-08-19T20:18:45,False,,
22deb12c-5821-f077-4aee-ccef871caa58,8f5486b7-c7b5-b2bc-5a8a-aeca1a50aec3,ae340454-cac5-b68c-28f4-9481a0a04dc4,943.09,2026-08-19T20:34:00,False,,
2207cb65-b197-aed1-c57a-e3fff8ed08ae,9b49bd26-df57-c59a-8715-a10343dac043,9ef2b93e-30ac-7d7b-a2f9-63a33810ae66,2773.43,2026-08-19T20:42:41,False,,
9a106a52-6408-7ac9-fbf6-76af7537e85e,1dad09b2-52c2-1221-409d-360250843242,c521bf2d-dc45-d539-c03f-3538e4855aa1,2417.22,2026-08-19T20:43:07,False,,
056a3b28-caef-3c9e-1b9d-ff1bf52a6cbf,8b10550c-d570-4f32-702c-dd20286218b8,06cb0fb3-9a1d-e644-815e-f6d13b8faa18,2291.23,2026-08-19T21:02:28,False,,
7daf638b-053f-1a43-6187-4fa95c098a5c,bd1531c8-3764-fbda-3108-d4482f65fafa,0bbb2599-11ce-5dd2-b45e-d1f03139d32c,1089.5,2026-08-19T21:03:58,False,,
a7f655fb-8b89-43fd-2d5f-62b0541e4d9c,7428a656-b3ee-4d3b-5a10-412954aebd1b,fcf56188-d32e-6dcd-83bc-9478dd6ac7b8,1807.8,2026-08-19T21:14:55,False,,
d2c0dec2-1751-94d7-cdeb-2696015aba1d,dc322c97-39c1-e262-f76c-8edec1101266,a911d192-43bf-d931-3605-bf54a021c0ca,5819.8,2026-08-19T21:20:19,False,,
f165d779-0154-7950-176d-e21f1b46ebdc,b24445a7-b7e5-8481-31c6-81ec935f2b0a,464c04af-3d3f-3799-a072-95e97c0e8cd8,3892.91,2026-08-19T21:56:33,False,,
6c17e150-1447-16cc-4352-acea3878becf,43d88870-f81d-baa1-c812-0a8e78308930,8ae8905b-54b4-a482-6858-6eba6a34c854,2010.24,2026-08-19T22:03:37,False,,
7172f636-48bf-b602-bcd2-e8eb3f5560cd,8a14be62-295b-4715-c333-e8615fb8d16c,f7860b50-11c5-8ef0-dd46-3c09475287aa,1984.46,2026-08-19T22:12:13,False,,
853d8090-2041-e7ed-e13f-8740bd740fe0,fcf56188-d32e-6dcd-83bc-9478dd6ac7b8,6dadd6c7-95a7-6d79-bf3c-4c06434308bc,750.6,2026-08-19T22:22:31,False,,
281ba827-63cf-3b51-a1b2-a7e5fb72025b,77097749-527e-ecfa-a79a-c9aa9b4e2c24,87e5f0fe-5da8-d6d2-f8b3-8a8be05fb8bc,341.12,2026-08-19T22:35:50,False,,
2869b5ee-df18-e065-df58-64d511655b1e,5913f9d3-7852-99f4-175b-a98df8140102,0bbb2599-11ce-5dd2-b45e-d1f03139d32c,958.81,2026-08-19T22:52:47,False,,
642e3a16-e795-03fb-546f-cba3b336d143,8a14be62-295b-4715-c333-e8615fb8d16c,b7b56ea7-35eb-d32d-9ad6-20ab48212ddb,2226.88,2026-08-19T22:56:47,False,,
a81f3e5b-f8dc-2c64-c4e4-37538a0d9af8,4d3485c5-c5c1-4eb4-b27b-3d901a16342c,2790cebd-bfdd-c3d9-9ee3-ac2af94d6204,381.25,2026-08-19T22:57:39,False,,
1bcfb92f-798b-0757-3036-f6b962ed5403,c8fe3ccd-c8b8-d9c6-ed30-49cf43e458fc,8e485223-46b9-8991-e14e-b70db380c73a,561.68,2026-08-19T23:07:26,False,,
acb83fce-b3e1-511b-2128-04c5f94e485d,fcf56188-d32e-6dcd-83bc-9478dd6ac7b8,c40c5d91-46fd-e062-a33d-c7afd701410d,816.15,2026-08-19T23:07:48,False,,
031d45fc-c9c0-1379-829c-34f70f5bc40c,474a493b-3ced-df2d-839f-bc501223b513,b4d7e28e-271e-3ee2-b1a6-b1f1620e99d3,1194.74,2026-08-19T23:12:35,False,,
7bd50aeb-6791-11dd-4cc7-cda21f2f087d,7b3a4e3e-7c52-fa17-680a-c07a2a935d62,e2817efd-ae84-9217-1d53-434bb88139b9,993.68,2026-08-19T23:12:52,False,,
104b5372-816e-a5c2-4ab3-c590f262e145,6b8e869f-d538-5b0e-34f3-193c0ff0a55c,8b8148f6-b38a-088c-a65e-d389b74d0fb1,938.33,2026-08-19T23:54:40,False,,
e990ff49-42bd-31c4-660f-dc406cd9dc3f,fb16e5db-a6ea-b79e-d21c-82f8cada4f80,a6d964a3-f510-ab53-c7fe-e39f1190f938,3407.62,2026-08-19T23:59:19,False,,
d8fe3fb8-a162-8abf-1a48-280302040c81,c0e9ab30-ed26-62e9-17e0-11b7f8102383,8eb22579-0cdb-1ca4-76ec-bdd68498e113,1151.55,2026-08-20T00:24:08,False,,
a124fdb2-97be-df31-e42a-a836989b68c0,093923de-8bab-ce3b-2628-6bfbe767dcea,5913f9d3-7852-99f4-175b-a98df8140102,1532.2,2026-08-20T00:36:58,False,,
18b666f8-4ba0-768a-7b20-21f78b1d2284,2f32751e-5738-811d-70c2-903f7a8d03aa,c40c5d91-46fd-e062-a33d-c7afd701410d,2090.62,2026-08-20T00:57:28,False,,
e54c8739-3133-839e-2e7d-952b785b8a07,27a0c3d7-7c96-7f79-b7e9-9acaa97065e1,72bb912d-7da6-7785-b63b-4dc3a559e463,1056.13,2026-08-20T01:12:16,False,,
ceb7138a-767a-92b7-0186-2029ab8a5015,3e896c64-e117-dac3-119c-4ea3e1805081,560c95ee-638c-254c-076e-2bba7c5308bf,408.63,2026-08-20T01:28:52,False,,
4fc40b0a-966b-91e7-c435-fe28cb0c1709,85d51695-90b2-b633-956b-8c0ca8499b92,c4b032cc-d7c5-24a5-5304-317faf42e12f,2440.46,2026-08-20T01:40:31,False,,
854dc3bf-61d8-5365-bada-0c941679bbe0,398d1ca6-8b68-70b5-1d61-fac36cd5e859,8dfa6a56-d12d-bc9a-aaf9-15310200b1f0,208.31,2026-08-20T01:41:58,False,,
b1123048-e128-b9a8-d2f6-29cabbe277ba,9e8fc965-0a2c-827e-9832-685694340a03,598336e3-75d6-6ed4-eb1f-a9f2d10bd1d0,268.72,2026-08-20T01:44:40,False,,
4c32a0a2-b452-2738-e073-09de6a8f7654,db20a56e-dc81-5fe7-ceda-8bbb71710434,da4bd9ca-eb5c-f467-80ba-cd647a0ecfea,601.02,2026-08-20T01:49:42,False,,
95560a2d-3713-b466-3da0-6476f778c676,eb6c1016-cee6-24d0-9dac-6e8345241ea6,9b1bc895-2af4-3ab7-5e6f-ea07c4536f1d,1376.72,2026-08-20T02:09:37,False,,
bd8cc32e-ab7d-09b2-7d01-d70658cc49bb,8e485223-46b9-8991-e14e-b70db380c73a,27a0c3d7-7c96-7f79-b7e9-9acaa97065e1,3774.91,2026-08-20T02:52:08,False,,
8675820e-8941-bdd3-9803-a82e926a4bd0,cfa701cd-2631-d00b-26d7-94d30db95301,6dadd6c7-95a7-6d79-bf3c-4c06434308bc,679.43,2026-08-20T03:13:07,False,,
1271c873-24bd-e1a8-11c7-bec93016cecc,f63fce41-3a9a-ca5e-1761-32ed069f14f1,93b7a886-12f7-0c97-7de3-1a516694c343,1514.86,2026-08-20T03:16:23,False,,
f41c7c7d-0319-f369-4d8b-876a0b4476b2,598336e3-75d6-6ed4-eb1f-a9f2d10bd1d0,766ecb15-474e-bc19-2ef9-12766c006f61,3073.53,2026-08-20T03:30:31,False,,
1b869a72-7424-2892-4b2c-a54d53435238,ce7ae7f6-3982-0cff-4f77-a665ac3c5640,14822f53-8201-0c62-f5f5-9b220e8fa8e0,12230.36,2026-08-20T03:39:41,False,,
257f7595-cdfb-4db9-c5e7-8b23f4613f09,dfcaf0b7-19b1-7e80-dea4-ae1754fd9ad3,0bbb2599-11ce-5dd2-b45e-d1f03139d32c,1657.03,2026-08-20T03:39:49,False,,
d1138946-bcd4-2854-b663-0e4c94a64978,d47d577b-fa5a-91ca-059d-d55d4b943e30,f16287e4-e9c3-49e0-3602-f8ac10f1bc81,632.99,2026-08-20T03:45:01,False,,
698b4ff4-99ff-70c6-4bf5-cf0e97a182a2,a911d192-43bf-d931-3605-bf54a021c0ca,889b78d5-dbfd-d97e-aca2-b148da330aa1,921.17,2026-08-20T03:49:17,False,,
038d5f5a-2296-d3f6-2005-dd7e166f419a,0b2c782a-6928-8e92-c68a-152fdb23aa8c,1ff49b78-8946-3e85-759c-de66bacfb3d0,1371.85,2026-08-20T04:12:18,False,,
8669ba60-e387-eb15-6765-e3bfb9ea8873,6786d506-38ba-8abc-4b53-05e517d2582e,b02b61c4-a3d7-0628-ece6-6fa2fd5166e6,1335.81,2026-08-20T04:13:41,False,,
a9b7f1f5-20fe-d1f3-72fa-10f7c46268d6,766ecb15-474e-bc19-2ef9-12766c006f61,beb79919-3f22-faf8-23be-d01d43cf2fde,1650.2,2026-08-20T04:45:15,False,,
18323765-d145-2528-f91b-ad400b022156,7922bac2-82dc-4c8e-36b5-229aacf5e81e,bb2488a3-d363-57b6-6f81-cf4f7701f7bb,4782.27,2026-08-20T04:53:38,False,,
22ee7f07-5296-1fb3-4d40-7b285628ddcd,f264accc-79ac-1b1e-a8e5-6e0c20de435d,9e8fc965-0a2c-827e-9832-685694340a03,951.1,2026-08-20T04:54:08,False,,
dcb9075e-cdd7-f460-6140-77d39ec4ea48,8eb22579-0cdb-1ca4-76ec-bdd68498e113,c268283e-e32f-2e63-b7fd-dd71a075e927,314.89,2026-08-20T05:00:52,False,,
81ef8162-3953-e8bb-c83e-00325fe8a7f4,e7c99b26-1141-25c6-3a9b-edd40f1259e0,e8dd5e5a-1712-fb16-21a4-344fbb7bee03,861.56,2026-08-20T05:09:01,False,,
d07a2b58-16e7-bff3-d2a6-08538c501e6e,0a4c9f7f-9384-ec2b-44fe-acaed248a9a7,8b8148f6-b38a-088c-a65e-d389b74d0fb1,6120.37,2026-08-20T05:21:43,False,,
3c304193-d975-8f32-6e1b-670f67c2e684,f264accc-79ac-1b1e-a8e5-6e0c20de435d,b386f7a4-c991-603f-28c1-3091444d610b,1962.6,2026-08-20T05:46:30,False,,
d9155664-3d27-4ad5-a9a5-4c2402b622e9,458f1f19-3c07-c574-4925-7af1b6aae05b,7656af72-29d4-beef-3eab-edcbbaa80dd4,4254.1,2026-08-20T06:17:17,False,,
70fbb28e-0d9b-b3b5-556f-f3c182077e01,859131d2-bbda-0242-2d17-4fc96f7c15ea,d4f8fd72-f382-1cfd-c083-b73a473bd358,521.93,2026-08-20T06:27:16,False,,
108134dc-5427-0925-66ca-0baf3310880a,6232b17a-2507-4181-8d1f-b54074eff545,d58842de-a2bc-372f-7412-b29347294739,3703.96,2026-08-20T06:28:27,False,,
cd698214-137b-a9ec-f569-43920c3a3ed8,122c9a56-01d7-4256-3860-2ab696a402f2,d4f8fd72-f382-1cfd-c083-b73a473bd358,771.69,2026-08-20T06:30:55,False,,
8ebc6d7e-c8a6-5b85-8d56-bff669c9520f,a5d04d53-1e12-42e3-f272-92b6762172ed,2dea9493-0658-663a-698c-206fe1a47e10,2497.81,2026-08-20T07:04:03,False,,
244700ca-31e3-860a-82ca-a526ffa0a1af,dfcaf0b7-19b1-7e80-dea4-ae1754fd9ad3,dc5c0eed-8da0-365b-f898-97b9405cacec,4969.9,2026-08-20T07:11:19,False,,
138d8006-13a9-6a92-a816-4d181f540e96,4d3485c5-c5c1-4eb4-b27b-3d901a16342c,398d1ca6-8b68-70b5-1d61-fac36cd5e859,489.87,2026-08-20T07:29:32,False,,
4d2ce796-4878-917a-282d-94a30ad33361,551ac8ea-585a-0afa-7bfd-cc1289e06ab3,a9597663-6daa-2e68-8861-fe1858e25888,506.3,2026-08-20T07:37:50,False,,
1e7c6795-a8c6-c2df-dd23-ff41dae13586,341c6494-0d36-6dfc-c28e-bd7071299889,8b8148f6-b38a-088c-a65e-d389b74d0fb1,301.88,2026-08-20T07:51:17,False,,
91f29ea4-db02-9414-48e2-6a534954105b,8a14be62-295b-4715-c333-e8615fb8d16c,3dc98290-15ea-bb27-30e9-12f2f2b43abf,239.28,2026-08-20T07:56:30,False,,
a205e54f-b1e8-c09d-bc20-b9f24a9c589e,d882b5c1-f79e-fd70-65bc-c272fadd7ea3,b24445a7-b7e5-8481-31c6-81ec935f2b0a,706.24,2026-08-20T07:58:57,False,,
1b2ededb-8fc8-5fc0-83d5-bceb5edbb8ee,8b10550c-d570-4f32-702c-dd20286218b8,ff5e9ff0-ff50-bde4-3825-67b85cabcc97,5166.42,2026-08-20T08:32:18,False,,
c6196773-6f3a-cf33-8077-7ac56605de3c,f2e9702d-11e9-cdaa-6e69-81a35d3d9e56,da4bd9ca-eb5c-f467-80ba-cd647a0ecfea,6443.33,2026-08-20T09:05:29,False,,
c34fb3a9-5584-9e58-d472-1e33885cc793,6e0d2648-35ce-8841-4973-2d6c4dcabfb7,bdd640fb-0667-1ad1-1c80-317fa3b1799d,905.94,2026-08-20T10:05:49,False,,
6ce34d67-ad30-c94b-4111-e681f1da833d,913e4de2-e0c5-3cb8-3da9-c2a90ed42f1a,da4bd9ca-eb5c-f467-80ba-cd647a0ecfea,420.13,2026-08-20T10:06:10,False,,
dcaaf6a5-451e-a1db-e06a-46b2bd93183f,8b10550c-d570-4f32-702c-dd20286218b8,dfcaf0b7-19b1-7e80-dea4-ae1754fd9ad3,415.03,2026-08-20T10:54:31,False,,
62be4009-d5f0-fb6a-4596-da7574dfb83f,382c043f-7cfc-9b79-3875-394ce5d6f6e6,dc322c97-39c1-e262-f76c-8edec1101266,1042.9,2026-08-20T10:56:22,False,,
b113d50b-dea0-50c6-eb9e-d274ec6a37ad,8e485223-46b9-8991-e14e-b70db380c73a,eb6c1016-cee6-24d0-9dac-6e8345241ea6,1740.81,2026-08-20T10:58:18,False,,
6b0dd81d-37be-a260-c053-f2535a1e490d,6786d506-38ba-8abc-4b53-05e517d2582e,2a405f12-b963-f37f-6781-4c1fcc530e36,656.41,2026-08-20T11:20:04,False,,
ac1cfcfc-f1c0-56ba-95ff-7d9dbd5a0760,43e42caf-8181-a8cc-3691-47eb89a2688b,fcf56188-d32e-6dcd-83bc-9478dd6ac7b8,2165.09,2026-08-20T11:42:43,False,,
63d3997f-d406-6625-9faa-218001a069a2,c29cfc0c-fa02-eaec-96ef-2ad6b97e6703,1ff49b78-8946-3e85-759c-de66bacfb3d0,421.39,2026-08-20T11:44:30,False,,
e8e22743-b65f-eea9-7d82-42641ba362e7,ce88cb2d-d4e8-0839-fc3e-058be0f3eab0,f63fce41-3a9a-ca5e-1761-32ed069f14f1,1501.54,2026-08-20T11:55:04,False,,
8bbf1b30-9372-92e6-af20-6a9df9d18507,c521bf2d-dc45-d539-c03f-3538e4855aa1,06cb0fb3-9a1d-e644-815e-f6d13b8faa18,1544.92,2026-08-20T12:22:26,False,,
c370f2e2-abeb-5f49-7406-ca3283ef3ce9,41357e8c-30a9-00ad-939b-462de645f129,715629ee-e893-be3d-7354-ea6f61607459,387.65,2026-08-20T12:42:52,False,,
1e78ba02-4b1b-bb3a-b644-8d243dcead91,7135f221-a6c9-537f-84da-d06a7872bdeb,ff233d5f-6ced-d15d-5800-7c0287ea7ff5,688.62,2026-08-20T12:44:01,False,,
7bc19e2f-a332-7e99-9efe-c6c530ad41bb,b386f7a4-c991-603f-28c1-3091444d610b,cf36d58b-4737-8190-96da-1dac72ff5d2a,3015.33,2026-08-20T12:53:57,False,,
84add36e-67b3-a154-e67a-e19a3c6736b0,0e5dd462-cbd0-0ef2-530a-37df0bc61066,12476f57-a5e5-a5ab-aefc-fad8efc89849,100.0,2026-08-20T13:07:55,False,,
7a7342fc-741d-6857-1e76-7433fe956f4a,5283aac7-bc0a-6a5d-6e99-6e3ee3b137fc,e2817efd-ae84-9217-1d53-434bb88139b9,1194.17,2026-08-20T13:16:27,False,,
27165ab6-73c1-d557-76e2-6e93e62abbfe,f6f7f0cc-29ec-8e49-d1bd-b8c0c71d5e60,988c24c9-61b1-cd22-6280-1c4510435a10,2185.74,2026-08-20T13:48:38,False,,
2196b3b5-fc21-109b-ba27-bc64396d1ffb,1c8eaee9-5715-bd6f-a416-1293c4c2e2e3,f7860b50-11c5-8ef0-dd46-3c09475287aa,463.46,2026-08-20T13:59:07,False,,
ce0ed735-632f-ff79-af73-4c45f2f39f61,bd1531c8-3764-fbda-3108-d4482f65fafa,6f962882-95d8-2980-ff37-d19c2e76128b,1733.28,2026-08-20T14:10:33,False,,
38e6b704-b1d1-2755-de4b-280138be318f,87e5f0fe-5da8-d6d2-f8b3-8a8be05fb8bc,c4b032cc-d7c5-24a5-5304-317faf42e12f,1427.99,2026-08-20T14:17:16,False,,
a7c24c68-c1ff-9427-9477-d9d7d26580c0,87e5f0fe-5da8-d6d2-f8b3-8a8be05fb8bc,3b982ef8-daf6-1a26-146d-3f31fc377a4c,1067.1,2026-08-20T14:28:26,False,,
7fc5ae23-b9a6-bd75-6cb9-6a2cd68e51f0,43e42caf-8181-a8cc-3691-47eb89a2688b,1a2a73ed-562b-0f79-c374-59eef50bea63,669.31,2026-08-20T15:01:51,False,,
0976e09f-1593-6f42-4d31-29b3e1878e93,dabac50d-ca3d-d859-c5ce-099c46b82659,2790cebd-bfdd-c3d9-9ee3-ac2af94d6204,5588.11,2026-08-20T15:16:59,False,,
61603399-d307-3198-bc3e-b4029ba14c35,dabac50d-ca3d-d859-c5ce-099c46b82659,766ecb15-474e-bc19-2ef9-12766c006f61,1369.41,2026-08-20T15:42:14,False,,
5f1930e0-cda7-a451-0dfe-f6332a31edfd,f84f16b3-a79f-bfaf-def5-768968f45bce,6b8e869f-d538-5b0e-34f3-193c0ff0a55c,3595.31,2026-08-20T15:58:32,False,,
76dc16b5-a076-aed6-5ed3-e00edf1e04cb,eededb07-e623-a689-5d59-cd2a4eea04e7,0c0fd195-c17a-f08a-1745-d6d87e570ddf,1350.71,2026-08-20T16:16:44,False,,
669d01ff-1634-725b-53f3-007383e96ef4,f84f16b3-a79f-bfaf-def5-768968f45bce,c2dff335-5666-6f9f-53ac-2ab974672cd9,465.37,2026-08-20T16:25:49,False,,
cdfc9ce7-6330-0ee1-0aaa-3c511cd97b17,2dea9493-0658-663a-698c-206fe1a47e10,cf36d58b-4737-8190-96da-1dac72ff5d2a,4645.4,2026-08-20T16:39:50,False,,
39d1c7ff-b27e-1442-fd7f-e9733e42df5b,9b1bc895-2af4-3ab7-5e6f-ea07c4536f1d,b8a6171f-1ee3-4dc4-3b04-8a8b405bfdc9,496.45,2026-08-20T17:03:22,False,,
c1ae35bb-2faa-49dd-a3b4-a2407f480536,74962764-12a4-def0-c4bb-b7a9d98868dd,715629ee-e893-be3d-7354-ea6f61607459,6241.02,2026-08-20T17:06:01,False,,
28f4e3ce-aded-da80-bff9-507dcd14a03e,458f1f19-3c07-c574-4925-7af1b6aae05b,7656af72-29d4-beef-3eab-edcbbaa80dd4,1305.81,2026-08-20T17:16:09,False,,
d2bd16ec-1481-13b4-ddcf-5003462741ec,551ac8ea-585a-0afa-7bfd-cc1289e06ab3,1a3d1fa7-bc89-60a9-23b8-c1e9392456de,5506.65,2026-08-20T17:21:38,False,,
62a40afe-dcb7-1b1f-785f-a1adfedb5a32,3e83b91f-2544-0fe0-6e41-7d475ff595ea,6105716b-ab0e-664e-9c3e-b2d591e1aa96,1118.36,2026-08-20T17:25:41,False,,
e4529643-2a67-8ce3-9c0f-37d575a239b1,598336e3-75d6-6ed4-eb1f-a9f2d10bd1d0,fbc9f87a-f668-a617-94a1-875d2db69edb,580.93,2026-08-20T17:29:34,False,,
3dc87f79-2843-d696-a2a5-ef39c163df1b,b4fb0eb9-49c1-3de7-3b42-06c5085b15fb,988c24c9-61b1-cd22-6280-1c4510435a10,257.6,2026-08-20T17:38:38,False,,
3d333164-4bb8-ebe2-5bc0-798821f969e9,e9ff1cae-41c8-ca8c-2a1f-955ad499da99,787f2425-dbcc-c477-09e9-db0adf465290,2636.91,2026-08-20T17:44:39,False,,
fbc77e98-77ad-0afc-5f42-986666db005e,f1eedba3-1343-2e61-1ca3-c4480279b6a6,c4b032cc-d7c5-24a5-5304-317faf42e12f,871.49,2026-08-20T18:11:28,False,,
3bd66a06-a22f-c331-6851-83410766699f,c8fe3ccd-c8b8-d9c6-ed30-49cf43e458fc,cbd58bf6-1efd-76e9-ce37-14af99b49350,1253.31,2026-08-20T18:16:42,False,,
a16700f7-5de8-f62b-d45f-8e7f0af87147,e8dd5e5a-1712-fb16-21a4-344fbb7bee03,6dadd6c7-95a7-6d79-bf3c-4c06434308bc,611.17,2026-08-20T18:28:41,False,,
ceb7f2d6-808e-adf2-19db-533e80ea83af,d865d69a-74f3-3103-4006-6ff2b0b862ef,70286046-49bc-473f-ed7b-f656218a1536,1297.85,2026-08-20T18:31:23,False,,
e28070d1-40d1-bc31-9a26-a06516214bd0,464c04af-3d3f-3799-a072-95e97c0e8cd8,d58842de-a2bc-372f-7412-b29347294739,1306.64,2026-08-20T19:09:05,False,,
93a2014b-45f7-eef8-e004-c47185e1b28d,e7c99b26-1141-25c6-3a9b-edd40f1259e0,654821d0-7fcd-9eb1-a7ca-d415366eb16f,5287.07,2026-08-20T19:15:00,False,,
7e83e815-9375-8195-25fd-72f4fbb61ff7,22bd3388-6db9-9102-a48b-3dbe157d94a1,eb6c1016-cee6-24d0-9dac-6e8345241ea6,823.86,2026-08-20T19:56:24,False,,
43054a31-f9e3-8905-4a4a-15ea075dacd4,551ac8ea-585a-0afa-7bfd-cc1289e06ab3,8da01097-be0f-051b-1b66-b5a9e3c43657,406.92,2026-08-20T19:57:54,False,,
e35bba6d-bd39-e09d-267f-aa8371497c71,49c8a43f-7ed7-0ed7-b194-990b6961929e,ab9099a4-35a2-40ae-5af3-05535ec42e08,911.85,2026-08-20T19:58:38,False,,
0a4fee3b-4a22-9ba5-925f-2cc65e9d2f8a,a53f8a28-abf3-e3fc-2181-3d25655238a6,06cb0fb3-9a1d-e644-815e-f6d13b8faa18,1667.4,2026-08-20T20:04:35,False,,
fa740cc8-a43a-fb7a-c40d-487422ab7752,6e068097-25e9-7977-8d72-48e2951f58d0,6232b17a-2507-4181-8d1f-b54074eff545,1162.36,2026-08-20T20:21:52,False,,
accc1507-42f8-8fc5-52bc-b64dc59498c5,610461e3-2a25-a888-0f02-bad0e7067ef4,7428a656-b3ee-4d3b-5a10-412954aebd1b,902.43,2026-08-20T20:31:34,False,,
f0eb453e-d67d-f90d-d795-70bebf3025c3,f1eedba3-1343-2e61-1ca3-c4480279b6a6,f16287e4-e9c3-49e0-3602-f8ac10f1bc81,1068.94,2026-08-20T20:48:45,False,,
c47fa57e-f796-611f-c7c1-fb1bdd58631b,d4aac9a3-3ed8-c56c-da09-dfa052828d80,a8b317fa-18d0-752b-1825-bc5430beb45f,1135.99,2026-08-20T21:06:37,False,,
8a7e9cce-56c8-90a5-6538-bf11e6766b0a,f1578470-0182-67c4-7a1b-58066160a6b4,1a2a73ed-562b-0f79-c374-59eef50bea63,266.74,2026-08-20T21:15:05,False,,
34c993ae-8938-279c-2aa2-0c1ee028c315,598336e3-75d6-6ed4-eb1f-a9f2d10bd1d0,bd1531c8-3764-fbda-3108-d4482f65fafa,100.0,2026-08-20T21:27:54,False,,
c4fa84a4-27d7-64ce-01c4-e2297cc70b17,43e42caf-8181-a8cc-3691-47eb89a2688b,e2817efd-ae84-9217-1d53-434bb88139b9,2734.17,2026-08-20T22:31:20,False,,
0c4bc3d2-cc50-15cf-7c81-ed5ace5a4372,c2dff335-5666-6f9f-53ac-2ab974672cd9,8bcf53a1-bc10-fa52-bf5d-2fdf89c8d2ab,565.67,2026-08-20T22:35:31,False,,
8954fc3d-210f-2a8a-1c59-b736fd561b27,e4429ebb-da7b-9095-63d6-2a39c0e3befd,d89a40c0-e87d-1c78-e7c4-21c740497b71,673.23,2026-08-20T22:41:16,False,,
59fcfaeb-7229-44a9-af7c-e6091a99aae0,9e8fc965-0a2c-827e-9832-685694340a03,2e8d0e87-5334-20e6-d9d8-0b8d7e8adee7,3622.96,2026-08-20T23:08:22,False,,
ed5edfa2-9fb3-0a4d-c071-2a38bffc4f09,85d51695-90b2-b633-956b-8c0ca8499b92,75b17a55-d426-2982-e43e-4288a2b5b498,1788.6,2026-08-20T23:10:31,False,,
892621df-4655-68b7-b8e1-9f568787ea21,b92da22b-21df-306f-8a0b-3c3336d8393a,bdd640fb-0667-1ad1-1c80-317fa3b1799d,144.73,2026-08-20T23:14:38,False,,
16312fc6-379d-58f9-dc26-8108714011a1,1e52d770-3f89-7142-fe71-6b1415ce6a66,f63fce41-3a9a-ca5e-1761-32ed069f14f1,2907.71,2026-08-20T23:40:36,False,,
9b0707e5-f68e-ce81-adf9-568bde0bde18,43e42caf-8181-a8cc-3691-47eb89a2688b,722764e6-8c41-561b-e827-a1b9d4a02e53,649.03,2026-08-20T23:44:10,False,,
81eab1da-4496-a883-4a7a-677b076a16e7,f63fce41-3a9a-ca5e-1761-32ed069f14f1,1d870966-0710-d430-f071-d87954c63cd8,942.68,2026-08-21T00:01:05,False,,
e3d21a33-8d3b-c1df-5672-67353798fc80,c0e9ab30-ed26-62e9-17e0-11b7f8102383,ccc56569-f9e8-a369-2999-b735dd56cc94,173.09,2026-08-21T00:09:07,False,,
41a67c90-291c-0da1-a563-0d3a497bc13b,d9178793-a9d3-c2e6-505c-c6869f871ce7,ae340454-cac5-b68c-28f4-9481a0a04dc4,1362.99,2026-08-21T00:31:31,False,,
d3e6dc21-f10b-394d-6021-a15b4207fb51,a3917c99-4c95-5f6a-966b-1964fcd6bdca,a7f36ae9-25c7-3c44-3e75-c3b4664fa663,1625.09,2026-08-21T00:58:24,False,,
b9db1388-70af-f6eb-a921-7ddc3cea1f89,22f235f2-e11b-868d-bf0d-073d821c1336,3b982ef8-daf6-1a26-146d-3f31fc377a4c,996.95,2026-08-21T01:07:08,False,,
f521cf35-a358-c4d3-fc76-627b00cd11a8,246998e8-d39e-198b-4400-7d5ae88da719,ae9bec36-35c7-936c-5b99-62c6e61fecc0,5824.94,2026-08-21T01:19:38,False,,
fdc2705c-e023-282a-e09d-d9e84348a887,eb6c1016-cee6-24d0-9dac-6e8345241ea6,793b4c32-2050-0494-3d11-48022702878b,759.89,2026-08-21T01:24:22,False,,
25bb2b7a-33d3-958a-3b74-9fd20a2d6f03,ef8c485b-c07a-30f2-edd4-253b50f0fd0a,7428a656-b3ee-4d3b-5a10-412954aebd1b,397.86,2026-08-21T01:28:40,False,,
d3f63623-39b0-0426-f007-1d3b5c99d8ab,889b78d5-dbfd-d97e-aca2-b148da330aa1,9191b363-4e2d-6645-6dc7-cac7fd72b050,2103.03,2026-08-21T01:46:20,False,,
8f3dc97f-e6b0-da0a-b98f-5dbe15aede0f,f1578470-0182-67c4-7a1b-58066160a6b4,44656d6b-81fb-18b3-c9a7-d91fef2ae713,434.01,2026-08-21T02:07:25,False,,
24c58b47-1609-34d1-9912-509096516ec2,8dfa6a56-d12d-bc9a-aaf9-15310200b1f0,148f8b74-a65b-b1f2-65c1-7795b15516bc,847.78,2026-08-21T02:34:14,False,,
c157a761-9162-f6db-b5d2-bf7f764d7e7c,e9a1fa6f-81f7-6d1c-2dbc-2134c30ff46e,ff233d5f-6ced-d15d-5800-7c0287ea7ff5,2094.76,2026-08-21T02:56:37,False,,
5887f3d2-c0f1-fa3a-5133-577b46510173,fcf56188-d32e-6dcd-83bc-9478dd6ac7b8,d1843324-17e8-392a-55ce-e5db9e87e04c,2160.03,2026-08-21T03:36:06,False,,
895c4fde-a3fa-4069-1519-fd3866fba71d,610cf373-4299-9aa4-0cdf-742b2e85cb21,beb79919-3f22-faf8-23be-d01d43cf2fde,1383.05,2026-08-21T04:00:48,False,,
36b528a4-ae1c-64c6-9efd-a9e9e1dd2f7f,7f2984f5-bec3-9a37-9b3d-74bde91e314e,122c9a56-01d7-4256-3860-2ab696a402f2,806.09,2026-08-21T04:06:19,False,,
bb27f6bc-9888-f0d9-9423-251ebcb12a00,3a3c8a71-ff57-4e2b-4991-ab9bebc2026f,12476f57-a5e5-a5ab-aefc-fad8efc89849,1142.06,2026-08-21T04:18:33,False,,
d2da43ec-0eec-c013-b55b-eaaacb53f0be,74f93d17-e912-b4bf-86a4-bae41986b4b2,0bbb2599-11ce-5dd2-b45e-d1f03139d32c,305.03,2026-08-21T04:37:14,False,,
24a0db6e-4878-383a-e037-e9536d2d7cb9,27a0c3d7-7c96-7f79-b7e9-9acaa97065e1,f16287e4-e9c3-49e0-3602-f8ac10f1bc81,10211.81,2026-08-21T04:38:23,False,,
b13e655f-79db-f407-c5c6-ab7dcad04982,0a4c9f7f-9384-ec2b-44fe-acaed248a9a7,0c0fd195-c17a-f08a-1745-d6d87e570ddf,1334.78,2026-08-21T04:56:02,False,,
289a2abc-a1aa-8c49-4ed9-974ff4f48fdc,033d2bce-575a-ed2c-a5c5-650c8186a576,bdd640fb-0667-1ad1-1c80-317fa3b1799d,1025.38,2026-08-21T05:04:39,False,,
23de67fc-be59-d035-7842-80712eb35f6a,b7b56ea7-35eb-d32d-9ad6-20ab48212ddb,faf14ff0-7b85-179a-d5b0-77e06a5d932b,1123.52,2026-08-21T05:15:06,False,,
1ef8aca7-898f-3586-b74a-3db6e223afc0,f6802cdb-77e4-90c7-1d7b-c313cde22f1c,bcae8081-bdf0-70aa-f0b5-156bb82c9074,2149.22,2026-08-21T05:56:40,False,,
f7fb68d5-0e28-a088-6771-dc17f0a30219,e7c99b26-1141-25c6-3a9b-edd40f1259e0,ff5e9ff0-ff50-bde4-3825-67b85cabcc97,1104.12,2026-08-21T05:59:03,False,,
9267e278-9bd7-b9be-e265-eddaea02cc7d,a8c01f05-c478-f6f1-b88e-c318c16d83ed,f6f7f0cc-29ec-8e49-d1bd-b8c0c71d5e60,1407.13,2026-08-21T06:07:32,False,,
07b4e684-8ef6-5ee8-da5a-8bc373315c49,cd5f4822-6966-08aa-ee49-f329c84a7b28,59970043-f3b1-025b-fff9-f5850d557b61,922.47,2026-08-21T06:38:29,False,,
0a77b5cc-2e87-4651-0c2c-a7fae525aeaf,82ec9f2d-fbf6-e16f-9b30-80d56fb78271,b24445a7-b7e5-8481-31c6-81ec935f2b0a,218.08,2026-08-21T07:05:30,False,,
3964afe6-9e6e-a7d7-076f-3b07a2ec377a,9f4c3b79-fb10-987f-20ac-3703eb67146a,ae9bec36-35c7-936c-5b99-62c6e61fecc0,2403.31,2026-08-21T07:19:09,False,,
e21734c6-d36f-a1c9-ccaa-2cd36ae71db3,f36cb62b-892e-6161-be2d-740a1e9b23bc,8f5486b7-c7b5-b2bc-5a8a-aeca1a50aec3,568.03,2026-08-21T07:26:35,False,,
0abf1903-8b43-5eca-805a-adb5fd91aa63,75a66981-4104-a8b5-a34d-b7c5760debbb,a53f8a28-abf3-e3fc-2181-3d25655238a6,1777.01,2026-08-21T08:08:32,False,,
04015ced-e398-36bb-e23d-dfaaefad49e9,1e52d770-3f89-7142-fe71-6b1415ce6a66,6232b17a-2507-4181-8d1f-b54074eff545,429.31,2026-08-21T08:27:02,False,,
76e51a12-79c6-c757-f7fe-b7351cc6f0a0,53f8382b-8fb8-64e4-f173-8856e25d36eb,c8fe3ccd-c8b8-d9c6-ed30-49cf43e458fc,2417.83,2026-08-21T09:11:56,False,,
1d4e2772-401f-b5a6-9ca5-b74f0fda6ca4,9ef2b93e-30ac-7d7b-a2f9-63a33810ae66,c8fe3ccd-c8b8-d9c6-ed30-49cf43e458fc,461.2,2026-08-21T09:24:03,False,,
0d536045-bdb8-5b97-44e0-57875550f4ea,f42d47cc-00d4-af59-7427-3ca3287d06ca,398d1ca6-8b68-70b5-1d61-fac36cd5e859,815.17,2026-08-21T09:32:05,False,,
12be16cb-3637-8db3-2854-2b64c3b0de86,506e5a9a-b758-588d-ab73-295b344a54b8,07a0ca6e-0822-e8f3-6c03-1199972a8469,1317.95,2026-08-21T09:45:03,False,,
eac80da1-de9f-6f5b-72d3-545861ea2f30,b4d7e28e-271e-3ee2-b1a6-b1f1620e99d3,dc5c0eed-8da0-365b-f898-97b9405cacec,349.68,2026-08-21T09:45:25,False,,
b8b758b8-22d8-c08b-5269-6eeb77cf1eb6,969b6662-0562-8059-568c-c69b1064005c,d4a057a7-b0cc-1b3b-9793-b9b413748146,100.0,2026-08-21T10:48:29,False,,
0f344fe1-c3c5-bbb5-e355-ce1655a47eab,bcae8081-bdf0-70aa-f0b5-156bb82c9074,ccc56569-f9e8-a369-2999-b735dd56cc94,4041.37,2026-08-21T10:58:23,False,,
fe33ebd7-e8e9-1639-c69a-a02477064602,0ea2622b-5048-67ba-bf7b-539b0f9aea4b,236c7b87-14a0-bccb-8a47-6a87e49d681d,3206.64,2026-08-21T10:59:37,False,,
d59042df-8470-f4ae-aead-d1dc65f17e33,e9a1fa6f-81f7-6d1c-2dbc-2134c30ff46e,46d483f3-d450-281c-6c6f-7633a2607723,3655.12,2026-08-21T11:21:32,False,,
51f37a1f-d03a-9ed2-515a-3eea6f69a1cf,5283aac7-bc0a-6a5d-6e99-6e3ee3b137fc,ff5e9ff0-ff50-bde4-3825-67b85cabcc97,1391.82,2026-08-21T11:22:28,False,,
51587417-ab6d-0f79-fac3-68c183674372,1d870966-0710-d430-f071-d87954c63cd8,f84f16b3-a79f-bfaf-def5-768968f45bce,695.38,2026-08-21T11:32:55,False,,
a65741db-61bc-7c56-42bb-8f6341458abc,944528c0-0ef8-c2d6-f7fd-564637bb3eec,6786d506-38ba-8abc-4b53-05e517d2582e,874.38,2026-08-21T11:40:59,False,,
05391557-4441-22a5-6bd1-f826e6c2cbb7,f36cb62b-892e-6161-be2d-740a1e9b23bc,d4aac9a3-3ed8-c56c-da09-dfa052828d80,1186.35,2026-08-21T12:13:00,False,,
a04e03d7-e6ef-3a0b-dd1e-4932b5cddc34,5283aac7-bc0a-6a5d-6e99-6e3ee3b137fc,bd1531c8-3764-fbda-3108-d4482f65fafa,758.03,2026-08-21T12:38:42,False,,
49a214ae-f7e8-f8e5-0d2b-91efb8976ec5,1efa2197-7394-988f-847f-d9b4e64d1bcb,7f2984f5-bec3-9a37-9b3d-74bde91e314e,1596.71,2026-08-21T12:45:25,False,,
9912316a-fd9e-8e20-72f6-095812ef6101,551ac8ea-585a-0afa-7bfd-cc1289e06ab3,8ae8905b-54b4-a482-6858-6eba6a34c854,410.96,2026-08-21T12:58:47,False,,
bb51cd74-7d52-903f-f2a4-5575ee585967,59970043-f3b1-025b-fff9-f5850d557b61,beb79919-3f22-faf8-23be-d01d43cf2fde,1594.09,2026-08-21T13:19:21,False,,
9808552c-5832-c8de-521b-e8c230c3ef8a,458f1f19-3c07-c574-4925-7af1b6aae05b,0bbb2599-11ce-5dd2-b45e-d1f03139d32c,624.86,2026-08-21T13:27:38,False,,
ef15b821-ade6-bf3c-cc2a-261d5d7233db,b24445a7-b7e5-8481-31c6-81ec935f2b0a,22f235f2-e11b-868d-bf0d-073d821c1336,1372.91,2026-08-21T13:38:40,False,,
2a1b76e3-3266-84ff-3ffe-f652eac032fa,f6802cdb-77e4-90c7-1d7b-c313cde22f1c,07a0ca6e-0822-e8f3-6c03-1199972a8469,1915.65,2026-08-21T13:47:10,False,,
7acabb76-22ec-f870-bb15-894aeeb47b07,1497d658-7010-f719-7e69-5d0d8a3c3b5e,7656af72-29d4-beef-3eab-edcbbaa80dd4,694.3,2026-08-21T13:58:36,False,,
ebe55cc4-08d5-7cf7-7a4c-38ef3e0ad66d,341c6494-0d36-6dfc-c28e-bd7071299889,82ec9f2d-fbf6-e16f-9b30-80d56fb78271,1314.25,2026-08-21T14:02:34,False,,
ebacd8e1-ff76-61bb-e054-dba18f4ea920,b386f7a4-c991-603f-28c1-3091444d610b,1e52d770-3f89-7142-fe71-6b1415ce6a66,296.24,2026-08-21T14:05:11,False,,
7cb8b49d-864b-789a-cd9b-79fda04c57f6,6efb63b1-1b04-9863-7d7d-dbedd284476c,b4a69f3c-8d3a-ed99-711c-21c9bdc14f1f,520.66,2026-08-21T14:12:29,False,,
907001b6-1ec0-9c35-7503-5829488e5bd8,8da01097-be0f-051b-1b66-b5a9e3c43657,a56c0941-fbf2-4050-a748-dbcfac619e63,594.41,2026-08-21T14:57:58,False,,
3310401b-9610-b3cd-459d-f649cdf9d1d6,41357e8c-30a9-00ad-939b-462de645f129,beb79919-3f22-faf8-23be-d01d43cf2fde,1771.25,2026-08-21T14:59:04,False,,
037ce599-c1c3-53c4-2095-95a4602cf604,badcc32a-c159-0f53-8a0f-4efbedcd465e,944528c0-0ef8-c2d6-f7fd-564637bb3eec,454.01,2026-08-21T15:58:43,False,,
2d02223f-ed25-32e5-1d06-78b755f8bbb8,6105716b-ab0e-664e-9c3e-b2d591e1aa96,ff5e9ff0-ff50-bde4-3825-67b85cabcc97,556.83,2026-08-21T16:09:00,False,,
e3ea2d7f-c219-a845-d9eb-404c1851d1cf,70286046-49bc-473f-ed7b-f656218a1536,06cb0fb3-9a1d-e644-815e-f6d13b8faa18,1151.16,2026-08-21T16:19:13,False,,
cdf40137-5e15-433b-68b1-211a6eb8b0e2,793b4c32-2050-0494-3d11-48022702878b,ab9099a4-35a2-40ae-5af3-05535ec42e08,1317.33,2026-08-21T16:26:42,False,,
c4596172-9fdf-4b1b-5e05-b8b14e45a736,4d6168bd-2def-e193-5c62-b3a23a3c563e,6dadd6c7-95a7-6d79-bf3c-4c06434308bc,2800.55,2026-08-21T16:31:08,False,,
0619feb0-7d8f-2305-1517-703e608775a5,560c95ee-638c-254c-076e-2bba7c5308bf,04f64d86-7866-0765-14f7-ce8dd5bcb8d0,648.05,2026-08-21T16:41:52,False,,
72fcc072-544c-0132-9af9-7493e8e46b31,6502d6a2-ca6a-2224-171e-16cc5da36f1b,1ff49b78-8946-3e85-759c-de66bacfb3d0,1349.77,2026-08-21T16:52:03,False,,
52ca9ced-c526-8f0f-c516-e394aae6787e,badcc32a-c159-0f53-8a0f-4efbedcd465e,9326dffd-5be4-bf51-9269-869861a11729,629.42,2026-08-21T17:28:18,False,,
18969587-0e6b-bde0-ed0d-60172b10a823,1497d658-7010-f719-7e69-5d0d8a3c3b5e,c268283e-e32f-2e63-b7fd-dd71a075e927,2388.36,2026-08-21T17:37:13,False,,
da968e7d-0d46-e159-a668-5e80f16d4fe8,980402a2-b07a-a066-7354-35ea68949b8d,f1533ae8-670a-cc5c-b321-bf214dd8eb85,3248.33,2026-08-21T17:37:27,False,,
f10bce9c-582b-91ee-f8e8-035b0c00988a,11b7e948-d0e6-e660-7c69-dee1bb5e4bcf,6efb63b1-1b04-9863-7d7d-dbedd284476c,2846.94,2026-08-21T17:43:29,False,,
bd303739-8f5a-5787-8edd-8e22536019db,551ac8ea-585a-0afa-7bfd-cc1289e06ab3,6b8e869f-d538-5b0e-34f3-193c0ff0a55c,915.63,2026-08-21T18:04:18,False,,
d063d3e7-ec7e-f0ab-e1a2-9ffab7ed70cf,6105716b-ab0e-664e-9c3e-b2d591e1aa96,336749b5-2cf6-bf75-6a5e-6920bf5ae7e6,100.0,2026-08-21T18:22:56,False,,
e1d46f82-21c5-0e41-e8ce-e951b0478ea4,ccc56569-f9e8-a369-2999-b735dd56cc94,a6348e78-4d5c-55c7-b379-cb1ee8cda0cc,401.01,2026-08-21T18:25:20,False,,
a6a2c945-56f1-1afb-19ed-59a59e85e4d4,75a66981-4104-a8b5-a34d-b7c5760debbb,9e50aa42-ca6d-fda1-989b-c4da9b37a22b,1783.8,2026-08-21T18:46:45,False,,
2336d60b-0f57-1d6b-1452-e1309ea8ffe3,a5d04d53-1e12-42e3-f272-92b6762172ed,587ef344-6f3f-920c-98b8-e4cc1bc044fc,1822.27,2026-08-21T19:14:10,False,,
cb28ac77-f855-ddab-ef33-268417a1f56e,6efb63b1-1b04-9863-7d7d-dbedd284476c,d865d69a-74f3-3103-4006-6ff2b0b862ef,399.99,2026-08-21T19:17:18,False,,
f3abd246-7570-d730-e5e7-9add68c87ed8,9f4c3b79-fb10-987f-20ac-3703eb67146a,9b689c88-3ae9-09fe-cc82-18dac696f5e6,627.98,2026-08-21T19:36:53,False,,
ba65983d-fa33-fa98-63f2-0557a2e2d1ca,e9a1fa6f-81f7-6d1c-2dbc-2134c30ff46e,e8dd5e5a-1712-fb16-21a4-344fbb7bee03,972.26,2026-08-21T19:56:26,False,,
4a1dab32-6aed-fdc7-a3e0-5309b5a1b949,bd1531c8-3764-fbda-3108-d4482f65fafa,560c95ee-638c-254c-076e-2bba7c5308bf,533.87,2026-08-21T20:09:08,False,,
7ad866ba-f252-f8f9-3edf-665fa5978064,0ea2622b-5048-67ba-bf7b-539b0f9aea4b,2d06e8cf-3805-f907-6cd6-6193c7468f59,270.61,2026-08-21T20:24:15,False,,
47419b48-34ae-4abd-36fc-e0acb4698db3,f1578470-0182-67c4-7a1b-58066160a6b4,e7c99b26-1141-25c6-3a9b-edd40f1259e0,890.58,2026-08-21T20:27:55,False,,
701dadb0-1d96-dc53-2344-ec548caef9ec,6f962882-95d8-2980-ff37-d19c2e76128b,d58842de-a2bc-372f-7412-b29347294739,2391.46,2026-08-21T20:39:30,False,,
8bf63e19-c889-94e7-49ef-10888ab72eb9,715629ee-e893-be3d-7354-ea6f61607459,93b7a886-12f7-0c97-7de3-1a516694c343,6294.07,2026-08-21T20:56:27,False,,
1ccec1ef-16ef-acdf-9375-ee61ec94503e,a7f36ae9-25c7-3c44-3e75-c3b4664fa663,f63fce41-3a9a-ca5e-1761-32ed069f14f1,2225.53,2026-08-21T21:03:46,False,,
d45ff4db-9ce9-1544-4362-262de07ee721,67f48ad5-4d0b-0d1a-91b0-e1d99d9262af,9326dffd-5be4-bf51-9269-869861a11729,10839.4,2026-08-21T21:05:11,False,,
722899a2-b752-f753-e60d-400fc3b1ef08,0ea2622b-5048-67ba-bf7b-539b0f9aea4b,f1533ae8-670a-cc5c-b321-bf214dd8eb85,2505.01,2026-08-21T21:05:48,False,,
42b07e31-2f3f-be11-173a-603d7feb25e2,75a66981-4104-a8b5-a34d-b7c5760debbb,41357e8c-30a9-00ad-939b-462de645f129,1090.51,2026-08-21T21:24:24,False,,
01d909b4-cbf8-f29e-3b30-ee9798d53cf5,9261549d-3d22-5c30-b28f-41defb140bc3,77097749-527e-ecfa-a79a-c9aa9b4e2c24,268.15,2026-08-21T21:29:36,False,,
633bffff-aed0-cbcf-c630-5536b6779a11,766ecb15-474e-bc19-2ef9-12766c006f61,dc5c0eed-8da0-365b-f898-97b9405cacec,131.39,2026-08-21T22:02:11,False,,
e16b1b8c-e3ac-d21a-7387-a60077391bee,dfcaf0b7-19b1-7e80-dea4-ae1754fd9ad3,580d7b71-d8f5-6413-5be6-128e18c26797,906.05,2026-08-21T22:05:21,False,,
8aa2f756-0803-ad31-4e1e-2f3da91022b8,8e485223-46b9-8991-e14e-b70db380c73a,c0e9ab30-ed26-62e9-17e0-11b7f8102383,1893.69,2026-08-21T22:15:01,False,,
710b7fa9-e9a0-c20d-1b33-2e43a4b1cf6a,787f2425-dbcc-c477-09e9-db0adf465290,1e52d770-3f89-7142-fe71-6b1415ce6a66,1702.77,2026-08-21T22:26:48,False,,
b298b811-0b1e-c578-dff4-7c515ed10e7f,6105716b-ab0e-664e-9c3e-b2d591e1aa96,d58842de-a2bc-372f-7412-b29347294739,3275.39,2026-08-21T22:43:48,False,,
2e44d349-9122-5311-374e-5dff06906169,9b49bd26-df57-c59a-8715-a10343dac043,d47d577b-fa5a-91ca-059d-d55d4b943e30,3619.57,2026-08-21T23:04:49,False,,
28b8bcc2-e6b2-3125-d568-192f10325480,439472e6-da58-7e8a-a25d-6b29afffcfd2,beb79919-3f22-faf8-23be-d01d43cf2fde,765.38,2026-08-21T23:06:34,False,,
083a1c27-3807-1019-4a72-007114a9ee59,4d6168bd-2def-e193-5c62-b3a23a3c563e,e2817efd-ae84-9217-1d53-434bb88139b9,225.61,2026-08-21T23:22:32,False,,
3283daa4-e212-ab7c-9d36-1cb6bcc57be0,8bcf53a1-bc10-fa52-bf5d-2fdf89c8d2ab,bdd640fb-0667-1ad1-1c80-317fa3b1799d,588.34,2026-08-21T23:28:23,False,,
5572fd41-07d5-1b96-fa75-b5fc7921f0b3,439472e6-da58-7e8a-a25d-6b29afffcfd2,907bfe36-9786-48f8-64de-82e6e82c7d7b,2050.07,2026-08-21T23:30:42,False,,
c51b2775-dd7b-99a6-1aed-bcfda357e4ea,22bd3388-6db9-9102-a48b-3dbe157d94a1,7b3a4e3e-7c52-fa17-680a-c07a2a935d62,1134.73,2026-08-21T23:52:21,False,,
ae1fd957-1f28-e417-4627-3272682904ca,1efa2197-7394-988f-847f-d9b4e64d1bcb,a6348e78-4d5c-55c7-b379-cb1ee8cda0cc,1762.87,2026-08-21T23:57:18,False,,
c7f4f4f9-8222-1ad3-eca3-91d47ba16dd7,889b78d5-dbfd-d97e-aca2-b148da330aa1,c4b032cc-d7c5-24a5-5304-317faf42e12f,2999.78,2026-08-22T00:15:38,False,,
83373b02-d233-3b12-5ad2-7e7a4b40601a,944528c0-0ef8-c2d6-f7fd-564637bb3eec,2f32751e-5738-811d-70c2-903f7a8d03aa,571.3,2026-08-22T00:55:37,False,,
7b64665c-cb26-a809-f429-73f5d1d18e0b,4ab7706e-b773-50ca-eec2-59dc7f95897c,8b8148f6-b38a-088c-a65e-d389b74d0fb1,2592.75,2026-08-22T00:58:59,False,,
42cf4e6d-9226-2ecf-310f-8eb5cb2c4e21,d882b5c1-f79e-fd70-65bc-c272fadd7ea3,06cb0fb3-9a1d-e644-815e-f6d13b8faa18,375.46,2026-08-22T00:59:19,False,,
f57f2bba-3fba-cf5f-a576-db480cc46000,506e5a9a-b758-588d-ab73-295b344a54b8,5283aac7-bc0a-6a5d-6e99-6e3ee3b137fc,1056.76,2026-08-22T01:08:24,False,,
10416cbc-5342-34cf-1974-fb71200f7ed0,83f4a9a9-48a6-39d0-15b5-2908a8aa7158,c4b032cc-d7c5-24a5-5304-317faf42e12f,4805.57,2026-08-22T01:14:47,False,,
e1fa2466-24f9-82ec-1e55-941910bc94d3,969b6662-0562-8059-568c-c69b1064005c,49c8a43f-7ed7-0ed7-b194-990b6961929e,100.0,2026-08-22T01:19:05,False,,
85b375aa-0f54-6781-a073-3e57ba0371f9,088a93ec-70d9-c9f8-c9e2-60744f1639a0,c4b032cc-d7c5-24a5-5304-317faf42e12f,587.71,2026-08-22T01:19:32,False,,
823d269c-2da4-6bc5-d966-88c98623d81e,70286046-49bc-473f-ed7b-f656218a1536,7656af72-29d4-beef-3eab-edcbbaa80dd4,740.99,2026-08-22T01:25:06,False,,
7ef74fdb-17fc-2335-7aa0-3208e6f47dcf,236c7b87-14a0-bccb-8a47-6a87e49d681d,8da01097-be0f-051b-1b66-b5a9e3c43657,422.7,2026-08-22T01:32:03,False,,
bc441fbc-edb6-8854-baae-905cc8594dfb,3e83b91f-2544-0fe0-6e41-7d475ff595ea,c2dff335-5666-6f9f-53ac-2ab974672cd9,982.78,2026-08-22T01:44:06,False,,
1006e0eb-63a8-4422-e29e-ae63e8475ebd,2f32751e-5738-811d-70c2-903f7a8d03aa,3b982ef8-daf6-1a26-146d-3f31fc377a4c,2340.04,2026-08-22T01:56:08,False,,
c5384872-deaa-543e-1edb-be71de2a2ddf,907bfe36-9786-48f8-64de-82e6e82c7d7b,e2817efd-ae84-9217-1d53-434bb88139b9,1238.94,2026-08-22T02:00:04,False,,
afa08cbe-bf34-3ca7-1276-7d13f0938776,b4fb0eb9-49c1-3de7-3b42-06c5085b15fb,ae340454-cac5-b68c-28f4-9481a0a04dc4,2513.43,2026-08-22T03:05:19,False,,
f14cd6f2-ab13-b31a-a4f1-9126ee0c2cb5,2a405f12-b963-f37f-6781-4c1fcc530e36,06cb0fb3-9a1d-e644-815e-f6d13b8faa18,2023.27,2026-08-22T03:12:06,False,,
107e528c-e940-53af-d488-edffdc352577,9f4c3b79-fb10-987f-20ac-3703eb67146a,b24445a7-b7e5-8481-31c6-81ec935f2b0a,906.25,2026-08-22T03:15:52,False,,
98550b1e-d588-1c1c-25db-5946a091e5b4,81f631d4-a392-31a7-d777-a4774c66e0a8,74f93d17-e912-b4bf-86a4-bae41986b4b2,1037.38,2026-08-22T03:16:11,False,,
6cfb6acc-2e0c-5488-a76f-7d3c62522f26,acdabacc-1165-e210-9854-3881118a9d29,76f2dbfe-cd29-a36f-2222-82e174daaebf,799.45,2026-08-22T03:16:42,False,,
bbc2ede6-2275-8233-b33a-a6b97a239f3c,77097749-527e-ecfa-a79a-c9aa9b4e2c24,ff5e9ff0-ff50-bde4-3825-67b85cabcc97,243.97,2026-08-22T03:36:56,False,,
23a10fdd-9402-c7be-cdeb-dd3c528e0ae8,1497d658-7010-f719-7e69-5d0d8a3c3b5e,9549c931-e9af-299d-7f67-1eec3da70577,1270.03,2026-08-22T03:45:45,False,,
2d9563ed-747a-4829-9c03-d65ced8a028c,8da01097-be0f-051b-1b66-b5a9e3c43657,787f2425-dbcc-c477-09e9-db0adf465290,697.63,2026-08-22T03:49:10,False,,
f3d36295-ee6b-cb89-8615-50f66b43db40,bb026576-f512-c4c3-b253-d2186c4a37ea,12476f57-a5e5-a5ab-aefc-fad8efc89849,759.74,2026-08-22T04:07:24,False,,
b8e51141-c067-6073-e9c0-00f0c571f9ab,f6802cdb-77e4-90c7-1d7b-c313cde22f1c,ce777f00-ecf2-7e76-8519-7ff4006ed6e3,2127.88,2026-08-22T04:19:26,False,,
51397c06-a630-ad9d-7cb9-23f5f5edf382,a65e688e-abf3-ad39-fec2-1bbe66245bfa,1337739e-8d4f-5d27-2c7f-0b793d67cde9,1236.82,2026-08-22T04:59:18,False,,
5031d661-b1b2-b9c6-7120-721e86cd6214,e3e9de99-f10c-718b-1eb0-e38a675dd5af,8dfa6a56-d12d-bc9a-aaf9-15310200b1f0,838.38,2026-08-22T05:01:01,False,,
1f77765f-2e5c-e13a-23c5-2c311e93eed6,f1578470-0182-67c4-7a1b-58066160a6b4,74962764-12a4-def0-c4bb-b7a9d98868dd,1162.15,2026-08-22T05:20:33,False,,
737d1fb6-d113-76e0-38d7-7b9ae916da57,acdabacc-1165-e210-9854-3881118a9d29,87e5f0fe-5da8-d6d2-f8b3-8a8be05fb8bc,880.36,2026-08-22T05:41:32,False,,
ecd5afa3-f01a-5097-9ed0-fe5fb3bc5791,a911d192-43bf-d931-3605-bf54a021c0ca,67f48ad5-4d0b-0d1a-91b0-e1d99d9262af,1312.36,2026-08-22T05:43:01,False,,
795741bb-07e3-c39a-a925-2745d2769c96,6b8e869f-d538-5b0e-34f3-193c0ff0a55c,3b982ef8-daf6-1a26-146d-3f31fc377a4c,723.94,2026-08-22T05:55:46,False,,
294f513f-d770-a46e-4775-d7abd2077bc4,8dfa6a56-d12d-bc9a-aaf9-15310200b1f0,658b2523-6014-1de9-f54a-d0a2e87466d7,568.56,2026-08-22T05:59:06,False,,
28a39779-9c1c-3517-85d2-d0a686295b5d,a2a9d4d8-102e-fde5-a5cc-8bf738ab854c,59970043-f3b1-025b-fff9-f5850d557b61,910.82,2026-08-22T06:01:31,False,,
a9230810-c346-04f9-8bed-0104929ea405,587ef344-6f3f-920c-98b8-e4cc1bc044fc,a0ee89ae-d453-dd32-4b0d-bb418d5288f1,221.82,2026-08-22T06:36:40,False,,
9c2b4ca9-be2f-7685-8a8f-fb2c1ff71e8c,83f4a9a9-48a6-39d0-15b5-2908a8aa7158,74f93d17-e912-b4bf-86a4-bae41986b4b2,1509.68,2026-08-22T06:37:25,False,,
094183bf-8393-a544-c37d-e35e6ef3d69b,4ab7706e-b773-50ca-eec2-59dc7f95897c,a9597663-6daa-2e68-8861-fe1858e25888,2703.43,2026-08-22T06:46:13,False,,
03c501fe-2693-34ef-1717-26543b997815,69ca97d2-7644-14fd-8ae7-69edde8ede0b,474a493b-3ced-df2d-839f-bc501223b513,995.54,2026-08-22T06:47:32,False,,
91b3f921-1224-615f-dfbc-f340604948be,c2dff335-5666-6f9f-53ac-2ab974672cd9,f16287e4-e9c3-49e0-3602-f8ac10f1bc81,854.02,2026-08-22T07:19:48,False,,
31369512-916e-1089-ff95-58a38d1d282e,907bfe36-9786-48f8-64de-82e6e82c7d7b,ff233d5f-6ced-d15d-5800-7c0287ea7ff5,746.97,2026-08-22T07:24:49,False,,
35ba9357-3ca8-7f31-cfd7-f3b9c68fcba5,3e83b91f-2544-0fe0-6e41-7d475ff595ea,06cb0fb3-9a1d-e644-815e-f6d13b8faa18,1895.23,2026-08-22T07:33:12,False,,
71a6de48-0682-2e13-6007-77bef2b1068a,43e42caf-8181-a8cc-3691-47eb89a2688b,148f8b74-a65b-b1f2-65c1-7795b15516bc,2650.05,2026-08-22T08:13:07,False,,
2ee25989-3ad8-2406-0df8-1d2b260c037e,c0e9ab30-ed26-62e9-17e0-11b7f8102383,47229389-571a-a876-6c30-7511b2b9437a,3049.0,2026-08-22T08:37:30,False,,
098aef72-85d3-f3ee-dd08-854592c6bb94,c2a79689-1933-918c-fa74-57616f18c108,9b1bc895-2af4-3ab7-5e6f-ea07c4536f1d,556.93,2026-08-22T08:55:21,False,,
b506c24d-8fff-29f7-3485-0fcd2f3b2b18,bcae8081-bdf0-70aa-f0b5-156bb82c9074,0bbb2599-11ce-5dd2-b45e-d1f03139d32c,6222.73,2026-08-22T09:40:20,False,,
4db6f475-27dd-1ac4-4282-b6e46986305a,ce7ae7f6-3982-0cff-4f77-a665ac3c5640,0bbb2599-11ce-5dd2-b45e-d1f03139d32c,650.2,2026-08-22T10:48:16,False,,
1d2324e6-8329-20b7-c143-f426372f871a,907bfe36-9786-48f8-64de-82e6e82c7d7b,688c7015-aab9-7e49-4f2d-479681d2c7de,290.56,2026-08-22T11:01:07,False,,
85db19d7-cfbf-3d39-a281-9fced624f055,7135f221-a6c9-537f-84da-d06a7872bdeb,1a3d1fa7-bc89-60a9-23b8-c1e9392456de,2250.6,2026-08-22T11:02:06,False,,
aaae3222-3f19-ed0f-54c3-9b6d0e31275c,3c7c5372-4d9e-6b9f-a3ee-785f134afb23,6af9e1cd-444b-9490-4edd-1cfdf08fecf7,9582.0,2026-08-22T11:19:04,True,smurfing,C_SMURFING_1
e5d136e2-f869-8e93-ba5e-4066ce40924a,6e0d2648-35ce-8841-4973-2d6c4dcabfb7,46d483f3-d450-281c-6c6f-7633a2607723,394.34,2026-08-22T11:33:17,False,,
a28af08d-ce46-abf3-96c4-9c4431de54f6,44656d6b-81fb-18b3-c9a7-d91fef2ae713,980402a2-b07a-a066-7354-35ea68949b8d,5326.98,2026-08-22T11:42:54,False,,
b6dd5f35-0ee5-03e3-298d-4c4564076750,2f32751e-5738-811d-70c2-903f7a8d03aa,67f48ad5-4d0b-0d1a-91b0-e1d99d9262af,2310.01,2026-08-22T11:46:37,False,,
75f94230-32fd-73c5-0894-2176fe99df69,82ec9f2d-fbf6-e16f-9b30-80d56fb78271,341c6494-0d36-6dfc-c28e-bd7071299889,1229.33,2026-08-22T12:05:12,False,,
dd8d0747-42d3-61aa-5526-db8e922febcf,9522496e-a7c8-09be-9082-140aed00e657,6af9e1cd-444b-9490-4edd-1cfdf08fecf7,9510.0,2026-08-22T12:07:29,True,smurfing,C_SMURFING_1
eee9795e-a308-6e48-e4e5-b5b0d25ad576,f920264c-0763-fcd0-1f15-c7b67c16128d,088a93ec-70d9-c9f8-c9e2-60744f1639a0,2167.87,2026-08-22T12:08:15,False,,
fdd084a1-8cd2-216f-50ad-ff63e7094153,969b6662-0562-8059-568c-c69b1064005c,7337c599-7984-4388-dc8a-ee30be6033f7,594.95,2026-08-22T12:08:47,False,,
7f849eea-c661-e011-f3fc-e192cf8e31a3,077e0371-ed14-0bfa-d67e-0f37f4e9b38e,6af9e1cd-444b-9490-4edd-1cfdf08fecf7,9795.0,2026-08-22T12:09:19,True,smurfing,C_SMURFING_1
b5a4c55b-b462-9214-a23f-f67de9572bc2,43d88870-f81d-baa1-c812-0a8e78308930,1a2a73ed-562b-0f79-c374-59eef50bea63,673.44,2026-08-22T12:12:24,False,,
2a65bae3-ddaf-2233-16a9-e518a55ac92f,341c6494-0d36-6dfc-c28e-bd7071299889,ad64b56c-610f-aa3f-f0bb-ac67aa38d0a1,981.2,2026-08-22T12:14:40,False,,
02c1c269-53d5-09af-c2b5-ac1b468538bc,2260e70f-e0cc-edc5-f05d-b76e1a84a51a,f1533ae8-670a-cc5c-b321-bf214dd8eb85,3613.77,2026-08-22T12:34:36,False,,
34efa156-255a-b787-a292-bd6cdb95e988,246998e8-d39e-198b-4400-7d5ae88da719,47229389-571a-a876-6c30-7511b2b9437a,583.14,2026-08-22T12:36:43,False,,
70ad2070-2ca0-ed97-922f-e35d2fd1c775,53b34daf-cca5-ac2e-6d56-6dccbb991df7,6af9e1cd-444b-9490-4edd-1cfdf08fecf7,9501.0,2026-08-22T12:59:49,True,smurfing,C_SMURFING_1
950f5eff-dc51-36e4-d912-d963d32a9e06,e1add4fa-6974-eaee-bdb1-d20f36cf28af,6af9e1cd-444b-9490-4edd-1cfdf08fecf7,9809.0,2026-08-22T13:02:00,True,smurfing,C_SMURFING_1
09791408-7768-9441-0245-59a5709de505,f6f7f0cc-29ec-8e49-d1bd-b8c0c71d5e60,bdd640fb-0667-1ad1-1c80-317fa3b1799d,785.39,2026-08-22T13:04:28,False,,
5366e938-343c-1752-3caa-a31e13d3c726,a53f8a28-abf3-e3fc-2181-3d25655238a6,bb2488a3-d363-57b6-6f81-cf4f7701f7bb,6201.3,2026-08-22T13:04:45,False,,
101d759e-3066-478c-4aa0-d842057fdd20,341c6494-0d36-6dfc-c28e-bd7071299889,b4fb0eb9-49c1-3de7-3b42-06c5085b15fb,2684.35,2026-08-22T13:08:03,False,,
537574b0-567a-25f8-5d12-490e76a90f78,e9ff1cae-41c8-ca8c-2a1f-955ad499da99,3b982ef8-daf6-1a26-146d-3f31fc377a4c,513.63,2026-08-22T13:10:21,False,,
4a332325-64a1-0253-cee8-efcf295c1b59,32c52d76-370e-bb11-affe-e02e7508e10c,6af9e1cd-444b-9490-4edd-1cfdf08fecf7,9612.0,2026-08-22T13:14:38,True,smurfing,C_SMURFING_1
4a372da3-aaef-0d3e-085a-cd62ce4d89f3,859131d2-bbda-0242-2d17-4fc96f7c15ea,c4b032cc-d7c5-24a5-5304-317faf42e12f,2068.79,2026-08-22T13:25:04,False,,
72ecf16e-c8a7-23e9-bfa0-16c2c09cb506,cfa701cd-2631-d00b-26d7-94d30db95301,1ff49b78-8946-3e85-759c-de66bacfb3d0,5242.97,2026-08-22T13:31:44,False,,
278e2f60-7a99-bd76-54ed-fb704eb0c866,80962718-2051-acef-097a-1e10f6febc0e,cf36d58b-4737-8190-96da-1dac72ff5d2a,915.55,2026-08-22T13:40:39,False,,
7f6953af-e921-3dfa-86e9-79fec27eb09a,2aa3ed5e-e58e-8fb6-3c88-4bee24d4dba9,6af9e1cd-444b-9490-4edd-1cfdf08fecf7,9739.0,2026-08-22T13:42:43,True,smurfing,C_SMURFING_1
e4ad77b0-2e32-a832-1dd1-8fcfb99b8d2d,f48783eb-939f-3536-27ba-a3dd2c2bd5a3,6af9e1cd-444b-9490-4edd-1cfdf08fecf7,9866.0,2026-08-22T13:46:54,True,smurfing,C_SMURFING_1
0f7c59ad-0b48-3935-cc09-de64233e84ac,eededb07-e623-a689-5d59-cd2a4eea04e7,1a2a73ed-562b-0f79-c374-59eef50bea63,949.48,2026-08-22T14:01:29,False,,
e537cd52-b53a-2800-7d86-1a5536d83fad,3e98f09d-f6d2-a20d-b3d5-17085d1af023,6af9e1cd-444b-9490-4edd-1cfdf08fecf7,9557.0,2026-08-22T14:16:16,True,smurfing,C_SMURFING_1
e1ebef9c-be60-808d-bcb3-90767688f76e,7801792b-a53a-43d6-1ef5-40d6f5d98936,6af9e1cd-444b-9490-4edd-1cfdf08fecf7,9830.0,2026-08-22T14:17:54,True,smurfing,C_SMURFING_1
fcf7b842-1edf-3bfa-d12e-0eb557f479b5,474a493b-3ced-df2d-839f-bc501223b513,7135f221-a6c9-537f-84da-d06a7872bdeb,2055.65,2026-08-22T14:32:25,False,,
ed1c4d70-36d2-5823-9b35-4089429e5882,ad64b56c-610f-aa3f-f0bb-ac67aa38d0a1,74962764-12a4-def0-c4bb-b7a9d98868dd,185.63,2026-08-22T14:33:03,False,,
605a34f5-d012-6e91-f8d7-8cbc5a5ddcc5,f1533ae8-670a-cc5c-b321-bf214dd8eb85,06cb0fb3-9a1d-e644-815e-f6d13b8faa18,2749.23,2026-08-22T14:40:06,False,,
9927839b-11d1-ce50-67e2-189bf4b4c704,093923de-8bab-ce3b-2628-6bfbe767dcea,ce7ae7f6-3982-0cff-4f77-a665ac3c5640,644.92,2026-08-22T14:42:52,False,,
8eed8d34-f384-3346-945f-4281236603b4,340407f4-8a48-28af-e4ff-5eecdb0f1685,6af9e1cd-444b-9490-4edd-1cfdf08fecf7,9667.0,2026-08-22T14:43:13,True,smurfing,C_SMURFING_1
59259acd-4142-d00e-6ff6-fa9a16e6e8fc,d47d577b-fa5a-91ca-059d-d55d4b943e30,610cf373-4299-9aa4-0cdf-742b2e85cb21,1995.79,2026-08-22T14:50:39,False,,
830481c2-f9d0-9e26-165e-55b5f526d3b0,1497d658-7010-f719-7e69-5d0d8a3c3b5e,1fd5a423-706c-5c56-49e2-623debd34616,6170.55,2026-08-22T14:59:46,False,,
32b9c542-d143-e0a2-5513-b74f4ffc1c54,1e52d770-3f89-7142-fe71-6b1415ce6a66,0bbb2599-11ce-5dd2-b45e-d1f03139d32c,2118.67,2026-08-22T15:26:12,False,,
36e6ba85-19ab-dc15-296b-67bff301bb6c,d664d264-4c6e-27ff-b9de-7a3a486822b9,beb79919-3f22-faf8-23be-d01d43cf2fde,300.34,2026-08-22T16:19:14,False,,
93f040c7-3d92-f1cb-8710-117285924e5f,1fd5a423-706c-5c56-49e2-623debd34616,43e42caf-8181-a8cc-3691-47eb89a2688b,2303.37,2026-08-22T16:32:10,False,,
4f842010-a48f-c1f1-1be4-0ba9902ad019,236c7b87-14a0-bccb-8a47-6a87e49d681d,12476f57-a5e5-a5ab-aefc-fad8efc89849,1689.05,2026-08-22T16:53:31,False,,
9d66e815-5a41-53b3-e95f-176cdebac186,766ecb15-474e-bc19-2ef9-12766c006f61,69ca97d2-7644-14fd-8ae7-69edde8ede0b,1642.63,2026-08-22T16:56:37,False,,
7a15422e-3cc7-edc8-4c66-94ab57b53de2,44656d6b-81fb-18b3-c9a7-d91fef2ae713,47229389-571a-a876-6c30-7511b2b9437a,100.0,2026-08-22T17:17:37,False,,
4e9dfdb6-4bf6-6063-8b91-7e2daaf9ee3e,944528c0-0ef8-c2d6-f7fd-564637bb3eec,a3917c99-4c95-5f6a-966b-1964fcd6bdca,2850.64,2026-08-22T17:21:46,False,,
c8028d0e-dcc7-eb51-4598-ab17338f0430,d882b5c1-f79e-fd70-65bc-c272fadd7ea3,a911d192-43bf-d931-3605-bf54a021c0ca,1491.3,2026-08-22T18:16:25,False,,
7a0430c4-58fc-8448-e555-e0870ebb51ae,7428a656-b3ee-4d3b-5a10-412954aebd1b,aff8754d-1238-d630-743b-65a2dc0f2fcf,1380.32,2026-08-22T18:30:12,False,,
ccc07446-16dd-58af-5341-5fe2ba554e35,b7b56ea7-35eb-d32d-9ad6-20ab48212ddb,988c24c9-61b1-cd22-6280-1c4510435a10,1299.01,2026-08-22T19:12:35,False,,
b9ca5928-1e2d-22f6-080f-c9b3226f93e7,3170f437-a8f7-ef5a-060e-df5b39118497,9e50aa42-ca6d-fda1-989b-c4da9b37a22b,1945.22,2026-08-22T19:40:01,False,,
e9d0c2ec-aa8d-904c-ce33-9ee015b52510,9b689c88-3ae9-09fe-cc82-18dac696f5e6,1fd5a423-706c-5c56-49e2-623debd34616,3125.4,2026-08-22T20:08:29,False,,
9ac55023-6cbd-d931-2f90-005839ca2826,db52ca58-0500-0bc6-b20d-cb6ef2311f17,7337c599-7984-4388-dc8a-ee30be6033f7,1269.93,2026-08-22T20:20:28,False,,
55c6b8d6-b647-2ba8-793a-650cc7efd8e2,859131d2-bbda-0242-2d17-4fc96f7c15ea,0bbb2599-11ce-5dd2-b45e-d1f03139d32c,258.82,2026-08-22T20:36:09,False,,
958c2936-b186-78ce-4e40-bfbaa8cfe589,2d06e8cf-3805-f907-6cd6-6193c7468f59,1e52d770-3f89-7142-fe71-6b1415ce6a66,1770.43,2026-08-22T21:02:26,False,,
0f1972db-3370-dc1d-2f85-f99d366b3575,f264accc-79ac-1b1e-a8e5-6e0c20de435d,80962718-2051-acef-097a-1e10f6febc0e,1930.45,2026-08-22T21:03:28,False,,
a5b13afd-af2c-20ac-9539-22c05ea0942c,d47d577b-fa5a-91ca-059d-d55d4b943e30,82ec9f2d-fbf6-e16f-9b30-80d56fb78271,127.31,2026-08-22T21:25:33,False,,
02740f73-f3ab-ea0d-5be9-fdb3dd92dd7c,9e50aa42-ca6d-fda1-989b-c4da9b37a22b,c0e9ab30-ed26-62e9-17e0-11b7f8102383,2058.29,2026-08-22T21:27:15,False,,
af0f134e-02a2-9fcc-184e-e3db691d8bea,787f2425-dbcc-c477-09e9-db0adf465290,1e52d770-3f89-7142-fe71-6b1415ce6a66,12415.69,2026-08-22T21:41:05,False,,
179c0a64-13a5-893a-6b13-ad0a567328bc,2095eef6-8ded-f9fb-4bb0-0f20b27c4026,8eb22579-0cdb-1ca4-76ec-bdd68498e113,1734.35,2026-08-22T21:47:35,False,,
e4a07521-ab6d-d0aa-36cf-94298657d8ff,61ee6c5b-deef-580f-9c07-a75114374509,d58842de-a2bc-372f-7412-b29347294739,1516.8,2026-08-22T21:56:36,False,,
1ab444a7-2be2-6bd1-17de-ace84dfd3ecd,1337739e-8d4f-5d27-2c7f-0b793d67cde9,d865d69a-74f3-3103-4006-6ff2b0b862ef,3102.32,2026-08-22T22:04:36,False,,
d59f2b69-79a8-832f-6097-1a15c80682d3,7bb38605-da74-3152-627b-41a1ffd6f232,76f2dbfe-cd29-a36f-2222-82e174daaebf,1879.49,2026-08-22T23:03:15,False,,
b5f59cb0-cf68-5878-0b70-59334cde1b6b,b24445a7-b7e5-8481-31c6-81ec935f2b0a,07a0ca6e-0822-e8f3-6c03-1199972a8469,155.7,2026-08-22T23:08:21,False,,
008ffab9-38c4-6b38-a8ae-57b9c262cad0,ef8c485b-c07a-30f2-edd4-253b50f0fd0a,e3e9de99-f10c-718b-1eb0-e38a675dd5af,208.2,2026-08-22T23:14:18,False,,
22d839d3-33e4-f986-f18c-ccdc131eb723,688c7015-aab9-7e49-4f2d-479681d2c7de,6651529e-8268-690b-a438-25b559e4b671,509.1,2026-08-22T23:30:04,False,,
474ca879-6f96-bbff-dbc6-ac37244220c6,e9a1fa6f-81f7-6d1c-2dbc-2134c30ff46e,7922bac2-82dc-4c8e-36b5-229aacf5e81e,4702.37,2026-08-22T23:54:02,False,,
f5185923-e829-2e3b-bbfc-5dc1fff446b9,c521bf2d-dc45-d539-c03f-3538e4855aa1,6dadd6c7-95a7-6d79-bf3c-4c06434308bc,828.26,2026-08-22T23:54:07,False,,
67218261-2a64-d46b-ceac-d7799538e035,a2a9d4d8-102e-fde5-a5cc-8bf738ab854c,ce777f00-ecf2-7e76-8519-7ff4006ed6e3,1608.39,2026-08-22T23:54:32,False,,
859530c1-a129-5a39-dce6-ea642d5c4588,2a405f12-b963-f37f-6781-4c1fcc530e36,dabac50d-ca3d-d859-c5ce-099c46b82659,1209.63,2026-08-22T23:56:33,False,,
8990779c-ecc3-b699-0d6d-cb42bd8bf603,db20a56e-dc81-5fe7-ceda-8bbb71710434,06cb0fb3-9a1d-e644-815e-f6d13b8faa18,554.99,2026-08-22T23:57:18,False,,
62ada157-60d2-759a-3ad5-1382119fb03e,92f5df7b-0323-d342-df6a-8f931a432f0a,c4b032cc-d7c5-24a5-5304-317faf42e12f,5394.78,2026-08-23T00:19:51,False,,
126aa315-7b18-9d5d-9b24-7a558fe88b77,67f48ad5-4d0b-0d1a-91b0-e1d99d9262af,8ae8905b-54b4-a482-6858-6eba6a34c854,1454.74,2026-08-23T00:29:09,False,,
3036781c-c0d9-8272-e52e-1409b1a63ccf,439472e6-da58-7e8a-a25d-6b29afffcfd2,148f8b74-a65b-b1f2-65c1-7795b15516bc,1760.99,2026-08-23T00:32:43,False,,
b3a7d0e0-cb08-587d-1963-c26d6e218b09,eb6c1016-cee6-24d0-9dac-6e8345241ea6,50c187fc-ce17-7b4e-0837-b8a3d261a7ab,4748.81,2026-08-23T00:37:00,False,,
9272dc48-eb4d-6df5-420f-d9a8d45b4e9b,5e781fd7-94e0-d3ba-a9f9-48b24e6384bb,beb79919-3f22-faf8-23be-d01d43cf2fde,379.03,2026-08-23T01:17:37,False,,
1f14eb34-e914-ae70-f797-4ec8a41ef111,6efb63b1-1b04-9863-7d7d-dbedd284476c,3a3c8a71-ff57-4e2b-4991-ab9bebc2026f,175.8,2026-08-23T01:37:34,False,,
c8b8547b-638b-66ac-d4ee-e3138c487218,969b6662-0562-8059-568c-c69b1064005c,398d1ca6-8b68-70b5-1d61-fac36cd5e859,1809.25,2026-08-23T01:43:31,False,,
de70bd30-00a2-1367-94fb-09f053c93ae7,e9ff1cae-41c8-ca8c-2a1f-955ad499da99,12476f57-a5e5-a5ab-aefc-fad8efc89849,1516.51,2026-08-23T01:45:31,False,,
43dbea42-cece-36ae-9fb2-09b1732fc932,a5d04d53-1e12-42e3-f272-92b6762172ed,1fd5a423-706c-5c56-49e2-623debd34616,1509.87,2026-08-23T02:06:40,False,,
b96c2da0-19a8-ec19-670a-858cf86b2e95,d47d577b-fa5a-91ca-059d-d55d4b943e30,b4fb0eb9-49c1-3de7-3b42-06c5085b15fb,852.05,2026-08-23T02:08:29,False,,
aa546c79-bf3f-51d5-2557-c82c488c6ea4,8da01097-be0f-051b-1b66-b5a9e3c43657,2f32751e-5738-811d-70c2-903f7a8d03aa,188.52,2026-08-23T03:01:38,False,,
890719db-252a-95db-4ba9-008d85afb680,14822f53-8201-0c62-f5f5-9b220e8fa8e0,dc5c0eed-8da0-365b-f898-97b9405cacec,2364.23,2026-08-23T03:30:50,False,,
99f2587c-683c-3806-c12a-dc5540728ad4,a6348e78-4d5c-55c7-b379-cb1ee8cda0cc,bdd640fb-0667-1ad1-1c80-317fa3b1799d,397.39,2026-08-23T03:34:29,False,,
462363a9-32f8-dbab-b462-e3e85c418a83,8a63f881-ffd0-f9d5-a6f2-f7b80cf35b58,9b689c88-3ae9-09fe-cc82-18dac696f5e6,496.27,2026-08-23T03:48:04,False,,
1f3c4a38-ff62-499a-f2ae-7fce877a71fc,db52ca58-0500-0bc6-b20d-cb6ef2311f17,1e52d770-3f89-7142-fe71-6b1415ce6a66,1184.98,2026-08-23T04:00:57,False,,
3464fd00-ea21-0067-ccf1-493afbb8704e,a0a11839-e745-7704-18df-bc3ca0d4de3d,12e89d10-2871-1733-8bed-db12ad77e82f,480.39,2026-08-23T04:21:33,False,,
c81a5f0f-1b1b-ba94-f983-4d4b1c65f6bd,1efa2197-7394-988f-847f-d9b4e64d1bcb,a5d04d53-1e12-42e3-f272-92b6762172ed,2066.84,2026-08-23T04:36:05,False,,
c768b07f-2e2b-dc6c-b736-0c4fdcc5d975,2260e70f-e0cc-edc5-f05d-b76e1a84a51a,a0ee89ae-d453-dd32-4b0d-bb418d5288f1,219.98,2026-08-23T05:06:33,False,,
ccf4ffb0-b4bb-a73f-ac70-51d1d051267f,9e50aa42-ca6d-fda1-989b-c4da9b37a22b,f1eedba3-1343-2e61-1ca3-c4480279b6a6,1567.15,2026-08-23T05:26:46,False,,
b1fde4de-092a-2783-e9b5-0a89c04cf6e6,dc322c97-39c1-e262-f76c-8edec1101266,0c0fd195-c17a-f08a-1745-d6d87e570ddf,596.7,2026-08-23T05:28:30,False,,
4e7674e9-ca12-ba49-e5f5-cdc821c7c0f6,d1843324-17e8-392a-55ce-e5db9e87e04c,c4b032cc-d7c5-24a5-5304-317faf42e12f,642.11,2026-08-23T05:37:00,False,,
8029d633-5b95-59d0-2887-4d02fb5435ba,2095eef6-8ded-f9fb-4bb0-0f20b27c4026,bdd640fb-0667-1ad1-1c80-317fa3b1799d,1222.39,2026-08-23T06:00:59,False,,
25c1f899-a89a-92c5-0037-42ae75e913d8,8bcf53a1-bc10-fa52-bf5d-2fdf89c8d2ab,cf36d58b-4737-8190-96da-1dac72ff5d2a,1429.9,2026-08-23T06:26:23,False,,
2ab403f6-1aa6-7474-e200-c1576d54c95a,6f962882-95d8-2980-ff37-d19c2e76128b,9854ce4e-4ebf-a5c3-cae9-b4a72a79ea68,1321.82,2026-08-23T06:26:53,False,,
0de4833e-12c0-620c-1667-c51809b2eae6,0964fbbf-8cd3-21b0-c2b0-1cfdd045dd1c,2d06e8cf-3805-f907-6cd6-6193c7468f59,120.16,2026-08-23T07:02:10,False,,
70f81dba-2871-9b9b-db8f-0e32edef5003,c8dcd19f-3e35-1128-7900-f7f993829b43,43e42caf-8181-a8cc-3691-47eb89a2688b,8887.38,2026-08-23T07:27:05,False,,
fabdc4aa-ba59-16c5-9de6-7f2c57bd9ee6,fb16e5db-a6ea-b79e-d21c-82f8cada4f80,7bb38605-da74-3152-627b-41a1ffd6f232,1302.24,2026-08-23T07:28:48,False,,
ee6c69f7-f8c9-2b4a-8d2f-2114da72ab37,2260e70f-e0cc-edc5-f05d-b76e1a84a51a,148f8b74-a65b-b1f2-65c1-7795b15516bc,732.42,2026-08-23T08:23:28,False,,
d653d4bb-4bfc-a0ca-f161-3babd0ef1299,74962764-12a4-def0-c4bb-b7a9d98868dd,8da01097-be0f-051b-1b66-b5a9e3c43657,265.51,2026-08-23T08:38:28,False,,
1dc3c26e-7b62-659e-0700-749adcad8ec2,d865d69a-74f3-3103-4006-6ff2b0b862ef,c4b032cc-d7c5-24a5-5304-317faf42e12f,1112.02,2026-08-23T08:46:41,False,,
c35d8f64-418a-f089-fa7d-e9617927a136,bcae8081-bdf0-70aa-f0b5-156bb82c9074,53f8382b-8fb8-64e4-f173-8856e25d36eb,661.97,2026-08-23T08:48:08,False,,
87e81b25-a971-5404-79ea-e46107516daa,eededb07-e623-a689-5d59-cd2a4eea04e7,d9178793-a9d3-c2e6-505c-c6869f871ce7,588.37,2026-08-23T08:55:31,False,,
d259f960-6ee3-5607-92ea-1324ec93e596,8a63f881-ffd0-f9d5-a6f2-f7b80cf35b58,b4a69f3c-8d3a-ed99-711c-21c9bdc14f1f,7159.32,2026-08-23T09:05:52,False,,
9abc9859-593e-dc83-c497-d0a8484204d5,3c19e71d-1184-05ad-9e11-d2cd0930aef6,b4a69f3c-8d3a-ed99-711c-21c9bdc14f1f,1060.9,2026-08-23T09:23:07,False,,
0f0a1d5b-1457-0a44-096b-922727bc7004,b7b56ea7-35eb-d32d-9ad6-20ab48212ddb,5913f9d3-7852-99f4-175b-a98df8140102,1753.32,2026-08-23T09:26:16,False,,
3016b62b-d886-7545-5025-ac1815fbf5dc,513a7052-986f-9025-8f15-ba58fce68504,0c0fd195-c17a-f08a-1745-d6d87e570ddf,452.69,2026-08-23T09:34:16,False,,
8abefd88-626c-ea12-7e12-9751883e153f,6efb63b1-1b04-9863-7d7d-dbedd284476c,50c187fc-ce17-7b4e-0837-b8a3d261a7ab,846.53,2026-08-23T09:34:36,False,,
497de16d-d4ea-120a-5e65-96540e9058b6,793b4c32-2050-0494-3d11-48022702878b,894a05e4-30b1-87ef-310c-0c003fa7f104,473.8,2026-08-23T09:58:08,False,,
09795e75-671e-9bb8-f783-b6f6d775e809,8a14be62-295b-4715-c333-e8615fb8d16c,8b10550c-d570-4f32-702c-dd20286218b8,2984.08,2026-08-23T10:00:11,False,,
31c46ef9-db13-f2ec-663b-4427bef7110a,6b8e869f-d538-5b0e-34f3-193c0ff0a55c,a0ee89ae-d453-dd32-4b0d-bb418d5288f1,285.11,2026-08-23T10:09:25,False,,
2fb70dab-2f38-3b43-a137-f8e467b13040,6651529e-8268-690b-a438-25b559e4b671,9261549d-3d22-5c30-b28f-41defb140bc3,1452.43,2026-08-23T10:19:55,False,,
c3f9c78c-af70-4164-bf16-44542685602c,8da01097-be0f-051b-1b66-b5a9e3c43657,fbc9f87a-f668-a617-94a1-875d2db69edb,7435.58,2026-08-23T10:50:09,False,,
f29e225b-3ed0-4e68-0d25-0730f5a98c9a,8b10550c-d570-4f32-702c-dd20286218b8,d58842de-a2bc-372f-7412-b29347294739,881.79,2026-08-23T11:46:58,False,,
5ff3fbbf-6880-534f-cac5-a4c6c393f806,6786d506-38ba-8abc-4b53-05e517d2582e,0e5dd462-cbd0-0ef2-530a-37df0bc61066,2670.97,2026-08-23T11:52:19,False,,
85406adb-983a-e235-1891-f8cfd7d050be,f42d47cc-00d4-af59-7427-3ca3287d06ca,ce9e1a11-fcbb-4e59-fbdd-cf7c9c96e9ec,5913.62,2026-08-23T11:59:41,False,,
27b2a5c1-b6b0-d0b9-afad-328ea5c9cf20,1497d658-7010-f719-7e69-5d0d8a3c3b5e,3170f437-a8f7-ef5a-060e-df5b39118497,2809.53,2026-08-23T12:02:44,False,,
a1e09bf1-4674-8ee4-61d1-5db2a67ac70a,3e83b91f-2544-0fe0-6e41-7d475ff595ea,dfcaf0b7-19b1-7e80-dea4-ae1754fd9ad3,696.99,2026-08-23T12:13:08,False,,
ec8566f0-282f-0aa6-730f-8b28ecaf549e,6e0d2648-35ce-8841-4973-2d6c4dcabfb7,f84f16b3-a79f-bfaf-def5-768968f45bce,100.0,2026-08-23T12:29:56,False,,
c5c9fb91-ff6e-f9ed-7e4c-e29ff8cbab4c,236c7b87-14a0-bccb-8a47-6a87e49d681d,c4b032cc-d7c5-24a5-5304-317faf42e12f,734.2,2026-08-23T12:30:49,False,,
ae61716a-1fb6-21ae-ec4e-8cbba2aa378c,eb6c1016-cee6-24d0-9dac-6e8345241ea6,8bcf53a1-bc10-fa52-bf5d-2fdf89c8d2ab,985.32,2026-08-23T12:51:13,False,,
a832a228-8c65-d01b-1521-e8251177fdd5,a9597663-6daa-2e68-8861-fe1858e25888,ab9099a4-35a2-40ae-5af3-05535ec42e08,3642.46,2026-08-23T12:53:06,False,,
b1cb62d0-8685-92d2-5fb6-8406b6658a34,093923de-8bab-ce3b-2628-6bfbe767dcea,a7f36ae9-25c7-3c44-3e75-c3b4664fa663,2342.92,2026-08-23T12:54:38,False,,
75d2fda9-7d57-d424-de2e-7abc1f1dfed9,67f48ad5-4d0b-0d1a-91b0-e1d99d9262af,766ecb15-474e-bc19-2ef9-12766c006f61,659.75,2026-08-23T13:29:18,False,,
8fc7ad79-3b8e-de31-e614-15dd5251d645,f36cb62b-892e-6161-be2d-740a1e9b23bc,5260001e-eecf-67d2-7491-76f46090d697,1176.21,2026-08-23T14:12:11,False,,
384852b6-57f4-98e0-c2a5-9d7b2bd3d971,9b1bc895-2af4-3ab7-5e6f-ea07c4536f1d,22bd3388-6db9-9102-a48b-3dbe157d94a1,2345.88,2026-08-23T14:23:12,False,,
e5bc89c0-93a6-9684-0365-99fcf91070e0,9f4c3b79-fb10-987f-20ac-3703eb67146a,f1eedba3-1343-2e61-1ca3-c4480279b6a6,1775.55,2026-08-23T14:34:54,False,,
18c8a616-2410-8e9a-3f77-9cae7318b96d,43e42caf-8181-a8cc-3691-47eb89a2688b,d9178793-a9d3-c2e6-505c-c6869f871ce7,501.07,2026-08-23T15:28:47,False,,
65abc9ff-9fa4-a627-d306-08be8548867b,d1843324-17e8-392a-55ce-e5db9e87e04c,1497d658-7010-f719-7e69-5d0d8a3c3b5e,879.22,2026-08-23T15:44:33,False,,
7b6f65df-1d9d-1d80-f47e-3ca0723fd85a,b4a69f3c-8d3a-ed99-711c-21c9bdc14f1f,dc5c0eed-8da0-365b-f898-97b9405cacec,1112.86,2026-08-23T15:51:53,False,,
ec35c3de-7414-e3e1-a387-1e9213620119,246998e8-d39e-198b-4400-7d5ae88da719,088a93ec-70d9-c9f8-c9e2-60744f1639a0,1026.85,2026-08-23T16:02:33,False,,
f243b5c6-833d-7595-6fa1-c2327eecdc53,f920264c-0763-fcd0-1f15-c7b67c16128d,0c0fd195-c17a-f08a-1745-d6d87e570ddf,1075.54,2026-08-23T16:08:43,False,,
a886a9fc-60be-b85d-9053-317b5f4dec1d,f96b648a-0ba6-eab9-4639-447b2067bdac,a7f36ae9-25c7-3c44-3e75-c3b4664fa663,809.38,2026-08-23T16:22:55,False,,
9d4ac78b-cf16-43a0-8860-4b56a34f2452,d9178793-a9d3-c2e6-505c-c6869f871ce7,088a93ec-70d9-c9f8-c9e2-60744f1639a0,382.44,2026-08-23T16:26:18,False,,
b5d0b595-a4f8-9e23-af39-f2ce4f75d45a,e3e9de99-f10c-718b-1eb0-e38a675dd5af,770c7798-37cc-863b-f2a0-345990604f62,918.79,2026-08-23T17:34:51,False,,
7e54da1e-ac30-4971-ecc1-1ecb2a6504e1,7f2984f5-bec3-9a37-9b3d-74bde91e314e,78b2b549-3bdb-c09e-acc2-16a01bbc91f7,2671.1,2026-08-23T17:37:00,False,,
12b59aa4-c07d-0001-30de-0010fe31f408,cfa701cd-2631-d00b-26d7-94d30db95301,aff8754d-1238-d630-743b-65a2dc0f2fcf,6663.15,2026-08-23T17:46:48,False,,
63ef5e69-b61d-56f5-b916-33574b1bdf3b,8b10550c-d570-4f32-702c-dd20286218b8,dc5c0eed-8da0-365b-f898-97b9405cacec,534.64,2026-08-23T17:48:14,False,,
8f24da7e-a2e7-68d7-59b7-463f1117f840,92f5df7b-0323-d342-df6a-8f931a432f0a,d89a40c0-e87d-1c78-e7c4-21c740497b71,484.4,2026-08-23T18:04:05,False,,
e3a0aa3c-8c44-d60f-8efe-59c393b91ea1,bf1e8366-4b8e-63d4-ce76-07adf7a67b94,bcae8081-bdf0-70aa-f0b5-156bb82c9074,1906.93,2026-08-23T18:20:19,False,,
9be5662a-dc97-9a81-3dee-d56a21ddd27e,439472e6-da58-7e8a-a25d-6b29afffcfd2,3c19e71d-1184-05ad-9e11-d2cd0930aef6,704.13,2026-08-23T18:30:09,False,,
43a8007e-1b5d-3449-8abe-2e0467eedfe9,fb16e5db-a6ea-b79e-d21c-82f8cada4f80,464c04af-3d3f-3799-a072-95e97c0e8cd8,346.88,2026-08-23T18:41:04,False,,
03491b41-0111-fa05-308b-5146ea879f65,2790cebd-bfdd-c3d9-9ee3-ac2af94d6204,439472e6-da58-7e8a-a25d-6b29afffcfd2,855.18,2026-08-23T18:43:32,False,,
57a82eef-f9a8-743d-7d5b-6037b1012b0f,76f2dbfe-cd29-a36f-2222-82e174daaebf,07a0ca6e-0822-e8f3-6c03-1199972a8469,1451.91,2026-08-23T18:48:24,False,,
5ee68495-3400-29c3-ea11-905b51facefa,4ab7706e-b773-50ca-eec2-59dc7f95897c,889b78d5-dbfd-d97e-aca2-b148da330aa1,3258.27,2026-08-23T18:59:45,False,,
e9fdd358-cb33-478a-f7b5-b05b59c1d16c,e9ff1cae-41c8-ca8c-2a1f-955ad499da99,43e42caf-8181-a8cc-3691-47eb89a2688b,1652.13,2026-08-23T19:05:37,False,,
d6e9fa04-df04-4782-c1e6-206862d70bec,bb2488a3-d363-57b6-6f81-cf4f7701f7bb,a9597663-6daa-2e68-8861-fe1858e25888,4741.82,2026-08-23T19:29:13,False,,
40ef3935-5f90-bed6-fb25-664d630aa767,db20a56e-dc81-5fe7-ceda-8bbb71710434,a911d192-43bf-d931-3605-bf54a021c0ca,543.45,2026-08-23T19:44:49,False,,
9defeab9-e54c-a6ca-dc70-ce2224caf1b8,6651529e-8268-690b-a438-25b559e4b671,1a2a73ed-562b-0f79-c374-59eef50bea63,493.59,2026-08-23T20:13:32,False,,
87f797fa-6cfa-855f-089b-5b4981145252,c1a6423b-9f64-eeed-5c9d-927d84b871bb,6232b17a-2507-4181-8d1f-b54074eff545,344.34,2026-08-23T20:21:00,False,,
5e4908c8-290a-42d2-07f9-ee879f35e95d,336749b5-2cf6-bf75-6a5e-6920bf5ae7e6,1ff49b78-8946-3e85-759c-de66bacfb3d0,1809.57,2026-08-23T20:23:16,False,,
0dc5d42e-6233-960a-1b1e-06c30ceaaf73,9326dffd-5be4-bf51-9269-869861a11729,f1533ae8-670a-cc5c-b321-bf214dd8eb85,1459.52,2026-08-23T20:26:48,False,,
7933ea49-2c7c-4106-7d84-55377458d92c,93b7a886-12f7-0c97-7de3-1a516694c343,f16287e4-e9c3-49e0-3602-f8ac10f1bc81,670.73,2026-08-23T20:31:57,False,,
07aca3fe-a73a-366e-4357-7225fc24a159,088a93ec-70d9-c9f8-c9e2-60744f1639a0,7f2984f5-bec3-9a37-9b3d-74bde91e314e,190.85,2026-08-23T20:43:47,False,,
a5b95c1a-bac8-f92f-4653-cbd3f6d811ef,c8dcd19f-3e35-1128-7900-f7f993829b43,e9ff1cae-41c8-ca8c-2a1f-955ad499da99,573.9,2026-08-23T21:10:33,False,,
338aea2d-3e1c-fa14-95d1-638473137fa5,1c8eaee9-5715-bd6f-a416-1293c4c2e2e3,0e5dd462-cbd0-0ef2-530a-37df0bc61066,1888.05,2026-08-23T21:19:29,False,,
3b964c74-ffe6-2994-9580-4c2ac44fc4b8,57207246-4223-623b-cc3e-bdde5ad5cf06,0bbb2599-11ce-5dd2-b45e-d1f03139d32c,197.72,2026-08-23T21:33:07,False,,
251dd64e-5eec-2af4-4db9-eacbd59dcbfa,969b6662-0562-8059-568c-c69b1064005c,4ca9cf07-b1aa-0f6a-2a96-e1e27194eae2,1319.15,2026-08-23T21:53:54,False,,
392a9fc4-647a-c591-5da6-4a3a260ccfb4,9b49bd26-df57-c59a-8715-a10343dac043,dabac50d-ca3d-d859-c5ce-099c46b82659,436.08,2026-08-23T22:02:27,False,,
7f5085e7-058c-dd44-32a0-2b53565a4a42,b7b56ea7-35eb-d32d-9ad6-20ab48212ddb,688c7015-aab9-7e49-4f2d-479681d2c7de,867.48,2026-08-23T22:15:20,False,,
f6eab3a0-0153-9221-2331-0a28c550eca8,9e8fc965-0a2c-827e-9832-685694340a03,5283aac7-bc0a-6a5d-6e99-6e3ee3b137fc,450.56,2026-08-23T22:23:25,False,,
6acac954-49a5-fd0d-e487-1ab3aa794de7,43e42caf-8181-a8cc-3691-47eb89a2688b,f16287e4-e9c3-49e0-3602-f8ac10f1bc81,253.57,2026-08-23T22:33:01,False,,
8623bc74-65a2-9cc8-c55b-e95d06bfd9c4,11b7e948-d0e6-e660-7c69-dee1bb5e4bcf,c0e9ab30-ed26-62e9-17e0-11b7f8102383,372.02,2026-08-23T23:18:05,False,,
fd34d21e-3b59-475e-c88a-9a7400af085d,cd5f4822-6966-08aa-ee49-f329c84a7b28,cf36d58b-4737-8190-96da-1dac72ff5d2a,2513.61,2026-08-23T23:33:32,False,,
83f38f4e-faf3-6aec-1e0a-71570d6ed01e,093923de-8bab-ce3b-2628-6bfbe767dcea,336749b5-2cf6-bf75-6a5e-6920bf5ae7e6,631.95,2026-08-24T00:06:18,False,,
cd0579e2-99e4-704c-2c56-e0cda5ba2472,dd750e98-90e0-b95f-0212-b554464458b4,8b8148f6-b38a-088c-a65e-d389b74d0fb1,544.72,2026-08-24T00:21:47,False,,
293572d3-fb63-33cb-0c35-bf2dec4fa141,9ef2b93e-30ac-7d7b-a2f9-63a33810ae66,3b982ef8-daf6-1a26-146d-3f31fc377a4c,1202.01,2026-08-24T00:24:44,False,,
4faa8036-188a-7f55-2ed8-680457e23419,8dfa6a56-d12d-bc9a-aaf9-15310200b1f0,3c19e71d-1184-05ad-9e11-d2cd0930aef6,5851.73,2026-08-24T00:43:29,False,,
0b099fcc-ec34-4cf0-ab8e-77a128e60130,913e4de2-e0c5-3cb8-3da9-c2a90ed42f1a,093923de-8bab-ce3b-2628-6bfbe767dcea,262.23,2026-08-24T00:43:51,False,,
27c7655a-7b43-4a72-22c0-c475a54976d0,9261549d-3d22-5c30-b28f-41defb140bc3,894a05e4-30b1-87ef-310c-0c003fa7f104,1794.45,2026-08-24T00:49:59,False,,
438a819e-f970-5e4b-2d71-a0400554e88b,ce88cb2d-d4e8-0839-fc3e-058be0f3eab0,8eb22579-0cdb-1ca4-76ec-bdd68498e113,255.3,2026-08-24T00:56:59,False,,
10ecf6ae-55dd-df38-fc94-54ae867a211a,a2a9d4d8-102e-fde5-a5cc-8bf738ab854c,2e183554-cae2-8e66-ae8a-781390e0a95b,206.73,2026-08-24T00:57:51,False,,
143665f5-4c81-9260-79ec-533c3c53090e,bd1531c8-3764-fbda-3108-d4482f65fafa,dc5c0eed-8da0-365b-f898-97b9405cacec,1180.97,2026-08-24T01:12:37,False,,
a6cb1dda-13a0-181b-cbaf-d54258e9bbad,c2dff335-5666-6f9f-53ac-2ab974672cd9,47229389-571a-a876-6c30-7511b2b9437a,953.76,2026-08-24T01:43:40,False,,
1a7f195b-7355-7b9d-0fd6-f47ef52d4af2,859131d2-bbda-0242-2d17-4fc96f7c15ea,b7b56ea7-35eb-d32d-9ad6-20ab48212ddb,2908.94,2026-08-24T02:08:52,False,,
6431cbbe-0e44-c9dc-81b6-1c872803feb5,7428a656-b3ee-4d3b-5a10-412954aebd1b,988c24c9-61b1-cd22-6280-1c4510435a10,901.13,2026-08-24T02:28:35,False,,
8334e524-5f8a-2e3c-1e9d-095bd17ad9bd,5e5ba13d-746c-db77-1fa3-82e8895ccd99,beb79919-3f22-faf8-23be-d01d43cf2fde,5907.2,2026-08-24T02:37:39,False,,
cb37a85d-93c4-ad32-573b-df7a8e14338e,a65e688e-abf3-ad39-fec2-1bbe66245bfa,ad64b56c-610f-aa3f-f0bb-ac67aa38d0a1,1393.26,2026-08-24T02:47:55,False,,
52a80809-20d1-9fc0-41c1-aee2e7235658,658b2523-6014-1de9-f54a-d0a2e87466d7,7bb38605-da74-3152-627b-41a1ffd6f232,2677.39,2026-08-24T02:51:49,False,,
3d162ab9-b01c-9191-e81b-60ffda41a15f,70286046-49bc-473f-ed7b-f656218a1536,1ff49b78-8946-3e85-759c-de66bacfb3d0,2345.04,2026-08-24T03:27:49,False,,
f73eeb07-a860-25bf-de68-666d67b41520,9b1bc895-2af4-3ab7-5e6f-ea07c4536f1d,0a4c9f7f-9384-ec2b-44fe-acaed248a9a7,1075.31,2026-08-24T03:53:05,False,,
bb0c7919-330c-cff5-88a5-fa0d09a85dc5,db52ca58-0500-0bc6-b20d-cb6ef2311f17,e7c99b26-1141-25c6-3a9b-edd40f1259e0,574.46,2026-08-24T04:12:41,False,,
e724b119-af2f-32a7-20b6-d43cfbf3a106,83f4a9a9-48a6-39d0-15b5-2908a8aa7158,b7b56ea7-35eb-d32d-9ad6-20ab48212ddb,876.0,2026-08-24T04:27:27,False,,
d83e6704-3c29-9c68-2138-fe3c5c699e1f,e7c99b26-1141-25c6-3a9b-edd40f1259e0,688c7015-aab9-7e49-4f2d-479681d2c7de,316.79,2026-08-24T04:55:35,False,,
2ab202c2-cc02-43c6-e2d9-03c8a61acd8e,9261549d-3d22-5c30-b28f-41defb140bc3,d58842de-a2bc-372f-7412-b29347294739,863.55,2026-08-24T05:11:44,False,,
affdd43b-2c69-1f04-42bb-eaae222db2cf,61ee6c5b-deef-580f-9c07-a75114374509,341c6494-0d36-6dfc-c28e-bd7071299889,814.39,2026-08-24T05:20:10,False,,
75ac824c-2c55-aef7-f4e9-573450521700,11b7e948-d0e6-e660-7c69-dee1bb5e4bcf,8ae8905b-54b4-a482-6858-6eba6a34c854,2114.46,2026-08-24T05:20:33,False,,
f5a7620d-6d6d-91e1-93ed-82c51cf85164,80962718-2051-acef-097a-1e10f6febc0e,bb026576-f512-c4c3-b253-d2186c4a37ea,701.12,2026-08-24T05:24:49,False,,
7dc807a2-adda-a3b6-0ab8-4fe297e4e173,a911d192-43bf-d931-3605-bf54a021c0ca,50c187fc-ce17-7b4e-0837-b8a3d261a7ab,2747.52,2026-08-24T05:25:20,False,,
932cae01-d2c6-5ee4-68d0-a2a8c4e7f7dd,2e8d0e87-5334-20e6-d9d8-0b8d7e8adee7,9f4c3b79-fb10-987f-20ac-3703eb67146a,441.69,2026-08-24T05:41:06,False,,
a22646f5-8d93-8a78-634a-a1a42c239586,b386f7a4-c991-603f-28c1-3091444d610b,9e8fc965-0a2c-827e-9832-685694340a03,447.94,2026-08-24T05:45:57,False,,
345af934-b42a-2d93-9aba-0f15b2149062,969b6662-0562-8059-568c-c69b1064005c,587ef344-6f3f-920c-98b8-e4cc1bc044fc,2178.21,2026-08-24T05:58:59,False,,
eedaa802-4568-f426-89e0-3e22d3f4a49b,b386f7a4-c991-603f-28c1-3091444d610b,47229389-571a-a876-6c30-7511b2b9437a,7308.5,2026-08-24T06:10:04,False,,
f4ff3f3a-4d9d-baeb-553d-2625e8334da5,cd5f4822-6966-08aa-ee49-f329c84a7b28,988c24c9-61b1-cd22-6280-1c4510435a10,11099.54,2026-08-24T06:32:05,False,,
0eff6a6b-689a-b92d-37c4-86a18e7de390,9b49bd26-df57-c59a-8715-a10343dac043,3c19e71d-1184-05ad-9e11-d2cd0930aef6,3544.4,2026-08-24T07:28:57,False,,
c12e3882-b527-ba0a-a8df-7aa5e8e00199,a65e688e-abf3-ad39-fec2-1bbe66245bfa,c268283e-e32f-2e63-b7fd-dd71a075e927,566.61,2026-08-24T07:44:01,False,,
f9f8f5f4-ce96-c887-f8db-37f6c3bc5ca7,74f93d17-e912-b4bf-86a4-bae41986b4b2,46d483f3-d450-281c-6c6f-7633a2607723,1643.03,2026-08-24T08:19:35,False,,
8d2eea22-b544-f70c-593a-cb51178b55e7,ccc56569-f9e8-a369-2999-b735dd56cc94,bf1e8366-4b8e-63d4-ce76-07adf7a67b94,773.31,2026-08-24T09:04:31,False,,
5be2124f-fdd9-9681-ef5e-eca58909b003,43e42caf-8181-a8cc-3691-47eb89a2688b,c4b032cc-d7c5-24a5-5304-317faf42e12f,304.81,2026-08-24T09:38:52,False,,
23936d45-e1cc-ff0d-8078-636d01b062c1,12e89d10-2871-1733-8bed-db12ad77e82f,7a4c75d4-dc99-e04c-f0e9-8b3b40a26c60,355.85,2026-08-24T09:41:56,False,,
9c7faca6-2e67-1784-702b-7014adab2c2f,a65e688e-abf3-ad39-fec2-1bbe66245bfa,f36cb62b-892e-6161-be2d-740a1e9b23bc,615.99,2026-08-24T10:21:25,False,,
360824da-33a3-7a74-8046-9354f82258a7,22f235f2-e11b-868d-bf0d-073d821c1336,f84f16b3-a79f-bfaf-def5-768968f45bce,4142.0,2026-08-24T10:30:03,False,,
4c24a053-67f5-ae02-af5b-8f47ceae71cf,81f631d4-a392-31a7-d777-a4774c66e0a8,61985d54-cfb8-7e6f-e9d6-8f23b489d070,379.06,2026-08-24T10:40:17,False,,
7cd61da4-c2ef-da8b-3804-87860a58f43c,e8dd5e5a-1712-fb16-21a4-344fbb7bee03,0bbb2599-11ce-5dd2-b45e-d1f03139d32c,505.84,2026-08-24T11:19:20,False,,
2e2d0681-a8b2-6070-9b18-72ac78c4c27f,8ae8905b-54b4-a482-6858-6eba6a34c854,dc322c97-39c1-e262-f76c-8edec1101266,167.03,2026-08-24T11:36:12,False,,
4f00ba6a-f189-d0b1-17dc-abf550885581,db20a56e-dc81-5fe7-ceda-8bbb71710434,8a63f881-ffd0-f9d5-a6f2-f7b80cf35b58,770.34,2026-08-24T11:40:33,False,,
2ce62f9f-7b67-caba-8675-ec71deeb9601,b4fb0eb9-49c1-3de7-3b42-06c5085b15fb,b4a69f3c-8d3a-ed99-711c-21c9bdc14f1f,212.05,2026-08-24T13:21:08,False,,
0c648ca2-c323-1466-aebb-b90ee4e751de,dd81b7f5-7d59-11c6-a8f1-e091ffb8102d,a0ee89ae-d453-dd32-4b0d-bb418d5288f1,483.85,2026-08-24T13:27:34,False,,
0bae4fc1-d18a-d3ca-a2e2-575356ffdb3e,69ca97d2-7644-14fd-8ae7-69edde8ede0b,598336e3-75d6-6ed4-eb1f-a9f2d10bd1d0,1985.36,2026-08-24T13:39:17,False,,
46818a88-2c15-4804-0997-59a37919955c,bd1531c8-3764-fbda-3108-d4482f65fafa,93b7a886-12f7-0c97-7de3-1a516694c343,2142.38,2026-08-24T13:44:50,False,,
157c6813-e581-620f-dc0d-b2660e29ed9a,a65e688e-abf3-ad39-fec2-1bbe66245bfa,a8b317fa-18d0-752b-1825-bc5430beb45f,12129.74,2026-08-24T14:02:48,False,,
827b8c89-8d3f-433b-f2d1-e6c1fc8ad016,db52ca58-0500-0bc6-b20d-cb6ef2311f17,1a2a73ed-562b-0f79-c374-59eef50bea63,519.79,2026-08-24T14:07:03,False,,
2709f5b2-9e1b-e56d-3f6c-5de56dcfcb58,da4bd9ca-eb5c-f467-80ba-cd647a0ecfea,4ab7706e-b773-50ca-eec2-59dc7f95897c,1837.09,2026-08-24T14:08:54,False,,
b5b71c24-785c-a87b-1f69-e2b1d45e087f,859131d2-bbda-0242-2d17-4fc96f7c15ea,2e8d0e87-5334-20e6-d9d8-0b8d7e8adee7,4444.2,2026-08-24T14:29:43,False,,
5a45b8ea-d3e7-63d1-0378-bcb77570b0ac,41357e8c-30a9-00ad-939b-462de645f129,458f1f19-3c07-c574-4925-7af1b6aae05b,1230.32,2026-08-24T14:48:20,False,,
3080bed6-bc3e-34af-701f-b3eaa1fe9bc6,da4bd9ca-eb5c-f467-80ba-cd647a0ecfea,dc5c0eed-8da0-365b-f898-97b9405cacec,376.12,2026-08-24T14:49:03,False,,
8e1a3a51-534b-fa86-7681-2ad798986758,ef8c485b-c07a-30f2-edd4-253b50f0fd0a,c4b032cc-d7c5-24a5-5304-317faf42e12f,13724.43,2026-08-24T14:57:55,False,,
87d49f49-9cc1-5301-c36d-b2eceeda69bc,74962764-12a4-def0-c4bb-b7a9d98868dd,cfa701cd-2631-d00b-26d7-94d30db95301,257.33,2026-08-24T15:01:44,False,,
5c58b8ba-9de2-fd3f-f952-f1e8d029733c,d1843324-17e8-392a-55ce-e5db9e87e04c,50c187fc-ce17-7b4e-0837-b8a3d261a7ab,1905.48,2026-08-24T15:04:22,False,,
c66b1f52-6f7f-6354-372f-9fb6041b4c79,2790cebd-bfdd-c3d9-9ee3-ac2af94d6204,17dc8eff-6872-13f9-8d60-593603802b70,2811.04,2026-08-24T15:39:15,False,,
ab02e104-18b4-7298-a9ca-a03d74d12024,22f235f2-e11b-868d-bf0d-073d821c1336,6786d506-38ba-8abc-4b53-05e517d2582e,446.4,2026-08-24T15:48:35,False,,
8b3236d6-408d-5212-7991-329a163a6695,4ab7706e-b773-50ca-eec2-59dc7f95897c,9326dffd-5be4-bf51-9269-869861a11729,311.53,2026-08-24T15:55:06,False,,
a8c4a0ca-d0a4-a31a-fc00-f3e74c91ef0e,69ca97d2-7644-14fd-8ae7-69edde8ede0b,e4429ebb-da7b-9095-63d6-2a39c0e3befd,623.75,2026-08-24T15:59:02,False,,
9b4bf636-6035-e48d-90cc-7a42d660a275,7428a656-b3ee-4d3b-5a10-412954aebd1b,93b7a886-12f7-0c97-7de3-1a516694c343,347.65,2026-08-24T16:24:01,False,,
6c087d6c-04de-78f8-873f-3f030f8a579c,6651529e-8268-690b-a438-25b559e4b671,beb79919-3f22-faf8-23be-d01d43cf2fde,565.15,2026-08-24T16:26:47,False,,
541bf89c-75d9-c07c-9d93-63ea0182144d,7b3a4e3e-7c52-fa17-680a-c07a2a935d62,0bbb2599-11ce-5dd2-b45e-d1f03139d32c,479.68,2026-08-24T16:52:17,False,,
7f29c9e7-5601-f6a5-34b6-685dacd4180a,9e8fc965-0a2c-827e-9832-685694340a03,beb79919-3f22-faf8-23be-d01d43cf2fde,2741.68,2026-08-24T16:58:44,False,,
a6a1cc2b-0ec5-bad7-b24a-e6e35e411475,a911d192-43bf-d931-3605-bf54a021c0ca,ffe3fa49-054f-92ff-f366-bad4964db03f,3545.64,2026-08-24T17:17:08,False,,
ef3a6f27-ef06-fccb-8f7c-1d59594b2a3a,b24445a7-b7e5-8481-31c6-81ec935f2b0a,12476f57-a5e5-a5ab-aefc-fad8efc89849,482.66,2026-08-24T17:43:47,False,,
511f0533-fecf-c0db-bfeb-32a45bbf785b,70286046-49bc-473f-ed7b-f656218a1536,7a4c75d4-dc99-e04c-f0e9-8b3b40a26c60,708.59,2026-08-24T17:51:09,False,,
d9a19ca8-f317-7bab-62e3-2fa7f4cd6362,3e6dd58b-7367-c28d-e1b2-94de4767d76c,f2e9702d-11e9-cdaa-6e69-81a35d3d9e56,1463.7,2026-08-24T18:27:45,False,,
7b92a41d-bb19-f0fe-c5cb-fedd5268c879,5e5ba13d-746c-db77-1fa3-82e8895ccd99,ad64b56c-610f-aa3f-f0bb-ac67aa38d0a1,1182.56,2026-08-24T19:00:44,False,,
e82a3879-f2b5-a7ea-2a35-ce30303cb04b,04fc6d82-7d15-4385-52fb-e43b99546eb4,17dc8eff-6872-13f9-8d60-593603802b70,1184.85,2026-08-24T19:05:58,False,,
dc137c04-cf3a-2f8d-57f7-31e38add3976,eb6c1016-cee6-24d0-9dac-6e8345241ea6,580d7b71-d8f5-6413-5be6-128e18c26797,8749.47,2026-08-24T19:10:59,False,,
0e5922e9-f182-cdf7-82f5-52c89ae66149,b24445a7-b7e5-8481-31c6-81ec935f2b0a,7a4c75d4-dc99-e04c-f0e9-8b3b40a26c60,1696.5,2026-08-24T19:26:00,False,,
a2fe9cb4-fcec-1791-fae9-df3f585b8128,cfa701cd-2631-d00b-26d7-94d30db95301,580d7b71-d8f5-6413-5be6-128e18c26797,1422.66,2026-08-24T19:32:47,False,,
2b54ff7a-5a28-37b2-cb83-83f2bb96f602,9b1bc895-2af4-3ab7-5e6f-ea07c4536f1d,cf36d58b-4737-8190-96da-1dac72ff5d2a,528.28,2026-08-24T19:35:07,False,,
0f01fe85-5bba-f3ac-0aa5-aaf2677f33b8,ae9bec36-35c7-936c-5b99-62c6e61fecc0,5260001e-eecf-67d2-7491-76f46090d697,1104.41,2026-08-24T19:47:10,False,,
65db6e43-47bf-8db7-82d9-a774ea7f6c7d,6e068097-25e9-7977-8d72-48e2951f58d0,ff5e9ff0-ff50-bde4-3825-67b85cabcc97,4934.43,2026-08-24T19:49:46,False,,
166ecfe3-6d77-9595-00fa-0eb45c5f48d4,439472e6-da58-7e8a-a25d-6b29afffcfd2,1a3d1fa7-bc89-60a9-23b8-c1e9392456de,2177.76,2026-08-24T19:59:46,False,,
f58f41b0-7c8c-65ab-12d5-dfe569eb337c,5260001e-eecf-67d2-7491-76f46090d697,a8b317fa-18d0-752b-1825-bc5430beb45f,2029.14,2026-08-24T20:05:58,False,,
a84ca488-ec40-14c6-da60-69f38e40b294,faf14ff0-7b85-179a-d5b0-77e06a5d932b,8b8148f6-b38a-088c-a65e-d389b74d0fb1,211.58,2026-08-24T20:22:35,False,,
e1b39d64-94e2-a33d-14a3-ffe6b3aac060,e7c99b26-1141-25c6-3a9b-edd40f1259e0,722764e6-8c41-561b-e827-a1b9d4a02e53,1124.83,2026-08-24T20:35:53,False,,
7cc9d887-639a-c771-b739-a28a4ffd5b7a,d4f8fd72-f382-1cfd-c083-b73a473bd358,8b8148f6-b38a-088c-a65e-d389b74d0fb1,1392.41,2026-08-24T20:36:54,False,,
5273d60c-57a0-3c17-8620-a10ae0099d7a,04f64d86-7866-0765-14f7-ce8dd5bcb8d0,551ac8ea-585a-0afa-7bfd-cc1289e06ab3,120.84,2026-08-24T20:39:43,False,,
0ce3c8c8-4735-4e4f-f85b-6d0a54b58635,a7f36ae9-25c7-3c44-3e75-c3b4664fa663,fbc9f87a-f668-a617-94a1-875d2db69edb,1940.3,2026-08-24T20:48:41,False,,
fc9db15b-cb85-53f6-490c-344298c3fa3d,4d3485c5-c5c1-4eb4-b27b-3d901a16342c,b02b61c4-a3d7-0628-ece6-6fa2fd5166e6,1540.79,2026-08-24T20:51:04,False,,
552d4865-d756-7d35-ed2e-ebea69b7d533,658b2523-6014-1de9-f54a-d0a2e87466d7,6dadd6c7-95a7-6d79-bf3c-4c06434308bc,1725.95,2026-08-24T20:51:45,False,,
2ad11fe8-7d1b-695e-71a0-449dd703262f,907bfe36-9786-48f8-64de-82e6e82c7d7b,db946570-1ac7-0ec0-ab8d-deb45230dfbd,626.29,2026-08-24T20:54:07,False,,
68c2094d-b8b8-18cf-be15-3187b783e1d5,8dfa6a56-d12d-bc9a-aaf9-15310200b1f0,ae340454-cac5-b68c-28f4-9481a0a04dc4,326.68,2026-08-24T21:42:48,False,,
1fa7cddf-25e6-d919-ddeb-cd5cb8427379,a53f8a28-abf3-e3fc-2181-3d25655238a6,3c19e71d-1184-05ad-9e11-d2cd0930aef6,1927.37,2026-08-24T22:22:23,False,,
4748b576-fe3a-4f96-2306-81aadd500d6b,f2e9702d-11e9-cdaa-6e69-81a35d3d9e56,07a0ca6e-0822-e8f3-6c03-1199972a8469,186.23,2026-08-24T22:41:03,False,,
74283491-79c8-42cb-a8d3-110e96bfae6e,1d870966-0710-d430-f071-d87954c63cd8,787f2425-dbcc-c477-09e9-db0adf465290,702.4,2026-08-24T22:55:49,False,,
fecd0ded-1f08-f855-8d85-ddf1c3094f28,ce88cb2d-d4e8-0839-fc3e-058be0f3eab0,a6348e78-4d5c-55c7-b379-cb1ee8cda0cc,1257.07,2026-08-24T22:57:16,False,,
77a7e8b7-5e70-f65f-9280-c5aa8dd4595b,dd2467ac-778e-edb3-693d-ffbc6c6fa611,464c04af-3d3f-3799-a072-95e97c0e8cd8,2326.06,2026-08-24T23:34:38,False,,
f2307c22-30c7-809b-3401-55bdb6ac1c8e,f42d47cc-00d4-af59-7427-3ca3287d06ca,3170f437-a8f7-ef5a-060e-df5b39118497,259.81,2026-08-24T23:43:31,False,,
ee462fcd-a829-907c-d9be-ccff33a315f3,59970043-f3b1-025b-fff9-f5850d557b61,474a493b-3ced-df2d-839f-bc501223b513,834.87,2026-08-24T23:58:51,False,,
a47cacbf-527c-9dea-6324-7e637535ddc2,11b7e948-d0e6-e660-7c69-dee1bb5e4bcf,22f235f2-e11b-868d-bf0d-073d821c1336,521.92,2026-08-24T23:59:19,False,,
77d8b428-3754-a771-aba5-d1c9035c5d03,610461e3-2a25-a888-0f02-bad0e7067ef4,b386f7a4-c991-603f-28c1-3091444d610b,471.89,2026-08-25T00:15:26,False,,
b2904e73-72c5-73e9-58c5-8875a56c0a56,715629ee-e893-be3d-7354-ea6f61607459,e8dd5e5a-1712-fb16-21a4-344fbb7bee03,6308.02,2026-08-25T00:28:14,False,,
ebd2cb71-a35a-e369-66a4-66d494c8a69d,d4a057a7-b0cc-1b3b-9793-b9b413748146,d9178793-a9d3-c2e6-505c-c6869f871ce7,616.15,2026-08-25T00:28:28,False,,
8f942977-b582-ef0c-fd23-36f45b44e6ed,766ecb15-474e-bc19-2ef9-12766c006f61,ab9099a4-35a2-40ae-5af3-05535ec42e08,4377.67,2026-08-25T00:36:46,False,,
1332406f-f8b6-bdee-8373-edf3dec91438,f63fce41-3a9a-ca5e-1761-32ed069f14f1,b02b61c4-a3d7-0628-ece6-6fa2fd5166e6,375.35,2026-08-25T00:44:49,False,,
bb47d3a4-49be-8766-781e-2d352fa1f2bc,7a4c75d4-dc99-e04c-f0e9-8b3b40a26c60,beb79919-3f22-faf8-23be-d01d43cf2fde,785.19,2026-08-25T01:04:00,False,,
b8a1e477-e240-e060-0b20-802fc24f3f4c,464c04af-3d3f-3799-a072-95e97c0e8cd8,7656af72-29d4-beef-3eab-edcbbaa80dd4,1069.53,2026-08-25T01:23:11,False,,
1f0b2be6-6040-4c51-584f-a41ff9f7852c,72bb912d-7da6-7785-b63b-4dc3a559e463,bd1531c8-3764-fbda-3108-d4482f65fafa,450.68,2026-08-25T01:35:18,False,,
22af711f-1b62-8a9d-7536-6b9f320f72c0,92f5df7b-0323-d342-df6a-8f931a432f0a,1e52d770-3f89-7142-fe71-6b1415ce6a66,851.87,2026-08-25T01:39:06,False,,
5a9c0679-2c3d-17e2-6d39-da75aee70ab2,a56c0941-fbf2-4050-a748-dbcfac619e63,3b982ef8-daf6-1a26-146d-3f31fc377a4c,2836.78,2026-08-25T02:01:44,False,,
2bdd0419-feec-0074-f402-8e77108d692f,2053da42-f1af-db65-b289-f2244ac9778d,d58842de-a2bc-372f-7412-b29347294739,6602.55,2026-08-25T03:12:06,False,,
98982e99-fa9f-dbb3-d2b2-cf4b489d3b8a,f2e9702d-11e9-cdaa-6e69-81a35d3d9e56,69ca97d2-7644-14fd-8ae7-69edde8ede0b,1650.13,2026-08-25T03:27:24,False,,
6365fc2a-6793-cb09-6b27-1effe82b5b36,7922bac2-82dc-4c8e-36b5-229aacf5e81e,bcae8081-bdf0-70aa-f0b5-156bb82c9074,109.74,2026-08-25T03:28:52,False,,
698f04f8-6747-d24a-1a46-d536048c8480,f920264c-0763-fcd0-1f15-c7b67c16128d,96fc734d-a003-cd28-ca8f-3653c9af18f8,215.39,2026-08-25T03:28:55,False,,
88575117-6155-4667-2112-507c2cfa55b0,288b78b5-b5b4-53ca-3d42-993ccc9fd334,d4f8fd72-f382-1cfd-c083-b73a473bd358,976.87,2026-08-25T03:29:45,False,,
d4dd1b56-4353-91b2-c728-50c13322c68b,2790cebd-bfdd-c3d9-9ee3-ac2af94d6204,50c187fc-ce17-7b4e-0837-b8a3d261a7ab,7401.34,2026-08-25T03:54:28,False,,
f9299271-b220-58f9-bdb2-fd9e93dc8eea,a56c0941-fbf2-4050-a748-dbcfac619e63,587ef344-6f3f-920c-98b8-e4cc1bc044fc,516.99,2026-08-25T04:00:59,False,,
ff0dd3c2-ac4d-cd33-d515-28af4d25298f,5260001e-eecf-67d2-7491-76f46090d697,14822f53-8201-0c62-f5f5-9b220e8fa8e0,959.09,2026-08-25T04:07:29,False,,
780d90b6-0923-51d9-fedc-eb6584aa6e12,ccc56569-f9e8-a369-2999-b735dd56cc94,3e896c64-e117-dac3-119c-4ea3e1805081,584.49,2026-08-25T04:10:25,False,,
48c6a7ed-06a5-74ec-5422-ea97e32a8787,1497d658-7010-f719-7e69-5d0d8a3c3b5e,e3e9de99-f10c-718b-1eb0-e38a675dd5af,1452.72,2026-08-25T04:20:28,False,,
44ed98e2-8071-4c8a-b64e-26cf3c9ba542,3c19e71d-1184-05ad-9e11-d2cd0930aef6,c1a6423b-9f64-eeed-5c9d-927d84b871bb,3664.73,2026-08-25T04:23:41,False,,
18d2bfd0-5862-2bb4-f9cc-596e37e75948,6e068097-25e9-7977-8d72-48e2951f58d0,b02b61c4-a3d7-0628-ece6-6fa2fd5166e6,817.32,2026-08-25T04:26:47,False,,
625966cc-9696-e833-4728-ddf64532499e,889b78d5-dbfd-d97e-aca2-b148da330aa1,ccf3a171-56dc-8907-ba6c-34ab6712303a,1675.83,2026-08-25T05:16:09,False,,
26755363-ae50-f96e-7760-94f625aa620f,969b6662-0562-8059-568c-c69b1064005c,f63fce41-3a9a-ca5e-1761-32ed069f14f1,540.01,2026-08-25T05:17:31,False,,
63db0dea-ac48-ceaf-2b85-ffb7b29e2126,cd5f4822-6966-08aa-ee49-f329c84a7b28,b02b61c4-a3d7-0628-ece6-6fa2fd5166e6,2076.4,2026-08-25T05:20:51,False,,
df6c0d60-3df7-6a69-bc45-144a3c1fdff0,badcc32a-c159-0f53-8a0f-4efbedcd465e,ccc56569-f9e8-a369-2999-b735dd56cc94,1061.3,2026-08-25T05:22:34,False,,
5a2a83bd-5a0a-e917-690f-1c3c69ff6cc0,aff8754d-1238-d630-743b-65a2dc0f2fcf,770c7798-37cc-863b-f2a0-345990604f62,403.3,2026-08-25T05:31:45,False,,
a89e22f2-40af-bf3f-3df5-19674d8670bd,8dfa6a56-d12d-bc9a-aaf9-15310200b1f0,f16287e4-e9c3-49e0-3602-f8ac10f1bc81,1107.91,2026-08-25T05:43:49,False,,
133ee71e-2fc8-2f4d-ea48-9dae2b99f902,9b49bd26-df57-c59a-8715-a10343dac043,d4aac9a3-3ed8-c56c-da09-dfa052828d80,212.83,2026-08-25T06:08:38,False,,
761c7a2b-5263-f8e0-3c59-69c6a6ea0997,74962764-12a4-def0-c4bb-b7a9d98868dd,f6802cdb-77e4-90c7-1d7b-c313cde22f1c,3197.58,2026-08-25T06:19:38,False,,
93364f7e-83ef-a9f3-a1c7-cc8a04351b64,92f5df7b-0323-d342-df6a-8f931a432f0a,3dc98290-15ea-bb27-30e9-12f2f2b43abf,645.64,2026-08-25T06:20:35,False,,
89c9c0f3-9dcc-91b0-5a0f-df6155718266,4ca9cf07-b1aa-0f6a-2a96-e1e27194eae2,14822f53-8201-0c62-f5f5-9b220e8fa8e0,603.35,2026-08-25T06:21:05,False,,
793daf5a-b35c-9601-417a-f0cb07f2422d,04fc6d82-7d15-4385-52fb-e43b99546eb4,722764e6-8c41-561b-e827-a1b9d4a02e53,315.54,2026-08-25T06:32:10,False,,
bb8141f0-7bc4-d138-ec73-75985711d5fd,439472e6-da58-7e8a-a25d-6b29afffcfd2,ae9bec36-35c7-936c-5b99-62c6e61fecc0,619.71,2026-08-25T06:36:19,False,,
12738a23-5aaa-b32f-ce63-22b6ab05347f,7428a656-b3ee-4d3b-5a10-412954aebd1b,ae340454-cac5-b68c-28f4-9481a0a04dc4,811.51,2026-08-25T06:50:52,False,,
bd22f7fc-a8eb-2ba6-319a-ed6a8d41cb4c,6efb63b1-1b04-9863-7d7d-dbedd284476c,b4a69f3c-8d3a-ed99-711c-21c9bdc14f1f,515.05,2026-08-25T06:55:17,False,,
8a5a4272-5f90-ee57-2472-2a76f7c90c89,2dea9493-0658-663a-698c-206fe1a47e10,d664d264-4c6e-27ff-b9de-7a3a486822b9,2854.64,2026-08-25T07:02:45,False,,
ab965b35-a263-7d77-c186-cbce6334db06,b24445a7-b7e5-8481-31c6-81ec935f2b0a,a0ee89ae-d453-dd32-4b0d-bb418d5288f1,2590.45,2026-08-25T07:13:20,False,,
e0f0fe79-41f7-4651-a033-edad0fdfde19,2095eef6-8ded-f9fb-4bb0-0f20b27c4026,fb16e5db-a6ea-b79e-d21c-82f8cada4f80,1735.72,2026-08-25T08:00:01,False,,
5fbbcda5-a64a-1fe8-b646-e2b17800e27a,3c19e71d-1184-05ad-9e11-d2cd0930aef6,7a4c75d4-dc99-e04c-f0e9-8b3b40a26c60,654.55,2026-08-25T09:15:02,False,,
63fff4b5-866a-0c09-b4cb-22f4e70d8d07,cd5f4822-6966-08aa-ee49-f329c84a7b28,0bbb2599-11ce-5dd2-b45e-d1f03139d32c,1060.79,2026-08-25T10:16:37,False,,
f20b9199-68a5-7ee7-bb6e-0d069211d6cc,0ea2622b-5048-67ba-bf7b-539b0f9aea4b,2f32751e-5738-811d-70c2-903f7a8d03aa,1075.71,2026-08-25T10:27:30,False,,
5f70b951-1038-f676-0df1-172a46f2ff38,5283aac7-bc0a-6a5d-6e99-6e3ee3b137fc,d58842de-a2bc-372f-7412-b29347294739,1944.16,2026-08-25T10:41:48,False,,
c8819065-ba2c-98ce-0b19-f88e9d77a45e,598336e3-75d6-6ed4-eb1f-a9f2d10bd1d0,87e5f0fe-5da8-d6d2-f8b3-8a8be05fb8bc,624.98,2026-08-25T11:00:52,False,,
28c635ff-42c4-0e37-4ac9-8d23c0a5c337,b4fb0eb9-49c1-3de7-3b42-06c5085b15fb,1ff49b78-8946-3e85-759c-de66bacfb3d0,1044.3,2026-08-25T11:13:33,False,,
b35d8adb-6c49-28d4-6042-1eb5ca6beccd,67f48ad5-4d0b-0d1a-91b0-e1d99d9262af,1a2a73ed-562b-0f79-c374-59eef50bea63,2171.84,2026-08-25T11:21:11,False,,
0c6f3051-bc78-8423-87c5-f526011c4544,ce9e1a11-fcbb-4e59-fbdd-cf7c9c96e9ec,12476f57-a5e5-a5ab-aefc-fad8efc89849,746.54,2026-08-25T11:25:57,False,,
7df45531-89ef-698a-ca46-739f53badc3e,1efa2197-7394-988f-847f-d9b4e64d1bcb,9261549d-3d22-5c30-b28f-41defb140bc3,1117.83,2026-08-25T11:26:56,False,,
d7d0dc99-645a-e8ee-c8c6-a8b193b1ee1d,902059e4-ff9a-b5c2-9f04-4aed75523327,f16287e4-e9c3-49e0-3602-f8ac10f1bc81,2559.13,2026-08-25T11:30:07,False,,
517e7f4a-0f85-93c3-44f0-07171d75f901,db52ca58-0500-0bc6-b20d-cb6ef2311f17,e9ff1cae-41c8-ca8c-2a1f-955ad499da99,805.03,2026-08-25T11:41:36,False,,
5da55873-5e85-f364-6426-f2e5b5eae220,f42d47cc-00d4-af59-7427-3ca3287d06ca,7428a656-b3ee-4d3b-5a10-412954aebd1b,2281.28,2026-08-25T11:45:47,False,,
127c22f0-ea74-bb87-24f4-7c357ec59e55,9261549d-3d22-5c30-b28f-41defb140bc3,06cb0fb3-9a1d-e644-815e-f6d13b8faa18,434.25,2026-08-25T11:47:52,False,,
5037e669-8a3a-0129-a9d8-4c4f6ed338be,0b2c782a-6928-8e92-c68a-152fdb23aa8c,1ff49b78-8946-3e85-759c-de66bacfb3d0,3321.54,2026-08-25T11:56:51,False,,
fe5e9b1c-875b-2fe1-e3bb-eeb7640445a1,2095eef6-8ded-f9fb-4bb0-0f20b27c4026,57207246-4223-623b-cc3e-bdde5ad5cf06,1614.55,2026-08-25T12:20:44,False,,
2a57e880-de92-05ea-7eef-09abda143a47,1efa2197-7394-988f-847f-d9b4e64d1bcb,658b2523-6014-1de9-f54a-d0a2e87466d7,565.31,2026-08-25T13:01:44,False,,
21ee0f6c-4086-69bb-4721-194bc8a4ae21,944528c0-0ef8-c2d6-f7fd-564637bb3eec,3a3c8a71-ff57-4e2b-4991-ab9bebc2026f,9540.06,2026-08-25T13:03:43,False,,
a5a7e280-277f-ecc6-196b-58f1ded89c47,75b17a55-d426-2982-e43e-4288a2b5b498,c1a6423b-9f64-eeed-5c9d-927d84b871bb,963.12,2026-08-25T13:24:44,False,,
9ea6ed4a-04ca-d30a-e207-db202f7f2cd7,6b8e869f-d538-5b0e-34f3-193c0ff0a55c,6dadd6c7-95a7-6d79-bf3c-4c06434308bc,1649.54,2026-08-25T13:29:00,False,,
e11bf0d4-8637-9f04-d9ee-7dc9c7cfeca8,560c95ee-638c-254c-076e-2bba7c5308bf,ce9e1a11-fcbb-4e59-fbdd-cf7c9c96e9ec,1815.37,2026-08-25T14:27:33,False,,
f4382911-44f4-d74f-c629-9ca66d076774,f42d47cc-00d4-af59-7427-3ca3287d06ca,22bd3388-6db9-9102-a48b-3dbe157d94a1,2568.04,2026-08-25T14:39:07,False,,
b2a0f851-2121-cc4f-425c-a2e38682d62f,dabac50d-ca3d-d859-c5ce-099c46b82659,654821d0-7fcd-9eb1-a7ca-d415366eb16f,633.51,2026-08-25T14:40:29,False,,
67b6e467-9432-d797-94f6-c67ad0095507,19675f06-bd76-7e35-f5c9-b0479c10c572,bdd640fb-0667-1ad1-1c80-317fa3b1799d,1599.27,2026-08-25T14:54:20,False,,
cea82b7a-1ad4-ac13-5040-89fa890d58e5,badcc32a-c159-0f53-8a0f-4efbedcd465e,d4a057a7-b0cc-1b3b-9793-b9b413748146,1871.52,2026-08-25T15:13:35,False,,
3499a783-9b47-1e77-7133-5445d695847a,1e52d770-3f89-7142-fe71-6b1415ce6a66,f1578470-0182-67c4-7a1b-58066160a6b4,2689.38,2026-08-25T15:20:58,False,,
1b63205f-cbf8-5149-b6da-99cdd14b256c,85d51695-90b2-b633-956b-8c0ca8499b92,3b982ef8-daf6-1a26-146d-3f31fc377a4c,6598.24,2026-08-25T15:48:15,False,,
62524390-52a3-069d-4906-9da96d3b867c,3c19e71d-1184-05ad-9e11-d2cd0930aef6,e2817efd-ae84-9217-1d53-434bb88139b9,1492.27,2026-08-25T16:07:42,False,,
ce64debe-20e7-118a-cf8d-a52b05e3d107,d865d69a-74f3-3103-4006-6ff2b0b862ef,ef8c485b-c07a-30f2-edd4-253b50f0fd0a,3531.9,2026-08-25T16:47:05,False,,
3e9aec86-0325-4fbd-dce8-e1c5dbd30aec,122c9a56-01d7-4256-3860-2ab696a402f2,db20a56e-dc81-5fe7-ceda-8bbb71710434,821.67,2026-08-25T16:49:26,False,,
66ae192a-d08c-1e18-b4a5-f712a74b151c,ce7ae7f6-3982-0cff-4f77-a665ac3c5640,7922bac2-82dc-4c8e-36b5-229aacf5e81e,1533.12,2026-08-25T16:53:00,False,,
9b72a9fe-669e-098d-63e7-3896c784ef4b,db52ca58-0500-0bc6-b20d-cb6ef2311f17,7428a656-b3ee-4d3b-5a10-412954aebd1b,100.0,2026-08-25T17:21:08,False,,
9297eaac-fcc2-ed18-92ae-f13c963bd564,3170f437-a8f7-ef5a-060e-df5b39118497,bdd640fb-0667-1ad1-1c80-317fa3b1799d,2850.66,2026-08-25T17:54:00,False,,
09a3e57e-2c5b-2eb0-303d-a2528c486219,3e3707dc-84d9-92ec-ea3c-2de7f2203acf,c0b4283a-acdb-425c-cff4-40eb073024e4,50000.0,2026-08-25T18:15:00,True,pass_through,C_PASSTHROUGH_1
8de0b52a-c2d0-af1f-43eb-756f0b62192a,c0b4283a-acdb-425c-cff4-40eb073024e4,65aa6c06-5d43-3dc2-cb11-5be6227cc456,45000.0,2026-08-25T18:23:32,True,pass_through,C_PASSTHROUGH_1
b6f957dc-ab6d-a9ab-0604-f4e77e029b3f,faf14ff0-7b85-179a-d5b0-77e06a5d932b,77097749-527e-ecfa-a79a-c9aa9b4e2c24,744.62,2026-08-25T18:28:50,False,,
141283fb-e3be-f3d6-726a-030dbc8cfa8f,a9597663-6daa-2e68-8861-fe1858e25888,dabac50d-ca3d-d859-c5ce-099c46b82659,323.07,2026-08-25T18:42:39,False,,
9342a09f-b00a-c64c-949c-d8d48ed8a80d,288b78b5-b5b4-53ca-3d42-993ccc9fd334,3e6dd58b-7367-c28d-e1b2-94de4767d76c,1228.46,2026-08-25T18:58:51,False,,
2ab8bd33-911f-730b-dbff-00b07fe670f3,464c04af-3d3f-3799-a072-95e97c0e8cd8,7b3a4e3e-7c52-fa17-680a-c07a2a935d62,402.41,2026-08-25T19:06:14,False,,
94dc4c97-c891-4d99-8218-3bb9bdf68eb0,0964fbbf-8cd3-21b0-c2b0-1cfdd045dd1c,ff5e9ff0-ff50-bde4-3825-67b85cabcc97,637.35,2026-08-25T19:07:14,False,,
753057b9-2950-26e5-e9c7-eb29d9add9e0,3e83b91f-2544-0fe0-6e41-7d475ff595ea,8f5486b7-c7b5-b2bc-5a8a-aeca1a50aec3,1895.27,2026-08-25T19:44:56,False,,
7f2632df-21c2-0510-b6b2-b13cb79f0581,7b3a4e3e-7c52-fa17-680a-c07a2a935d62,fcf56188-d32e-6dcd-83bc-9478dd6ac7b8,4690.34,2026-08-25T20:11:00,False,,
505c7527-dc57-546d-8c3d-031ab3952193,83f4a9a9-48a6-39d0-15b5-2908a8aa7158,ae340454-cac5-b68c-28f4-9481a0a04dc4,4635.82,2026-08-25T20:51:59,False,,
1cfa78a2-d517-fa40-ed23-379513131048,f84f16b3-a79f-bfaf-def5-768968f45bce,c29cfc0c-fa02-eaec-96ef-2ad6b97e6703,970.0,2026-08-25T20:53:04,False,,
d5b211a9-9dec-2b83-3885-8f7e2f1a25a8,2260e70f-e0cc-edc5-f05d-b76e1a84a51a,46d483f3-d450-281c-6c6f-7633a2607723,468.79,2026-08-25T21:10:01,False,,
b510561a-683d-ef14-6cac-f6d9c8bc1c88,c2a79689-1933-918c-fa74-57616f18c108,a6348e78-4d5c-55c7-b379-cb1ee8cda0cc,1620.83,2026-08-25T21:12:14,False,,
65c2e80d-dd8f-3007-2637-49ecf394c60d,a2a9d4d8-102e-fde5-a5cc-8bf738ab854c,4ab7706e-b773-50ca-eec2-59dc7f95897c,431.27,2026-08-25T21:16:37,False,,
4242fc5c-866b-329a-b877-e049b52f5e0d,770c7798-37cc-863b-f2a0-345990604f62,859131d2-bbda-0242-2d17-4fc96f7c15ea,2707.92,2026-08-25T21:27:00,False,,
5097621a-b01c-ad4e-b4f1-7ca912f776d1,f1533ae8-670a-cc5c-b321-bf214dd8eb85,ff5e9ff0-ff50-bde4-3825-67b85cabcc97,570.34,2026-08-25T21:30:24,False,,
7497375c-366f-bddd-b1c8-d50a1e390f21,0e5dd462-cbd0-0ef2-530a-37df0bc61066,57207246-4223-623b-cc3e-bdde5ad5cf06,327.13,2026-08-25T21:54:15,False,,
40c56cf6-e895-6041-1e71-afa97815c7df,2053da42-f1af-db65-b289-f2244ac9778d,610461e3-2a25-a888-0f02-bad0e7067ef4,3543.0,2026-08-25T22:14:47,False,,
8e7d3f5a-4773-e66a-6db2-b0200a670143,f42d47cc-00d4-af59-7427-3ca3287d06ca,8ae8905b-54b4-a482-6858-6eba6a34c854,719.83,2026-08-25T22:40:29,False,,
b56110f6-4fd3-ca88-f1c2-fa18c2af56a6,4ca9cf07-b1aa-0f6a-2a96-e1e27194eae2,a0ee89ae-d453-dd32-4b0d-bb418d5288f1,919.76,2026-08-25T22:46:07,False,,
14d8e0e6-bbaa-6e4a-fe25-371bbd5bfece,ff233d5f-6ced-d15d-5800-7c0287ea7ff5,988c24c9-61b1-cd22-6280-1c4510435a10,1067.93,2026-08-25T23:21:20,False,,
2fb2a0d7-e47c-a3af-ff26-cb585656511d,9ef2b93e-30ac-7d7b-a2f9-63a33810ae66,a0ee89ae-d453-dd32-4b0d-bb418d5288f1,1217.26,2026-08-25T23:25:31,False,,
05eee1d4-7f53-a88e-4efc-8248e10b1a47,4fdc6e1b-edcb-8cb6-0692-dc639424aed5,75b17a55-d426-2982-e43e-4288a2b5b498,320.26,2026-08-25T23:41:52,False,,
48a05e4f-b064-672a-394a-6d319b428238,e3e9de99-f10c-718b-1eb0-e38a675dd5af,12476f57-a5e5-a5ab-aefc-fad8efc89849,788.83,2026-08-25T23:53:31,False,,
6c1fb2fc-e77d-9bec-635b-729ceb2ae08b,3e83b91f-2544-0fe0-6e41-7d475ff595ea,57207246-4223-623b-cc3e-bdde5ad5cf06,1802.08,2026-08-25T23:53:54,False,,
6766d37b-6fa1-79a5-7a67-58707d9d2b3b,db946570-1ac7-0ec0-ab8d-deb45230dfbd,ff5e9ff0-ff50-bde4-3825-67b85cabcc97,1399.4,2026-08-26T00:27:52,False,,
ed37c2ce-0ce8-7570-b4d6-f3e61aa90d26,7a4c75d4-dc99-e04c-f0e9-8b3b40a26c60,654821d0-7fcd-9eb1-a7ca-d415366eb16f,1494.91,2026-08-26T00:28:11,False,,
2999bbef-518b-2f21-9cf2-0859ee6e2e72,8dfa6a56-d12d-bc9a-aaf9-15310200b1f0,c521bf2d-dc45-d539-c03f-3538e4855aa1,1475.84,2026-08-26T00:36:27,False,,
e47a7b03-768a-e6fb-ef77-51240911e215,1efa2197-7394-988f-847f-d9b4e64d1bcb,a3917c99-4c95-5f6a-966b-1964fcd6bdca,455.78,2026-08-26T00:38:05,False,,
e0827f76-11a5-29b4-66a3-02d6f43e8c48,78b2b549-3bdb-c09e-acc2-16a01bbc91f7,db20a56e-dc81-5fe7-ceda-8bbb71710434,983.62,2026-08-26T00:55:13,False,,
4a8abb17-309a-083a-0c9e-a060f66c7331,faf14ff0-7b85-179a-d5b0-77e06a5d932b,f16287e4-e9c3-49e0-3602-f8ac10f1bc81,909.71,2026-08-26T01:19:52,False,,
75992b0a-095b-81d6-b97d-76173487246c,1497d658-7010-f719-7e69-5d0d8a3c3b5e,8b8148f6-b38a-088c-a65e-d389b74d0fb1,1757.09,2026-08-26T01:21:15,False,,
b1a50a3d-cebd-3b2b-9cfb-bce7e8f2c584,faf14ff0-7b85-179a-d5b0-77e06a5d932b,0c0fd195-c17a-f08a-1745-d6d87e570ddf,304.77,2026-08-26T01:53:39,False,,
f8ef6c71-2b9f-ff6a-e666-a9b49e5364dc,560c95ee-638c-254c-076e-2bba7c5308bf,12476f57-a5e5-a5ab-aefc-fad8efc89849,478.91,2026-08-26T02:08:11,False,,
4ccf0a4b-7c93-243e-c90b-945450d3802d,8e485223-46b9-8991-e14e-b70db380c73a,1dad09b2-52c2-1221-409d-360250843242,2795.25,2026-08-26T02:21:24,False,,
094a8492-d88d-11dd-321a-3244cf6579ec,2f32751e-5738-811d-70c2-903f7a8d03aa,7656af72-29d4-beef-3eab-edcbbaa80dd4,526.28,2026-08-26T02:32:47,False,,
0d2dba72-3b06-dd82-7fab-9b071e307f10,83f4a9a9-48a6-39d0-15b5-2908a8aa7158,9e8fc965-0a2c-827e-9832-685694340a03,1463.66,2026-08-26T02:38:10,False,,
66d29752-5097-0843-569b-111f15b4066e,336749b5-2cf6-bf75-6a5e-6920bf5ae7e6,07a0ca6e-0822-e8f3-6c03-1199972a8469,1003.97,2026-08-26T02:45:17,False,,
6c814f55-9906-d534-438f-9d83474d3a1a,1497d658-7010-f719-7e69-5d0d8a3c3b5e,d58842de-a2bc-372f-7412-b29347294739,1039.9,2026-08-26T03:07:52,False,,
205d8635-cc87-858c-3b57-45dfe0345e68,6e068097-25e9-7977-8d72-48e2951f58d0,3dc98290-15ea-bb27-30e9-12f2f2b43abf,975.78,2026-08-26T03:27:38,False,,
452a2da7-0e00-583d-15ac-37f00de9a283,9b1bc895-2af4-3ab7-5e6f-ea07c4536f1d,ae340454-cac5-b68c-28f4-9481a0a04dc4,961.74,2026-08-26T03:31:24,False,,
e6ffee2a-e37b-8f84-9351-240fa093ca68,d52721e7-19bc-143e-fb02-bebb48729a4d,382c043f-7cfc-9b79-3875-394ce5d6f6e6,1408.39,2026-08-26T04:10:46,False,,
83239ba9-771a-d3fe-0a88-57a5957e8c66,7337c599-7984-4388-dc8a-ee30be6033f7,f7860b50-11c5-8ef0-dd46-3c09475287aa,249.91,2026-08-26T04:28:11,False,,
a46d4b51-6d30-0e33-5d8c-4feac82e27a3,f2e9702d-11e9-cdaa-6e69-81a35d3d9e56,07a0ca6e-0822-e8f3-6c03-1199972a8469,289.94,2026-08-26T04:45:49,False,,
6ecf1ed2-1861-c9f3-9e44-e98cb359390e,6105716b-ab0e-664e-9c3e-b2d591e1aa96,beb79919-3f22-faf8-23be-d01d43cf2fde,2324.79,2026-08-26T04:47:41,False,,
14348f62-6cac-028c-ba22-006515260718,8a14be62-295b-4715-c333-e8615fb8d16c,0b2c782a-6928-8e92-c68a-152fdb23aa8c,778.43,2026-08-26T05:00:00,False,,
62a50eec-881a-f04f-3b23-feedb9a4de2b,f42d47cc-00d4-af59-7427-3ca3287d06ca,9e8fc965-0a2c-827e-9832-685694340a03,1125.62,2026-08-26T05:14:39,False,,
d66ec576-b7e6-2b4d-93d5-326f9b032c39,7337c599-7984-4388-dc8a-ee30be6033f7,dd81b7f5-7d59-11c6-a8f1-e091ffb8102d,1497.14,2026-08-26T05:26:35,False,,
b34e356a-c95b-61f8-032a-461adf9b7c1f,9b1bc895-2af4-3ab7-5e6f-ea07c4536f1d,e2817efd-ae84-9217-1d53-434bb88139b9,1061.36,2026-08-26T05:28:50,False,,
65333140-1b49-3710-38de-44f1973d1855,246998e8-d39e-198b-4400-7d5ae88da719,50c187fc-ce17-7b4e-0837-b8a3d261a7ab,2786.64,2026-08-26T05:33:15,False,,
f97c6c3c-755d-814b-5f5b-a255e5449887,9f4c3b79-fb10-987f-20ac-3703eb67146a,beb79919-3f22-faf8-23be-d01d43cf2fde,1804.43,2026-08-26T05:33:48,False,,
ae4d8a19-e2c2-aa24-66e9-a80e6b579789,5e5ba13d-746c-db77-1fa3-82e8895ccd99,1ff49b78-8946-3e85-759c-de66bacfb3d0,5648.34,2026-08-26T05:35:08,False,,
4b26f0a3-33b1-cca4-774d-34f5caf07226,6232b17a-2507-4181-8d1f-b54074eff545,6efb63b1-1b04-9863-7d7d-dbedd284476c,795.02,2026-08-26T05:47:03,False,,
812fdd98-b777-6609-db57-6a7fc8ecb641,9549c931-e9af-299d-7f67-1eec3da70577,bd1531c8-3764-fbda-3108-d4482f65fafa,595.99,2026-08-26T05:54:26,False,,
6ef735aa-1f7a-63af-9cc4-1ca3d58c449e,6f962882-95d8-2980-ff37-d19c2e76128b,513a7052-986f-9025-8f15-ba58fce68504,7340.71,2026-08-26T05:56:04,False,,
e7e399b8-518d-a488-7d57-04df060072c3,9326dffd-5be4-bf51-9269-869861a11729,e2817efd-ae84-9217-1d53-434bb88139b9,356.9,2026-08-26T06:20:48,False,,
9933ca27-a0e8-5f89-c58b-61611a44cb3b,fbe33b24-3eae-0032-0bd4-a9900640be0f,7656af72-29d4-beef-3eab-edcbbaa80dd4,185.2,2026-08-26T06:33:59,False,,
0f9240e1-07f9-7d05-f6ca-6b8ba4b1f991,8a14be62-295b-4715-c333-e8615fb8d16c,9b1bc895-2af4-3ab7-5e6f-ea07c4536f1d,398.29,2026-08-26T07:32:04,False,,
935e2c27-5485-60db-6208-c875c41c233d,f96b648a-0ba6-eab9-4639-447b2067bdac,b4fb0eb9-49c1-3de7-3b42-06c5085b15fb,508.19,2026-08-26T08:32:39,False,,
afe2a940-0b45-8c23-eead-a90c4f9c78bf,ef8c485b-c07a-30f2-edd4-253b50f0fd0a,e7c99b26-1141-25c6-3a9b-edd40f1259e0,631.3,2026-08-26T08:34:33,False,,
25f06b0a-264e-f59d-6a18-e5af1cce08e9,d664d264-4c6e-27ff-b9de-7a3a486822b9,d58842de-a2bc-372f-7412-b29347294739,138.73,2026-08-26T08:49:43,False,,
35b80aae-82b6-0c8e-89c8-18d79b2e18c0,dd750e98-90e0-b95f-0212-b554464458b4,0bbb2599-11ce-5dd2-b45e-d1f03139d32c,7002.99,2026-08-26T08:57:01,False,,
49694032-5808-d790-22e4-9628d913057d,80962718-2051-acef-097a-1e10f6febc0e,4ab7706e-b773-50ca-eec2-59dc7f95897c,3130.69,2026-08-26T09:42:27,False,,
d6e38103-5df7-0cc1-133b-385e2cc09f87,9326dffd-5be4-bf51-9269-869861a11729,3170f437-a8f7-ef5a-060e-df5b39118497,1482.95,2026-08-26T09:56:26,False,,
5f6f83c5-539b-4d73-1397-df7e0a677292,f36cb62b-892e-6161-be2d-740a1e9b23bc,ab9099a4-35a2-40ae-5af3-05535ec42e08,351.13,2026-08-26T09:59:24,False,,
23ee4016-3234-15b1-64e1-934097f5d628,e4429ebb-da7b-9095-63d6-2a39c0e3befd,9b1bc895-2af4-3ab7-5e6f-ea07c4536f1d,8000.63,2026-08-26T10:01:14,False,,
d5bccd83-bb85-3c91-9ae5-fbbc0f657cc9,d4a057a7-b0cc-1b3b-9793-b9b413748146,b02b61c4-a3d7-0628-ece6-6fa2fd5166e6,1419.06,2026-08-26T10:10:45,False,,
56ea57b3-beed-10b6-4f6e-274bdedab027,0ea2622b-5048-67ba-bf7b-539b0f9aea4b,3b982ef8-daf6-1a26-146d-3f31fc377a4c,1546.3,2026-08-26T10:27:38,False,,
a9d500dd-2140-8672-23b9-7f36c0793f64,2790cebd-bfdd-c3d9-9ee3-ac2af94d6204,c4b032cc-d7c5-24a5-5304-317faf42e12f,1620.46,2026-08-26T10:36:13,False,,
aa0be687-5d12-4a22-33d9-014fbdcaf089,969b6662-0562-8059-568c-c69b1064005c,f7860b50-11c5-8ef0-dd46-3c09475287aa,1381.19,2026-08-26T10:38:31,False,,
53ab3cce-264a-e04f-909e-21ba8a38d5aa,766ecb15-474e-bc19-2ef9-12766c006f61,b24445a7-b7e5-8481-31c6-81ec935f2b0a,996.19,2026-08-26T10:57:03,False,,
02d3fb7e-84be-7e1c-5e5f-feaa0eb54078,bb026576-f512-c4c3-b253-d2186c4a37ea,770c7798-37cc-863b-f2a0-345990604f62,2160.13,2026-08-26T10:57:54,False,,
356d9896-2f50-f0fb-e958-c74502bb657d,a3917c99-4c95-5f6a-966b-1964fcd6bdca,bdd640fb-0667-1ad1-1c80-317fa3b1799d,1779.12,2026-08-26T11:03:23,False,,
1d061735-5cce-e873-19a1-a2d1da007c08,7a4c75d4-dc99-e04c-f0e9-8b3b40a26c60,50c187fc-ce17-7b4e-0837-b8a3d261a7ab,2575.96,2026-08-26T11:36:58,False,,
2baeafc7-6e52-b671-bba8-a7e549d0aac1,907bfe36-9786-48f8-64de-82e6e82c7d7b,f16287e4-e9c3-49e0-3602-f8ac10f1bc81,1395.14,2026-08-26T11:37:30,False,,
1b3851ad-8b21-cf12-a284-598a5e48245a,d865d69a-74f3-3103-4006-6ff2b0b862ef,0a4c9f7f-9384-ec2b-44fe-acaed248a9a7,460.22,2026-08-26T11:52:24,False,,
e5ae288f-5942-3395-03d3-01cf19a12723,b4a69f3c-8d3a-ed99-711c-21c9bdc14f1f,cf36d58b-4737-8190-96da-1dac72ff5d2a,553.01,2026-08-26T11:54:27,False,,
998de3d8-3cf2-9ade-171a-8b65e272d7ca,41357e8c-30a9-00ad-939b-462de645f129,12476f57-a5e5-a5ab-aefc-fad8efc89849,3312.72,2026-08-26T11:58:20,False,,
ead08c89-13fe-8a29-5c9d-eee0b42a0456,d6d7b3b8-3309-4d35-3f4d-f561f319c125,7656af72-29d4-beef-3eab-edcbbaa80dd4,701.69,2026-08-26T12:15:34,False,,
cb7b0b3a-8b2d-158a-cd5a-e324fe7c80e9,82ec9f2d-fbf6-e16f-9b30-80d56fb78271,f16287e4-e9c3-49e0-3602-f8ac10f1bc81,292.88,2026-08-26T12:37:04,False,,
5dc96097-0c90-e028-4185-300d971df5fd,715629ee-e893-be3d-7354-ea6f61607459,beb79919-3f22-faf8-23be-d01d43cf2fde,5799.2,2026-08-26T12:37:34,False,,
cd4f75e6-448f-3dbc-0f8a-ce7c1084061b,eededb07-e623-a689-5d59-cd2a4eea04e7,3e896c64-e117-dac3-119c-4ea3e1805081,833.81,2026-08-26T12:37:36,False,,
8ddce719-81f3-8dd4-fd03-4adac9525185,72bb912d-7da6-7785-b63b-4dc3a559e463,eb6c1016-cee6-24d0-9dac-6e8345241ea6,2888.94,2026-08-26T12:54:13,False,,
2dcc4095-f28f-9444-a015-4d6591ed554a,398d1ca6-8b68-70b5-1d61-fac36cd5e859,82ec9f2d-fbf6-e16f-9b30-80d56fb78271,1840.25,2026-08-26T13:03:29,False,,
b45c9a54-5fa3-a531-1291-6e60f5e72daf,0e5dd462-cbd0-0ef2-530a-37df0bc61066,0bbb2599-11ce-5dd2-b45e-d1f03139d32c,377.05,2026-08-26T13:10:40,False,,
5ca0c428-822c-4d32-6c64-5c15aba301cb,acdabacc-1165-e210-9854-3881118a9d29,f16287e4-e9c3-49e0-3602-f8ac10f1bc81,2991.51,2026-08-26T13:17:33,False,,
478817ec-c764-032e-c026-27d1fbd1b0c0,78b2b549-3bdb-c09e-acc2-16a01bbc91f7,4ca9cf07-b1aa-0f6a-2a96-e1e27194eae2,740.01,2026-08-26T13:18:35,False,,
659b0105-cb80-f288-446f-64dd5abca6e5,41357e8c-30a9-00ad-939b-462de645f129,80962718-2051-acef-097a-1e10f6febc0e,2571.99,2026-08-26T13:21:56,False,,
3360d115-48b5-1c88-0f63-5f4a2b9a118e,1c8eaee9-5715-bd6f-a416-1293c4c2e2e3,ce777f00-ecf2-7e76-8519-7ff4006ed6e3,2039.93,2026-08-26T13:45:55,False,,
e353a243-594d-e8d7-add7-4b0fe90b3651,f1eedba3-1343-2e61-1ca3-c4480279b6a6,f2e9702d-11e9-cdaa-6e69-81a35d3d9e56,3216.37,2026-08-26T13:53:27,False,,
77dd362b-4a6b-836b-157f-108b86514886,9b49bd26-df57-c59a-8715-a10343dac043,b4fb0eb9-49c1-3de7-3b42-06c5085b15fb,410.56,2026-08-26T14:19:27,False,,
784aee43-11c7-beb2-042a-6bd7a51004b8,766ecb15-474e-bc19-2ef9-12766c006f61,a0ee89ae-d453-dd32-4b0d-bb418d5288f1,100.0,2026-08-26T14:35:52,False,,
6eb194b8-f2d1-235d-d1f9-2f96bd4d28c8,44656d6b-81fb-18b3-c9a7-d91fef2ae713,0a4c9f7f-9384-ec2b-44fe-acaed248a9a7,300.88,2026-08-26T14:49:52,False,,
86423a80-a8c1-2f22-78ea-904d9b6b0992,9261549d-3d22-5c30-b28f-41defb140bc3,c0e9ab30-ed26-62e9-17e0-11b7f8102383,683.97,2026-08-26T14:52:50,False,,
4d183eba-3cd5-fd7f-49c1-0669c6b33fe6,610cf373-4299-9aa4-0cdf-742b2e85cb21,06cb0fb3-9a1d-e644-815e-f6d13b8faa18,2739.15,2026-08-26T14:53:54,False,,
72397201-6768-7c42-b346-89992598bc54,cfa701cd-2631-d00b-26d7-94d30db95301,e2817efd-ae84-9217-1d53-434bb88139b9,630.44,2026-08-26T14:55:18,False,,
f6f32192-72da-dc21-9b7c-d5390ad7d77c,f63fce41-3a9a-ca5e-1761-32ed069f14f1,93b7a886-12f7-0c97-7de3-1a516694c343,404.08,2026-08-26T15:17:39,False,,
d3dc00ee-9203-c5d2-351d-1137d5185b72,913e4de2-e0c5-3cb8-3da9-c2a90ed42f1a,ae9bec36-35c7-936c-5b99-62c6e61fecc0,560.81,2026-08-26T15:20:40,False,,
c01ba459-ec7f-dc2e-fb00-59ff563bf6e0,74962764-12a4-def0-c4bb-b7a9d98868dd,bd1531c8-3764-fbda-3108-d4482f65fafa,3855.09,2026-08-26T15:45:09,False,,
13f39289-4dcc-b05d-d59e-f0fd1204f4d6,766ecb15-474e-bc19-2ef9-12766c006f61,6dadd6c7-95a7-6d79-bf3c-4c06434308bc,587.09,2026-08-26T16:21:14,False,,
4237a5ff-bbb8-90de-a025-e80b42f8bae4,70286046-49bc-473f-ed7b-f656218a1536,bdd640fb-0667-1ad1-1c80-317fa3b1799d,812.54,2026-08-26T16:40:01,False,,
a4ed91b8-4d9e-3b99-590c-3cdc7455767a,c8fe3ccd-c8b8-d9c6-ed30-49cf43e458fc,f96b648a-0ba6-eab9-4639-447b2067bdac,654.3,2026-08-26T17:01:11,False,,
87407d86-fa3a-4705-7f3d-cbf9a0a51b74,9b689c88-3ae9-09fe-cc82-18dac696f5e6,cf36d58b-4737-8190-96da-1dac72ff5d2a,848.8,2026-08-26T17:24:02,False,,
39d26141-c5a4-35cb-05c2-08e0eb056b48,eb6c1016-cee6-24d0-9dac-6e8345241ea6,e2817efd-ae84-9217-1d53-434bb88139b9,597.12,2026-08-26T17:54:29,False,,
cc1c7204-ed5e-749b-49ee-4969030974c0,2e183554-cae2-8e66-ae8a-781390e0a95b,04f64d86-7866-0765-14f7-ce8dd5bcb8d0,701.74,2026-08-26T18:00:35,False,,
cf1d46be-2e0e-343d-1d59-b30807aa2515,7337c599-7984-4388-dc8a-ee30be6033f7,3b982ef8-daf6-1a26-146d-3f31fc377a4c,6066.96,2026-08-26T18:04:30,False,,
4cc1032d-bd16-c038-4ef2-53f57f8fbd67,458f1f19-3c07-c574-4925-7af1b6aae05b,944528c0-0ef8-c2d6-f7fd-564637bb3eec,1544.32,2026-08-26T18:36:57,False,,
c5a8646c-23f5-aea6-0598-1489b087ab0e,dfcaf0b7-19b1-7e80-dea4-ae1754fd9ad3,77097749-527e-ecfa-a79a-c9aa9b4e2c24,1740.93,2026-08-26T18:41:30,False,,
69ce1e4e-19a6-92c9-0d70-0ea43b9b2d45,3170f437-a8f7-ef5a-060e-df5b39118497,1337739e-8d4f-5d27-2c7f-0b793d67cde9,516.08,2026-08-26T18:42:29,False,,
88f4ca54-1584-184b-2cdc-1cc03fa60025,70286046-49bc-473f-ed7b-f656218a1536,3b982ef8-daf6-1a26-146d-3f31fc377a4c,1520.42,2026-08-26T18:58:21,False,,
a8cdf44d-7b74-2440-17db-4c2f1e158e2f,859131d2-bbda-0242-2d17-4fc96f7c15ea,ff5e9ff0-ff50-bde4-3825-67b85cabcc97,967.01,2026-08-26T19:09:38,False,,
7a139e90-6714-272a-d981-5a41e1cc233c,5e781fd7-94e0-d3ba-a9f9-48b24e6384bb,50c187fc-ce17-7b4e-0837-b8a3d261a7ab,688.12,2026-08-26T19:27:16,False,,
34afa2e1-c968-e8ee-4663-f1a104db73f3,6e068097-25e9-7977-8d72-48e2951f58d0,dc322c97-39c1-e262-f76c-8edec1101266,3265.96,2026-08-26T19:39:40,False,,
1d2cec89-cd75-e6de-c19d-5186b3c7a1a8,badcc32a-c159-0f53-8a0f-4efbedcd465e,5e781fd7-94e0-d3ba-a9f9-48b24e6384bb,586.66,2026-08-26T19:56:10,False,,
a4bfa846-660a-3bdb-002a-e6c6863e3610,b24445a7-b7e5-8481-31c6-81ec935f2b0a,654821d0-7fcd-9eb1-a7ca-d415366eb16f,177.58,2026-08-26T19:59:19,False,,
d0d4ea67-7992-8faa-4cbf-131d901bcdef,033d2bce-575a-ed2c-a5c5-650c8186a576,beb79919-3f22-faf8-23be-d01d43cf2fde,1550.68,2026-08-26T20:13:15,False,,
30afe613-9dc4-f583-038e-f7af67ccfa38,7135f221-a6c9-537f-84da-d06a7872bdeb,43e42caf-8181-a8cc-3691-47eb89a2688b,600.52,2026-08-26T20:18:06,False,,
8ffbc222-f51e-d666-6e4a-6daa3a4287f3,8eb22579-0cdb-1ca4-76ec-bdd68498e113,12476f57-a5e5-a5ab-aefc-fad8efc89849,329.24,2026-08-26T20:23:28,False,,
797eb3e4-63db-a8c8-b4a2-b699aefa823b,6651529e-8268-690b-a438-25b559e4b671,6b8e869f-d538-5b0e-34f3-193c0ff0a55c,1321.61,2026-08-26T20:25:54,False,,
6431d4a9-ca1e-f8d9-44ed-bacfd8c42832,70286046-49bc-473f-ed7b-f656218a1536,c29cfc0c-fa02-eaec-96ef-2ad6b97e6703,1218.96,2026-08-26T20:38:38,False,,
6cc55999-72f5-80bd-f420-50e83730bf79,9b49bd26-df57-c59a-8715-a10343dac043,f36cb62b-892e-6161-be2d-740a1e9b23bc,996.79,2026-08-26T20:48:45,False,,
ccc67ffd-5e3e-ce60-9ef6-a99f73b4daf3,7bb38605-da74-3152-627b-41a1ffd6f232,1ff49b78-8946-3e85-759c-de66bacfb3d0,2764.55,2026-08-26T20:49:17,False,,
743480a1-e212-f7e1-8f63-c2bbae411155,1e52d770-3f89-7142-fe71-6b1415ce6a66,580d7b71-d8f5-6413-5be6-128e18c26797,1086.68,2026-08-26T20:55:18,False,,
d6eaf269-514e-1353-2f23-7c4d1e4ea133,87e5f0fe-5da8-d6d2-f8b3-8a8be05fb8bc,1dad09b2-52c2-1221-409d-360250843242,3143.69,2026-08-26T20:56:42,False,,
48d75165-4c98-7a1b-59af-b1d13bdccce0,3c19e71d-1184-05ad-9e11-d2cd0930aef6,50c187fc-ce17-7b4e-0837-b8a3d261a7ab,507.77,2026-08-26T21:19:34,False,,
915aa3c0-7737-cfb5-c3b1-927bc1785e77,0ea2622b-5048-67ba-bf7b-539b0f9aea4b,e2817efd-ae84-9217-1d53-434bb88139b9,8186.2,2026-08-26T21:33:17,False,,
33e1f2af-32cc-ea25-31fd-1e5ef86561ef,8a14be62-295b-4715-c333-e8615fb8d16c,bb026576-f512-c4c3-b253-d2186c4a37ea,976.3,2026-08-26T21:36:52,False,,
f129ed2f-25ec-77e4-a3bd-d4d60a01d8b6,1d870966-0710-d430-f071-d87954c63cd8,77097749-527e-ecfa-a79a-c9aa9b4e2c24,399.52,2026-08-26T21:38:57,False,,
ee5a8856-6791-659c-0661-7f95eba18fa8,8a14be62-295b-4715-c333-e8615fb8d16c,43e42caf-8181-a8cc-3691-47eb89a2688b,571.68,2026-08-26T21:44:20,False,,
3a2516fe-8a27-b0b0-7b4d-864658e0058f,fbe33b24-3eae-0032-0bd4-a9900640be0f,d47d577b-fa5a-91ca-059d-d55d4b943e30,911.51,2026-08-26T21:54:12,False,,
0344edb3-ceed-0ffc-6c21-835dd8e8b97c,6e0d2648-35ce-8841-4973-2d6c4dcabfb7,dc5c0eed-8da0-365b-f898-97b9405cacec,1589.45,2026-08-26T22:02:30,False,,
daf09b92-1da9-c3c5-c798-c498499d5830,246998e8-d39e-198b-4400-7d5ae88da719,b02b61c4-a3d7-0628-ece6-6fa2fd5166e6,5076.45,2026-08-26T22:15:35,False,,
363be5cb-d329-3724-6dfd-171af7d7465d,8bcf53a1-bc10-fa52-bf5d-2fdf89c8d2ab,47229389-571a-a876-6c30-7511b2b9437a,1208.33,2026-08-26T22:38:58,False,,
9d47172c-ab01-f101-7b32-aadb1f41c851,4fdc6e1b-edcb-8cb6-0692-dc639424aed5,7656af72-29d4-beef-3eab-edcbbaa80dd4,7740.0,2026-08-26T22:50:40,False,,
75aaecb0-d757-ad38-1498-d0dd570e5af5,c2a79689-1933-918c-fa74-57616f18c108,f6802cdb-77e4-90c7-1d7b-c313cde22f1c,2101.07,2026-08-26T22:53:05,False,,
abff9286-f0cf-9d73-e812-1ef079c9c839,1337739e-8d4f-5d27-2c7f-0b793d67cde9,0c0fd195-c17a-f08a-1745-d6d87e570ddf,4302.17,2026-08-26T22:53:42,False,,
c4ddfe54-917c-4f11-b81e-d083929614b5,f6f7f0cc-29ec-8e49-d1bd-b8c0c71d5e60,610cf373-4299-9aa4-0cdf-742b2e85cb21,757.47,2026-08-26T23:02:31,False,,
a1ae96a0-c1df-5a89-ecba-0cb1fdb99dc1,8f5486b7-c7b5-b2bc-5a8a-aeca1a50aec3,12476f57-a5e5-a5ab-aefc-fad8efc89849,7805.53,2026-08-26T23:05:52,False,,
44e9f8fb-4838-a888-1a2e-9864f8eaca36,a8b317fa-18d0-752b-1825-bc5430beb45f,eededb07-e623-a689-5d59-cd2a4eea04e7,1354.27,2026-08-26T23:17:09,False,,
2e266519-15f8-7768-1bef-39f177009b2e,7bb38605-da74-3152-627b-41a1ffd6f232,dfcaf0b7-19b1-7e80-dea4-ae1754fd9ad3,794.47,2026-08-26T23:27:18,False,,
042f14df-6ab0-75bd-f09e-64ef8bea6f03,80962718-2051-acef-097a-1e10f6febc0e,dc5c0eed-8da0-365b-f898-97b9405cacec,5236.52,2026-08-26T23:37:13,False,,
b546c5c0-d6de-70c5-2ce4-599df92408c3,8a14be62-295b-4715-c333-e8615fb8d16c,6e068097-25e9-7977-8d72-48e2951f58d0,8736.46,2026-08-26T23:41:20,False,,
ccae58fe-54eb-8e20-af7c-7d2b93d054e4,c8dcd19f-3e35-1128-7900-f7f993829b43,cd5f4822-6966-08aa-ee49-f329c84a7b28,579.55,2026-08-27T00:21:06,False,,
df8db157-03d0-6453-cd40-9bc9fdae2920,f36cb62b-892e-6161-be2d-740a1e9b23bc,db20a56e-dc81-5fe7-ceda-8bbb71710434,625.05,2026-08-27T00:44:19,False,,
84d6b400-105d-d35c-7d12-7b6b87b3d329,d664d264-4c6e-27ff-b9de-7a3a486822b9,0c0fd195-c17a-f08a-1745-d6d87e570ddf,903.56,2026-08-27T00:58:15,False,,
a801f15e-7046-425d-fd47-4d951bd36f41,fb16e5db-a6ea-b79e-d21c-82f8cada4f80,580d7b71-d8f5-6413-5be6-128e18c26797,4878.97,2026-08-27T00:58:59,False,,
1270c935-ecc0-baa6-3ba4-f2ba94500024,e9a1fa6f-81f7-6d1c-2dbc-2134c30ff46e,70286046-49bc-473f-ed7b-f656218a1536,861.58,2026-08-27T01:08:21,False,,
a308f1ea-cf36-7c1b-9a6f-f965db5ed35a,913e4de2-e0c5-3cb8-3da9-c2a90ed42f1a,ce9e1a11-fcbb-4e59-fbdd-cf7c9c96e9ec,152.92,2026-08-27T01:19:57,False,,
69f8d3e4-d06d-3943-c8b3-815e76647043,d865d69a-74f3-3103-4006-6ff2b0b862ef,a0ee89ae-d453-dd32-4b0d-bb418d5288f1,1464.35,2026-08-27T01:36:45,False,,
61652fd3-41dd-dedf-2cfa-a174ba059e68,439472e6-da58-7e8a-a25d-6b29afffcfd2,5e781fd7-94e0-d3ba-a9f9-48b24e6384bb,927.86,2026-08-27T01:52:50,False,,
64cfd9b9-050e-1961-b363-d272d0181ce6,eededb07-e623-a689-5d59-cd2a4eea04e7,3b982ef8-daf6-1a26-146d-3f31fc377a4c,350.13,2026-08-27T02:14:44,False,,
ef2adff8-cea4-f9c4-1eca-df24f0d1fa72,12e89d10-2871-1733-8bed-db12ad77e82f,0c0fd195-c17a-f08a-1745-d6d87e570ddf,767.37,2026-08-27T02:20:15,False,,
c90d35aa-914c-c11c-05f3-0bc59642b052,83f4a9a9-48a6-39d0-15b5-2908a8aa7158,c521bf2d-dc45-d539-c03f-3538e4855aa1,218.42,2026-08-27T02:21:14,False,,
725687c2-0e54-5d51-cc44-5778f86e92d6,1efa2197-7394-988f-847f-d9b4e64d1bcb,0ea2622b-5048-67ba-bf7b-539b0f9aea4b,592.08,2026-08-27T02:29:59,False,,
71594914-b1b6-8ecd-4009-45ce932c3ec9,80962718-2051-acef-097a-1e10f6febc0e,5260001e-eecf-67d2-7491-76f46090d697,14376.64,2026-08-27T02:42:10,False,,
ab9b153d-35f5-c654-10c2-c2e5a07eafb1,11b7e948-d0e6-e660-7c69-dee1bb5e4bcf,e7c99b26-1141-25c6-3a9b-edd40f1259e0,1520.7,2026-08-27T02:47:09,False,,
13d88e04-a6b9-6653-a62b-3d30e070bdb9,0ea2622b-5048-67ba-bf7b-539b0f9aea4b,0c0fd195-c17a-f08a-1745-d6d87e570ddf,993.38,2026-08-27T02:58:06,False,,
c0e5ea1a-1fc4-5171-a6d5-dac6ca41e052,49c8a43f-7ed7-0ed7-b194-990b6961929e,ae340454-cac5-b68c-28f4-9481a0a04dc4,535.49,2026-08-27T03:57:33,False,,
bf9bd810-a17f-2016-c997-5b860ea7c6ed,b4fb0eb9-49c1-3de7-3b42-06c5085b15fb,b4d7e28e-271e-3ee2-b1a6-b1f1620e99d3,829.74,2026-08-27T04:01:01,False,,
2d5e114d-83ea-b8b5-d91b-83781d6faffb,587ef344-6f3f-920c-98b8-e4cc1bc044fc,9549c931-e9af-299d-7f67-1eec3da70577,906.41,2026-08-27T04:23:59,False,,
2ab05af8-87e7-19e2-ff46-d9d3f2794e8b,f7860b50-11c5-8ef0-dd46-3c09475287aa,beb79919-3f22-faf8-23be-d01d43cf2fde,313.44,2026-08-27T04:30:47,False,,
c0953c13-f06b-ffa4-bcc4-f0877a7e8c31,ef8c485b-c07a-30f2-edd4-253b50f0fd0a,aff8754d-1238-d630-743b-65a2dc0f2fcf,2081.5,2026-08-27T04:43:08,False,,
a8c9aa31-a05f-f5e6-c534-6e4176d6dc39,eb6c1016-cee6-24d0-9dac-6e8345241ea6,1a2a73ed-562b-0f79-c374-59eef50bea63,6640.49,2026-08-27T04:49:21,False,,
a97431db-09a9-d1c1-86ca-c6f4e238fe93,148f8b74-a65b-b1f2-65c1-7795b15516bc,70286046-49bc-473f-ed7b-f656218a1536,1574.03,2026-08-27T04:52:42,False,,
e2aa7a5d-278e-d00d-ba02-66efbe055787,22bd3388-6db9-9102-a48b-3dbe157d94a1,c4b032cc-d7c5-24a5-5304-317faf42e12f,2095.8,2026-08-27T05:22:11,False,,
1bf2235c-5987-e1e6-3c15-17fc99bf88ed,0964fbbf-8cd3-21b0-c2b0-1cfdd045dd1c,1a3d1fa7-bc89-60a9-23b8-c1e9392456de,1265.15,2026-08-27T05:39:35,False,,
d5916d49-f707-3712-88b0-4b777feb4cf3,980402a2-b07a-a066-7354-35ea68949b8d,ce7ae7f6-3982-0cff-4f77-a665ac3c5640,549.0,2026-08-27T05:47:19,False,,
ca5e151b-23d3-cd4c-bd5f-f093c16f9bcc,2d06e8cf-3805-f907-6cd6-6193c7468f59,3b982ef8-daf6-1a26-146d-3f31fc377a4c,1644.15,2026-08-27T05:48:03,False,,
9a73cd2f-4f05-495e-7832-b59c25bc99ae,dabac50d-ca3d-d859-c5ce-099c46b82659,8da01097-be0f-051b-1b66-b5a9e3c43657,1998.05,2026-08-27T06:28:41,False,,
d7131c2e-2001-965b-66f8-9b87fccc1a7d,c2a79689-1933-918c-fa74-57616f18c108,f7860b50-11c5-8ef0-dd46-3c09475287aa,1044.56,2026-08-27T06:53:29,False,,
9693ffd8-bc62-32e3-1876-66ec26df7b57,7a4c75d4-dc99-e04c-f0e9-8b3b40a26c60,9b689c88-3ae9-09fe-cc82-18dac696f5e6,585.98,2026-08-27T07:07:25,False,,
0e61065f-171b-1b80-09b7-fdf77d8d3ddd,8a14be62-295b-4715-c333-e8615fb8d16c,f1eedba3-1343-2e61-1ca3-c4480279b6a6,1102.4,2026-08-27T07:37:15,False,,
6b56b091-665c-9da5-be16-064069a31ab6,eb6c1016-cee6-24d0-9dac-6e8345241ea6,464c04af-3d3f-3799-a072-95e97c0e8cd8,2561.05,2026-08-27T07:43:10,False,,
9d94813f-09e2-18a7-6504-95b5923278bf,8a14be62-295b-4715-c333-e8615fb8d16c,76f2dbfe-cd29-a36f-2222-82e174daaebf,1921.61,2026-08-27T08:24:47,False,,
d9b59f84-edc3-a1c3-2dea-2d2d086c405f,f264accc-79ac-1b1e-a8e5-6e0c20de435d,398d1ca6-8b68-70b5-1d61-fac36cd5e859,682.02,2026-08-27T08:40:35,False,,
482702f0-4caa-568b-c523-b4e9022f46bb,dd750e98-90e0-b95f-0212-b554464458b4,580d7b71-d8f5-6413-5be6-128e18c26797,935.86,2026-08-27T08:47:14,False,,
d47ffd35-751a-5b9a-f99f-5c063a24de17,3e896c64-e117-dac3-119c-4ea3e1805081,e3e9de99-f10c-718b-1eb0-e38a675dd5af,907.67,2026-08-27T09:00:44,False,,
056de195-1f81-e097-8b2a-3730a0a2e9bd,0a4c9f7f-9384-ec2b-44fe-acaed248a9a7,d9178793-a9d3-c2e6-505c-c6869f871ce7,15000.0,2026-08-27T09:15:15,False,,
5b619ebe-d03c-9c2c-bc37-49b1b48b9a8c,2dea9493-0658-663a-698c-206fe1a47e10,6efb63b1-1b04-9863-7d7d-dbedd284476c,2878.0,2026-08-27T09:23:37,False,,
067965ab-61e5-48ca-9261-14b7142a6f47,9b689c88-3ae9-09fe-cc82-18dac696f5e6,6502d6a2-ca6a-2224-171e-16cc5da36f1b,1528.41,2026-08-27T09:25:27,False,,
af5a01cc-d851-95ac-d3aa-9b2750f32ab5,a7f36ae9-25c7-3c44-3e75-c3b4664fa663,988c24c9-61b1-cd22-6280-1c4510435a10,2653.57,2026-08-27T09:28:14,False,,
9d2f5a3e-a7b4-f9c8-31b5-efb0da42698b,ad64b56c-610f-aa3f-f0bb-ac67aa38d0a1,78b2b549-3bdb-c09e-acc2-16a01bbc91f7,1817.96,2026-08-27T09:54:11,False,,
b28d7506-7130-5648-a6eb-e7029e418884,715629ee-e893-be3d-7354-ea6f61607459,0c0fd195-c17a-f08a-1745-d6d87e570ddf,1937.17,2026-08-27T10:18:05,False,,
3f5cf2f3-3acb-43a3-d2c7-bffb6118433b,610cf373-4299-9aa4-0cdf-742b2e85cb21,8e485223-46b9-8991-e14e-b70db380c73a,3145.73,2026-08-27T10:19:29,False,,
e9f407ee-e932-0c6a-04aa-8f68b9ae4292,336749b5-2cf6-bf75-6a5e-6920bf5ae7e6,580d7b71-d8f5-6413-5be6-128e18c26797,380.35,2026-08-27T11:19:32,False,,
9ce85b7d-0761-dc0c-5e99-c56809c70e3d,61985d54-cfb8-7e6f-e9d6-8f23b489d070,06cb0fb3-9a1d-e644-815e-f6d13b8faa18,2458.05,2026-08-27T11:39:19,False,,
591c228f-3754-c5ec-60a7-8c2099d76c9c,dabac50d-ca3d-d859-c5ce-099c46b82659,a319dcb4-217d-65a0-c568-11cd5563f616,285.44,2026-08-27T12:14:11,False,,
795235ad-4ba9-9d78-b498-75d0a5b1c799,11b7e948-d0e6-e660-7c69-dee1bb5e4bcf,2d06e8cf-3805-f907-6cd6-6193c7468f59,796.04,2026-08-27T12:18:20,False,,
91724023-09b1-85d6-fa6d-81ee0890f506,c29cfc0c-fa02-eaec-96ef-2ad6b97e6703,458f1f19-3c07-c574-4925-7af1b6aae05b,484.47,2026-08-27T12:19:47,False,,
0660a3e9-736d-417c-52ce-55e369df05c7,e9a1fa6f-81f7-6d1c-2dbc-2134c30ff46e,e4429ebb-da7b-9095-63d6-2a39c0e3befd,3077.41,2026-08-27T12:36:37,False,,
fd85d7fa-8ac9-7b01-e3ad-64d4eab9eb02,033d2bce-575a-ed2c-a5c5-650c8186a576,eededb07-e623-a689-5d59-cd2a4eea04e7,1361.66,2026-08-27T12:46:21,False,,
eeb19ad2-01a1-fb0f-268b-84b63ec0a285,4ab7706e-b773-50ca-eec2-59dc7f95897c,0c0fd195-c17a-f08a-1745-d6d87e570ddf,1372.09,2026-08-27T12:47:15,False,,
badfc7a8-aeaf-3951-2f70-1b325738db52,3e83b91f-2544-0fe0-6e41-7d475ff595ea,27a0c3d7-7c96-7f79-b7e9-9acaa97065e1,2982.69,2026-08-27T12:48:46,False,,
00252855-35ea-ede0-ea83-a56bfd8c93df,f36cb62b-892e-6161-be2d-740a1e9b23bc,ce777f00-ecf2-7e76-8519-7ff4006ed6e3,2577.37,2026-08-27T13:21:59,False,,
6f7b93e7-1e19-f010-4bf7-e012025ec446,22bd3388-6db9-9102-a48b-3dbe157d94a1,382c043f-7cfc-9b79-3875-394ce5d6f6e6,558.26,2026-08-27T13:24:01,False,,
a9d06567-c1e1-58aa-ec96-af2754614433,dfcaf0b7-19b1-7e80-dea4-ae1754fd9ad3,c1a6423b-9f64-eeed-5c9d-927d84b871bb,207.99,2026-08-27T13:24:10,False,,
ffa72ae1-1139-dd0f-8185-ca8490fc59ed,69ca97d2-7644-14fd-8ae7-69edde8ede0b,6dadd6c7-95a7-6d79-bf3c-4c06434308bc,442.41,2026-08-27T14:27:15,False,,
5ce1bcc2-16c7-02a1-a3e2-ac175450c61f,2a405f12-b963-f37f-6781-4c1fcc530e36,07a0ca6e-0822-e8f3-6c03-1199972a8469,672.6,2026-08-27T14:53:45,False,,
8a0ec018-b297-69b2-f2cf-fcaef833ebfb,913e4de2-e0c5-3cb8-3da9-c2a90ed42f1a,ce9e1a11-fcbb-4e59-fbdd-cf7c9c96e9ec,313.84,2026-08-27T15:06:05,False,,
36ebaef4-bcef-2c15-3881-e71322bea0bc,59970043-f3b1-025b-fff9-f5850d557b61,0964fbbf-8cd3-21b0-c2b0-1cfdd045dd1c,771.3,2026-08-27T15:07:41,False,,
abf39096-4a68-369c-12b9-9a508cb6d1f0,f6f7f0cc-29ec-8e49-d1bd-b8c0c71d5e60,f16287e4-e9c3-49e0-3602-f8ac10f1bc81,465.87,2026-08-27T15:27:28,False,,
7d91f485-6d7f-1aa3-0b44-cceb2da5ba63,ce9e1a11-fcbb-4e59-fbdd-cf7c9c96e9ec,f84f16b3-a79f-bfaf-def5-768968f45bce,795.33,2026-08-27T15:31:24,False,,
f692641a-9aad-10ce-cab2-4f241744ee3f,122c9a56-01d7-4256-3860-2ab696a402f2,f84f16b3-a79f-bfaf-def5-768968f45bce,1150.65,2026-08-27T15:44:47,False,,
894539ec-8850-3e9d-7e1b-203488a5316f,75b17a55-d426-2982-e43e-4288a2b5b498,3dc98290-15ea-bb27-30e9-12f2f2b43abf,1780.65,2026-08-27T16:01:35,False,,
4c7f03bb-a376-0c2d-7b31-dcdc40d91a8e,6105716b-ab0e-664e-9c3e-b2d591e1aa96,06cb0fb3-9a1d-e644-815e-f6d13b8faa18,1035.93,2026-08-27T16:18:25,False,,
953b0f1f-ea3e-072a-8f22-1604d46b7756,8a14be62-295b-4715-c333-e8615fb8d16c,fcf56188-d32e-6dcd-83bc-9478dd6ac7b8,6967.11,2026-08-27T16:19:18,False,,
c66dceb3-4494-5e09-1d3c-a5a4929d6377,bb2488a3-d363-57b6-6f81-cf4f7701f7bb,06cb0fb3-9a1d-e644-815e-f6d13b8faa18,1073.95,2026-08-27T16:28:38,False,,
9c6d52d5-ae2e-9af9-9f8c-c29ffd350c5f,ad64b56c-610f-aa3f-f0bb-ac67aa38d0a1,f84f16b3-a79f-bfaf-def5-768968f45bce,2396.64,2026-08-27T16:37:47,False,,
88adb388-287e-4086-a854-027e56673e49,382c043f-7cfc-9b79-3875-394ce5d6f6e6,7656af72-29d4-beef-3eab-edcbbaa80dd4,515.23,2026-08-27T16:45:22,False,,
357650f9-0937-a982-96f4-8688333b5a5d,bb026576-f512-c4c3-b253-d2186c4a37ea,1a3d1fa7-bc89-60a9-23b8-c1e9392456de,1047.95,2026-08-27T16:49:57,False,,
35ab8466-b557-8b00-f166-cdcf762cdfbc,dd2467ac-778e-edb3-693d-ffbc6c6fa611,6dadd6c7-95a7-6d79-bf3c-4c06434308bc,260.9,2026-08-27T16:54:43,False,,
cfc3845b-1464-cda8-dbf7-fa26e9b89caf,a5d04d53-1e12-42e3-f272-92b6762172ed,b02b61c4-a3d7-0628-ece6-6fa2fd5166e6,1145.41,2026-08-27T17:02:21,False,,
0bce8eeb-684f-1e52-22f1-5aad8752d9fb,341c6494-0d36-6dfc-c28e-bd7071299889,dc5c0eed-8da0-365b-f898-97b9405cacec,665.32,2026-08-27T17:07:56,False,,
55cf37ba-e989-65f2-2bbf-1e35c4acb57d,6b8e869f-d538-5b0e-34f3-193c0ff0a55c,db20a56e-dc81-5fe7-ceda-8bbb71710434,3182.68,2026-08-27T17:11:57,False,,
4e998b76-58fd-e70b-df91-07d5205525c6,49c8a43f-7ed7-0ed7-b194-990b6961929e,7922bac2-82dc-4c8e-36b5-229aacf5e81e,2756.32,2026-08-27T17:20:16,False,,
b1d29457-1f3c-ea1d-2271-97ca788773ed,c8fe3ccd-c8b8-d9c6-ed30-49cf43e458fc,1ff49b78-8946-3e85-759c-de66bacfb3d0,401.76,2026-08-27T17:20:43,False,,
142e3df0-3c28-f5dc-d12d-aea8673d2920,980402a2-b07a-a066-7354-35ea68949b8d,3b982ef8-daf6-1a26-146d-3f31fc377a4c,511.19,2026-08-27T17:22:25,False,,
6ba57136-9144-a442-82d8-a7f546ef7aaa,4d6168bd-2def-e193-5c62-b3a23a3c563e,74f93d17-e912-b4bf-86a4-bae41986b4b2,694.16,2026-08-27T17:32:49,False,,
d743b5a8-9e15-ebcc-66d1-37f60659010a,ef8c485b-c07a-30f2-edd4-253b50f0fd0a,ce7ae7f6-3982-0cff-4f77-a665ac3c5640,617.88,2026-08-27T17:54:53,False,,
9fc9953a-ed32-1036-fa6e-8103df3e03c2,ccf3a171-56dc-8907-ba6c-34ab6712303a,8b10550c-d570-4f32-702c-dd20286218b8,1438.7,2026-08-27T18:16:51,False,,
21084dd9-f75d-1e3c-c48d-56502e9522d6,1337739e-8d4f-5d27-2c7f-0b793d67cde9,f96b648a-0ba6-eab9-4639-447b2067bdac,269.93,2026-08-27T18:18:54,False,,
42378962-e4fd-6c34-d670-7a2129dc073e,722764e6-8c41-561b-e827-a1b9d4a02e53,e45b712e-b822-5688-d0a4-44329cd6c852,630.4,2026-08-27T18:21:01,False,,
e359eee1-7399-1a47-6e19-1042370bc063,1dad09b2-52c2-1221-409d-360250843242,3e83b91f-2544-0fe0-6e41-7d475ff595ea,875.0,2026-08-27T18:21:07,False,,
4f2dad3f-10d4-de39-1612-37c9e25df9a8,8b10550c-d570-4f32-702c-dd20286218b8,50c187fc-ce17-7b4e-0837-b8a3d261a7ab,2418.81,2026-08-27T18:42:54,False,,
4278f61e-17f2-029c-899d-f4da866b5f44,da4bd9ca-eb5c-f467-80ba-cd647a0ecfea,76f2dbfe-cd29-a36f-2222-82e174daaebf,6240.72,2026-08-27T19:26:58,False,,
b0a17621-47fe-fddb-fbb9-bf21b32a3228,9191b363-4e2d-6645-6dc7-cac7fd72b050,658b2523-6014-1de9-f54a-d0a2e87466d7,634.81,2026-08-27T19:30:03,False,,
b872c503-d4f1-2110-50b5-73972449ea0f,4d3485c5-c5c1-4eb4-b27b-3d901a16342c,0bbb2599-11ce-5dd2-b45e-d1f03139d32c,1485.96,2026-08-27T19:47:48,False,,
6b5bc975-a7dc-2bc0-bd9c-4693b6ca1127,0b2c782a-6928-8e92-c68a-152fdb23aa8c,e2817efd-ae84-9217-1d53-434bb88139b9,479.51,2026-08-27T20:08:02,False,,
5cb27033-35e0-edd6-84c6-2e4b0c995e2d,f42d47cc-00d4-af59-7427-3ca3287d06ca,96fc734d-a003-cd28-ca8f-3653c9af18f8,1076.31,2026-08-27T20:10:06,False,,
c9b67093-d0fe-42af-b993-c0415f54f332,cd5f4822-6966-08aa-ee49-f329c84a7b28,43e42caf-8181-a8cc-3691-47eb89a2688b,1451.22,2026-08-27T20:15:06,False,,
e39eb7c2-6ac9-8528-a5f7-01fee493998a,c8fe3ccd-c8b8-d9c6-ed30-49cf43e458fc,580d7b71-d8f5-6413-5be6-128e18c26797,269.72,2026-08-27T20:35:22,False,,
f8c00141-ddf1-94d4-f75e-f2cf153d5754,78b2b549-3bdb-c09e-acc2-16a01bbc91f7,e8dd5e5a-1712-fb16-21a4-344fbb7bee03,965.31,2026-08-27T20:38:22,False,,
889dc47e-2718-9112-2dcd-f65db924312e,4ab7706e-b773-50ca-eec2-59dc7f95897c,0bbb2599-11ce-5dd2-b45e-d1f03139d32c,463.55,2026-08-27T20:48:09,False,,
b6e1e7ac-9fc9-7264-35af-bb2d336d7786,19675f06-bd76-7e35-f5c9-b0479c10c572,47229389-571a-a876-6c30-7511b2b9437a,100.0,2026-08-27T20:58:09,False,,
3ba5cd2f-dea4-5c19-d024-3d723748967f,cd5f4822-6966-08aa-ee49-f329c84a7b28,c4b032cc-d7c5-24a5-5304-317faf42e12f,1886.65,2026-08-27T21:41:55,False,,
d7c713b7-2d13-68f3-0580-8066322c3dae,587ef344-6f3f-920c-98b8-e4cc1bc044fc,093923de-8bab-ce3b-2628-6bfbe767dcea,1697.54,2026-08-27T22:02:42,False,,
d9e604b3-8412-a335-d88c-656db61e5fdb,088a93ec-70d9-c9f8-c9e2-60744f1639a0,06cb0fb3-9a1d-e644-815e-f6d13b8faa18,1202.02,2026-08-27T22:05:12,False,,
68208025-9178-8bdd-4dfb-1b6e20257194,aff8754d-1238-d630-743b-65a2dc0f2fcf,dd81b7f5-7d59-11c6-a8f1-e091ffb8102d,2226.33,2026-08-27T22:16:51,False,,
ee9afb6b-e6a2-4a40-f331-076087e6d238,771ad655-cdfc-6ee0-e61e-de900267deb3,654821d0-7fcd-9eb1-a7ca-d415366eb16f,1555.89,2026-08-27T22:37:07,False,,
cccf4130-2556-03d4-3231-32fa618192de,d4f8fd72-f382-1cfd-c083-b73a473bd358,988c24c9-61b1-cd22-6280-1c4510435a10,361.2,2026-08-27T23:01:04,False,,
64b11c49-0c0c-f61e-9cc1-0bd87e6ae55c,dabac50d-ca3d-d859-c5ce-099c46b82659,74962764-12a4-def0-c4bb-b7a9d98868dd,570.16,2026-08-28T00:18:41,False,,
16f142a2-06b9-19aa-1a71-67c768759545,ff233d5f-6ced-d15d-5800-7c0287ea7ff5,d4aac9a3-3ed8-c56c-da09-dfa052828d80,1709.27,2026-08-28T00:56:04,False,,
340de049-4147-6506-3e2b-f9c9636f6e5c,11b7e948-d0e6-e660-7c69-dee1bb5e4bcf,ce9e1a11-fcbb-4e59-fbdd-cf7c9c96e9ec,506.32,2026-08-28T01:17:10,False,,
a800d519-ca3d-51cc-f88a-a20e111b0acd,f2e9702d-11e9-cdaa-6e69-81a35d3d9e56,12476f57-a5e5-a5ab-aefc-fad8efc89849,2763.55,2026-08-28T01:22:52,False,,
25f41dd6-2f51-ac6e-0c85-f1543527bcee,dfcaf0b7-19b1-7e80-dea4-ae1754fd9ad3,ae340454-cac5-b68c-28f4-9481a0a04dc4,5321.83,2026-08-28T01:35:28,False,,
39bbab8a-b281-738e-d7c7-d8e6a495430e,dd2467ac-778e-edb3-693d-ffbc6c6fa611,c0e9ab30-ed26-62e9-17e0-11b7f8102383,509.46,2026-08-28T01:44:58,False,,
e3e32e42-29ac-92f0-66f6-290a592b4112,4ca9cf07-b1aa-0f6a-2a96-e1e27194eae2,ff5e9ff0-ff50-bde4-3825-67b85cabcc97,1531.77,2026-08-28T01:53:22,False,,
7509d8ba-1e22-ade1-a3e6-bbfd65e2ebba,d4a057a7-b0cc-1b3b-9793-b9b413748146,439472e6-da58-7e8a-a25d-6b29afffcfd2,822.67,2026-08-28T02:00:38,False,,
9399ad15-a37c-e1c5-c42b-266b1b02fa24,907bfe36-9786-48f8-64de-82e6e82c7d7b,6dadd6c7-95a7-6d79-bf3c-4c06434308bc,530.73,2026-08-28T02:16:55,False,,
f2fda085-091f-73f3-a046-d4d3e0a8a8af,246998e8-d39e-198b-4400-7d5ae88da719,889b78d5-dbfd-d97e-aca2-b148da330aa1,4334.83,2026-08-28T02:18:55,False,,
a4b5c723-02fb-2869-0df8-0b899ce7eed1,a3917c99-4c95-5f6a-966b-1964fcd6bdca,53f8382b-8fb8-64e4-f173-8856e25d36eb,1888.16,2026-08-28T02:31:05,False,,
e44cbd41-ce36-e92a-58e9-d0aac1b6edd4,dd81b7f5-7d59-11c6-a8f1-e091ffb8102d,b4fb0eb9-49c1-3de7-3b42-06c5085b15fb,1117.04,2026-08-28T02:31:31,False,,
16c72b1a-e826-fac7-3a8c-8ed5a06aa68a,9b49bd26-df57-c59a-8715-a10343dac043,cfa701cd-2631-d00b-26d7-94d30db95301,1243.36,2026-08-28T02:44:04,False,,
77eb6d89-b142-de87-d109-ffe513c3fc1b,7a4c75d4-dc99-e04c-f0e9-8b3b40a26c60,c268283e-e32f-2e63-b7fd-dd71a075e927,2938.72,2026-08-28T03:37:30,False,,
93acceb8-8ab5-a799-9e63-638cf485e944,da4bd9ca-eb5c-f467-80ba-cd647a0ecfea,47229389-571a-a876-6c30-7511b2b9437a,525.56,2026-08-28T03:41:35,False,,
8ca33a54-59ae-7302-8ae3-297e34e24142,11b7e948-d0e6-e660-7c69-dee1bb5e4bcf,85d51695-90b2-b633-956b-8c0ca8499b92,6606.95,2026-08-28T04:00:40,False,,
b31e120d-9f49-ab89-6866-d52e0e05926a,f6802cdb-77e4-90c7-1d7b-c313cde22f1c,e8dd5e5a-1712-fb16-21a4-344fbb7bee03,6153.01,2026-08-28T04:16:15,False,,
13707fcb-b215-34f7-9e54-1d3e65e17146,3dc98290-15ea-bb27-30e9-12f2f2b43abf,093923de-8bab-ce3b-2628-6bfbe767dcea,477.97,2026-08-28T04:21:19,False,,
a83c1c2b-b776-e729-791f-49f699966612,6232b17a-2507-4181-8d1f-b54074eff545,9e50aa42-ca6d-fda1-989b-c4da9b37a22b,2076.82,2026-08-28T04:37:22,False,,
c92b3dc3-a937-dfd6-996e-782f9aeeb3e9,9ef2b93e-30ac-7d7b-a2f9-63a33810ae66,654821d0-7fcd-9eb1-a7ca-d415366eb16f,2971.61,2026-08-28T04:39:57,False,,
a13ecf15-72cf-bb0e-5db2-f6cee5190530,5e5ba13d-746c-db77-1fa3-82e8895ccd99,e45b712e-b822-5688-d0a4-44329cd6c852,1308.24,2026-08-28T04:51:01,False,,
fef43c9c-2484-557f-454a-8e82b69415c7,439472e6-da58-7e8a-a25d-6b29afffcfd2,07a0ca6e-0822-e8f3-6c03-1199972a8469,1823.89,2026-08-28T05:19:12,False,,
88800d17-b3ef-e892-e85c-c86348cff1da,8a14be62-295b-4715-c333-e8615fb8d16c,cbd58bf6-1efd-76e9-ce37-14af99b49350,2264.47,2026-08-28T05:36:28,False,,
48e23143-fb1e-aa6e-d19b-1b23d6023639,a5d04d53-1e12-42e3-f272-92b6762172ed,bdd640fb-0667-1ad1-1c80-317fa3b1799d,620.28,2026-08-28T05:47:27,False,,
1257429e-3e08-5cb7-3f09-f7a686351a54,1e52d770-3f89-7142-fe71-6b1415ce6a66,6dadd6c7-95a7-6d79-bf3c-4c06434308bc,6717.35,2026-08-28T05:48:27,False,,
2b1af06e-5585-2445-14fe-88bc3f612028,d865d69a-74f3-3103-4006-6ff2b0b862ef,5260001e-eecf-67d2-7491-76f46090d697,1613.76,2026-08-28T05:50:03,False,,
cc7f9517-cbfd-4a31-c8c8-5ad682cbcdc7,f1578470-0182-67c4-7a1b-58066160a6b4,1a2a73ed-562b-0f79-c374-59eef50bea63,1414.34,2026-08-28T05:55:39,False,,
a173e274-37fc-511b-826f-081a0651a897,688c7015-aab9-7e49-4f2d-479681d2c7de,610461e3-2a25-a888-0f02-bad0e7067ef4,757.1,2026-08-28T06:17:59,False,,
723ef466-b43b-d27f-42a2-59a6c6641285,902059e4-ff9a-b5c2-9f04-4aed75523327,580d7b71-d8f5-6413-5be6-128e18c26797,12877.57,2026-08-28T06:23:46,False,,
c5ddf574-2543-ab1a-c6ec-9e60e4433474,da4bd9ca-eb5c-f467-80ba-cd647a0ecfea,5913f9d3-7852-99f4-175b-a98df8140102,1042.94,2026-08-28T06:24:44,False,,
393aa0a9-3bbd-f80c-cef6-6a146fdcc21b,d882b5c1-f79e-fd70-65bc-c272fadd7ea3,4ca9cf07-b1aa-0f6a-2a96-e1e27194eae2,2258.33,2026-08-28T06:39:39,False,,
5b58eb49-c978-4b52-9d1c-0838edc8cca8,0a4c9f7f-9384-ec2b-44fe-acaed248a9a7,12e89d10-2871-1733-8bed-db12ad77e82f,1834.34,2026-08-28T06:45:03,False,,
c8ee46bf-571f-7cdb-fe60-afde4200a1aa,3170f437-a8f7-ef5a-060e-df5b39118497,a9597663-6daa-2e68-8861-fe1858e25888,9368.88,2026-08-28T06:45:21,False,,
ee757637-5c35-52b3-9437-2280bfd467e7,093923de-8bab-ce3b-2628-6bfbe767dcea,ab9099a4-35a2-40ae-5af3-05535ec42e08,285.87,2026-08-28T06:59:02,False,,
fadc9704-15a9-05b4-08f6-1b3fc0c91cd8,ce777f00-ecf2-7e76-8519-7ff4006ed6e3,3a3c8a71-ff57-4e2b-4991-ab9bebc2026f,970.93,2026-08-28T07:21:20,False,,
b2ec7ff4-cb59-b151-5dde-74667f0366ef,1c8eaee9-5715-bd6f-a416-1293c4c2e2e3,59970043-f3b1-025b-fff9-f5850d557b61,1619.08,2026-08-28T07:40:31,False,,
c1c5bc8b-64e9-4d6a-858c-5992882c4812,f264accc-79ac-1b1e-a8e5-6e0c20de435d,6f962882-95d8-2980-ff37-d19c2e76128b,1670.66,2026-08-28T07:56:19,False,,
cf9d539c-6c2b-5781-c1a9-5ee21718cfde,2f32751e-5738-811d-70c2-903f7a8d03aa,610cf373-4299-9aa4-0cdf-742b2e85cb21,228.04,2026-08-28T08:00:32,False,,
e1b243cc-cf76-7343-fced-f994d631c383,87e5f0fe-5da8-d6d2-f8b3-8a8be05fb8bc,47229389-571a-a876-6c30-7511b2b9437a,602.22,2026-08-28T08:04:09,False,,
f613bda0-56f4-01e5-c1e9-c4fa3e4727fd,913e4de2-e0c5-3cb8-3da9-c2a90ed42f1a,22f235f2-e11b-868d-bf0d-073d821c1336,1163.54,2026-08-28T08:08:20,False,,
b3f45487-f3bf-de5f-8f16-fac06f72bca4,148f8b74-a65b-b1f2-65c1-7795b15516bc,4ca9cf07-b1aa-0f6a-2a96-e1e27194eae2,967.34,2026-08-28T08:11:22,False,,
e17766b1-82ce-4e0c-503e-eaf204f73882,658b2523-6014-1de9-f54a-d0a2e87466d7,12e89d10-2871-1733-8bed-db12ad77e82f,1183.17,2026-08-28T08:17:23,False,,
b68bbbc6-73c6-6188-108f-d94bb294a9b6,587ef344-6f3f-920c-98b8-e4cc1bc044fc,f16287e4-e9c3-49e0-3602-f8ac10f1bc81,896.51,2026-08-28T08:18:09,False,,
c827e7c0-9337-bb34-66e1-608ea4282ec4,6232b17a-2507-4181-8d1f-b54074eff545,8b8148f6-b38a-088c-a65e-d389b74d0fb1,572.48,2026-08-28T08:21:59,False,,
30405cc4-2c21-f1ed-f4a9-85b011c37e19,04fc6d82-7d15-4385-52fb-e43b99546eb4,4ca9cf07-b1aa-0f6a-2a96-e1e27194eae2,2563.43,2026-08-28T08:22:02,False,,
a9681fc1-ba5c-865d-b834-4070e0e5f6e5,1337739e-8d4f-5d27-2c7f-0b793d67cde9,c8dcd19f-3e35-1128-7900-f7f993829b43,497.47,2026-08-28T08:38:49,False,,
0ba36279-14cb-0564-0743-7c3bdd20c3bf,766ecb15-474e-bc19-2ef9-12766c006f61,f84f16b3-a79f-bfaf-def5-768968f45bce,662.83,2026-08-28T08:39:45,False,,
2b48c6e6-9401-0dfe-7921-0c7ca119ceee,bcae8081-bdf0-70aa-f0b5-156bb82c9074,610461e3-2a25-a888-0f02-bad0e7067ef4,2312.89,2026-08-28T08:45:55,False,,
45d62ecd-3030-d7f4-d5d4-999b39d88a14,74962764-12a4-def0-c4bb-b7a9d98868dd,9f4c3b79-fb10-987f-20ac-3703eb67146a,3364.49,2026-08-28T10:19:09,False,,
b96dc079-a759-08f0-8921-349feccb853b,f1578470-0182-67c4-7a1b-58066160a6b4,0b2c782a-6928-8e92-c68a-152fdb23aa8c,276.55,2026-08-28T10:19:51,False,,
5eb8e0db-7273-b7af-0488-a0e81028f5b4,6502d6a2-ca6a-2224-171e-16cc5da36f1b,d4a057a7-b0cc-1b3b-9793-b9b413748146,4852.48,2026-08-28T10:39:16,False,,
06ac1010-2e08-69c1-453b-45fe636cf499,859131d2-bbda-0242-2d17-4fc96f7c15ea,a7f36ae9-25c7-3c44-3e75-c3b4664fa663,3566.86,2026-08-28T11:01:52,False,,
2f2bdc13-b216-5b5a-1c60-57fee5605cfb,0b2c782a-6928-8e92-c68a-152fdb23aa8c,cf36d58b-4737-8190-96da-1dac72ff5d2a,5247.59,2026-08-28T11:31:04,False,,
bd9f82d7-30b0-5a0b-b19d-1860f8f40e49,610461e3-2a25-a888-0f02-bad0e7067ef4,5260001e-eecf-67d2-7491-76f46090d697,1195.29,2026-08-28T11:38:29,False,,
cdf94cb5-8c9b-caa6-07aa-240c57620a6f,cfa701cd-2631-d00b-26d7-94d30db95301,04f64d86-7866-0765-14f7-ce8dd5bcb8d0,240.53,2026-08-28T11:44:59,False,,
256d4d11-f7bd-8499-df48-2e7ca8cf4f62,87e5f0fe-5da8-d6d2-f8b3-8a8be05fb8bc,b8a6171f-1ee3-4dc4-3b04-8a8b405bfdc9,7163.8,2026-08-28T11:51:14,False,,
9fd60efb-fa11-f0e7-566d-56e81c86cf6f,610461e3-2a25-a888-0f02-bad0e7067ef4,474a493b-3ced-df2d-839f-bc501223b513,597.83,2026-08-28T12:05:55,False,,
4084a290-7e50-a000-c474-e1c00f163af8,4ab7706e-b773-50ca-eec2-59dc7f95897c,1a2a73ed-562b-0f79-c374-59eef50bea63,3600.81,2026-08-28T12:10:57,False,,
1c35730b-49d5-2453-58d4-d949cad6d3ef,d882b5c1-f79e-fd70-65bc-c272fadd7ea3,0c0fd195-c17a-f08a-1745-d6d87e570ddf,1032.09,2026-08-28T12:12:34,False,,
e2f10e16-15c3-3fae-fce1-76a156fb9a22,04fc6d82-7d15-4385-52fb-e43b99546eb4,771ad655-cdfc-6ee0-e61e-de900267deb3,2514.26,2026-08-28T12:21:00,False,,
af36b8cc-1308-7974-ec95-b3ac0beb7c34,913e4de2-e0c5-3cb8-3da9-c2a90ed42f1a,688c7015-aab9-7e49-4f2d-479681d2c7de,784.85,2026-08-28T12:21:05,False,,
2b2bf58c-6da5-8dad-f56a-abc050fb35b0,458f1f19-3c07-c574-4925-7af1b6aae05b,61985d54-cfb8-7e6f-e9d6-8f23b489d070,1530.98,2026-08-28T12:26:31,False,,
09028dd7-a0d7-63f0-c31d-fb91397a0433,902059e4-ff9a-b5c2-9f04-4aed75523327,4ca9cf07-b1aa-0f6a-2a96-e1e27194eae2,765.27,2026-08-28T12:33:00,False,,
1073c0c3-d1c0-6099-a1f8-86cee5dc6ce5,7337c599-7984-4388-dc8a-ee30be6033f7,b4d7e28e-271e-3ee2-b1a6-b1f1620e99d3,376.98,2026-08-28T12:46:06,False,,
cf0df860-ebc9-2914-5176-a9d19a3624d6,ccf3a171-56dc-8907-ba6c-34ab6712303a,6e068097-25e9-7977-8d72-48e2951f58d0,236.49,2026-08-28T13:09:55,False,,
284c03d2-27d4-15b6-0d77-c5a0e222b6a6,92f5df7b-0323-d342-df6a-8f931a432f0a,07a0ca6e-0822-e8f3-6c03-1199972a8469,1351.36,2026-08-28T13:17:39,False,,
3c9d128a-2176-1930-f6d7-0248a995ecc3,610461e3-2a25-a888-0f02-bad0e7067ef4,04f64d86-7866-0765-14f7-ce8dd5bcb8d0,2861.99,2026-08-28T13:33:32,False,,
0f5e8b47-29d0-c613-b0c7-700219566990,8a63f881-ffd0-f9d5-a6f2-f7b80cf35b58,8bcf53a1-bc10-fa52-bf5d-2fdf89c8d2ab,3911.03,2026-08-28T13:34:30,False,,
0ff97696-615a-58bd-c632-554b99e03598,ccf3a171-56dc-8907-ba6c-34ab6712303a,53f8382b-8fb8-64e4-f173-8856e25d36eb,712.21,2026-08-28T14:00:31,False,,
25e4e633-23d8-6a4f-c2e6-0c0509268f85,2095eef6-8ded-f9fb-4bb0-0f20b27c4026,50c187fc-ce17-7b4e-0837-b8a3d261a7ab,1153.88,2026-08-28T14:02:14,False,,
14eed987-95e7-c6e4-413e-84bd5aff4594,80962718-2051-acef-097a-1e10f6febc0e,41357e8c-30a9-00ad-939b-462de645f129,1218.5,2026-08-28T14:19:30,False,,
eee06433-edda-1677-4e08-ab81ec4d6c00,e4429ebb-da7b-9095-63d6-2a39c0e3befd,787f2425-dbcc-c477-09e9-db0adf465290,894.55,2026-08-28T14:44:56,False,,
8a159e92-af74-ae63-8dc4-c81fa8fae904,f1533ae8-670a-cc5c-b321-bf214dd8eb85,12476f57-a5e5-a5ab-aefc-fad8efc89849,846.37,2026-08-28T14:45:51,False,,
044ffc73-cfef-7fd7-a17e-a8161a97793b,6f962882-95d8-2980-ff37-d19c2e76128b,3e83b91f-2544-0fe0-6e41-7d475ff595ea,893.84,2026-08-28T14:57:02,False,,
531f04af-b93c-92d5-13c3-7b5dbbf8da91,7f2984f5-bec3-9a37-9b3d-74bde91e314e,47229389-571a-a876-6c30-7511b2b9437a,1319.27,2026-08-28T15:00:31,False,,
4793acb1-2afc-c87e-1ff4-9019ac4a7701,894a05e4-30b1-87ef-310c-0c003fa7f104,bdd640fb-0667-1ad1-1c80-317fa3b1799d,1023.89,2026-08-28T15:09:30,False,,
5308e1f2-9990-e4a9-1841-2e07f5834c69,b4a69f3c-8d3a-ed99-711c-21c9bdc14f1f,580d7b71-d8f5-6413-5be6-128e18c26797,576.22,2026-08-28T15:10:19,False,,
e598e5c2-80ac-efb5-79d0-5e2bc0249b51,6105716b-ab0e-664e-9c3e-b2d591e1aa96,47229389-571a-a876-6c30-7511b2b9437a,3774.76,2026-08-28T16:22:58,False,,
f17e4a71-eb22-ec1d-4df6-ff4fadf792ff,5260001e-eecf-67d2-7491-76f46090d697,dd750e98-90e0-b95f-0212-b554464458b4,1966.34,2026-08-28T16:25:12,False,,
76b90472-7470-724c-f9f6-b641063ff61e,288b78b5-b5b4-53ca-3d42-993ccc9fd334,4d6168bd-2def-e193-5c62-b3a23a3c563e,1126.52,2026-08-28T16:32:30,False,,
ff1bf6a0-a8ec-b6a1-7233-bf8c324ef0f7,eededb07-e623-a689-5d59-cd2a4eea04e7,9854ce4e-4ebf-a5c3-cae9-b4a72a79ea68,1522.06,2026-08-28T16:35:17,False,,
aa0a2259-859f-02bb-1ee2-6f39eed4db89,341c6494-0d36-6dfc-c28e-bd7071299889,859131d2-bbda-0242-2d17-4fc96f7c15ea,3135.85,2026-08-28T17:13:55,False,,
d4bee4e4-204d-3f55-8559-4d7771e007b0,c2dff335-5666-6f9f-53ac-2ab974672cd9,c1a6423b-9f64-eeed-5c9d-927d84b871bb,3381.42,2026-08-28T17:27:20,False,,
ce31ce5c-213b-1241-83c5-9c143824c62b,2790cebd-bfdd-c3d9-9ee3-ac2af94d6204,3e896c64-e117-dac3-119c-4ea3e1805081,2277.34,2026-08-28T17:32:32,False,,
7de471bf-f865-5d61-0515-5381e4dc6680,6e068097-25e9-7977-8d72-48e2951f58d0,d6d7b3b8-3309-4d35-3f4d-f561f319c125,298.99,2026-08-28T18:19:25,False,,
8fa09a4c-4f10-aae3-b518-174fc5874243,19675f06-bd76-7e35-f5c9-b0479c10c572,0c0fd195-c17a-f08a-1745-d6d87e570ddf,444.12,2026-08-28T18:25:20,False,,
195c663b-9b82-f430-4563-cafe8d31df34,3e83b91f-2544-0fe0-6e41-7d475ff595ea,67f48ad5-4d0b-0d1a-91b0-e1d99d9262af,1515.0,2026-08-28T18:36:44,False,,
bccd9b8c-8508-df91-60ae-b372b6dfb4a6,f1533ae8-670a-cc5c-b321-bf214dd8eb85,8b8148f6-b38a-088c-a65e-d389b74d0fb1,1385.46,2026-08-28T19:19:13,False,,
929d778e-9fde-2d5f-c441-c3db6bb57af7,715629ee-e893-be3d-7354-ea6f61607459,f16287e4-e9c3-49e0-3602-f8ac10f1bc81,1263.02,2026-08-28T19:20:44,False,,
3c7e5368-b159-4847-5c0b-9b10a757cb10,474a493b-3ced-df2d-839f-bc501223b513,bcae8081-bdf0-70aa-f0b5-156bb82c9074,877.03,2026-08-28T19:27:01,False,,
50e96888-7273-0e7b-7f9a-d277db496e6d,d6d7b3b8-3309-4d35-3f4d-f561f319c125,14822f53-8201-0c62-f5f5-9b220e8fa8e0,180.39,2026-08-28T19:38:02,False,,
f53ba020-be2d-e8c8-9fe3-f82439d3a9cf,382c043f-7cfc-9b79-3875-394ce5d6f6e6,0b2c782a-6928-8e92-c68a-152fdb23aa8c,100.0,2026-08-28T20:12:00,False,,
7859d906-e78f-980a-331b-c38a6173a99e,c8dcd19f-3e35-1128-7900-f7f993829b43,d1843324-17e8-392a-55ce-e5db9e87e04c,1903.55,2026-08-28T20:21:13,False,,
ee25356a-aee0-1ec9-bf04-18a9f2765513,d9178793-a9d3-c2e6-505c-c6869f871ce7,6e068097-25e9-7977-8d72-48e2951f58d0,634.69,2026-08-28T20:25:25,False,,
e82956cf-ba81-d860-90b3-032dccb1063d,9854ce4e-4ebf-a5c3-cae9-b4a72a79ea68,8b8148f6-b38a-088c-a65e-d389b74d0fb1,1676.0,2026-08-28T20:26:27,False,,
7000f93b-7db8-ed71-40a3-823b321a9240,11b7e948-d0e6-e660-7c69-dee1bb5e4bcf,ccc56569-f9e8-a369-2999-b735dd56cc94,574.66,2026-08-28T20:30:06,False,,
2cd64d84-7477-3879-3eec-05dc7660302f,d664d264-4c6e-27ff-b9de-7a3a486822b9,580d7b71-d8f5-6413-5be6-128e18c26797,678.92,2026-08-28T20:36:02,False,,
fa4e8355-f5e8-a7e1-5a58-9b676bc7b635,badcc32a-c159-0f53-8a0f-4efbedcd465e,2d06e8cf-3805-f907-6cd6-6193c7468f59,1148.76,2026-08-28T20:43:04,False,,
4a9f6c5c-7eb9-fe2d-3738-7270d424d9f3,4d3485c5-c5c1-4eb4-b27b-3d901a16342c,19675f06-bd76-7e35-f5c9-b0479c10c572,3876.1,2026-08-28T20:43:32,False,,
bba8e166-89f9-c43e-6b07-4c79bbe43aa7,19675f06-bd76-7e35-f5c9-b0479c10c572,b02b61c4-a3d7-0628-ece6-6fa2fd5166e6,926.91,2026-08-28T21:16:12,False,,
d8736d60-b7f2-3862-7f4a-3544817c781a,7f2984f5-bec3-9a37-9b3d-74bde91e314e,04f64d86-7866-0765-14f7-ce8dd5bcb8d0,1560.1,2026-08-28T21:26:57,False,,
9ed62705-14b9-bb4d-af46-37b3c9a62c37,5260001e-eecf-67d2-7491-76f46090d697,47229389-571a-a876-6c30-7511b2b9437a,554.47,2026-08-28T22:11:26,False,,
f139e895-aa25-a578-8cea-3275ef3bbcb5,e7c99b26-1141-25c6-3a9b-edd40f1259e0,580d7b71-d8f5-6413-5be6-128e18c26797,1669.19,2026-08-28T22:27:53,False,,
25c978b5-dbc2-1e42-fd0d-4cb1c9167a93,85d51695-90b2-b633-956b-8c0ca8499b92,1497d658-7010-f719-7e69-5d0d8a3c3b5e,1983.32,2026-08-28T22:43:05,False,,
d105c8d6-47c1-c017-6045-2909536d47d7,d664d264-4c6e-27ff-b9de-7a3a486822b9,587ef344-6f3f-920c-98b8-e4cc1bc044fc,1249.8,2026-08-28T22:56:52,False,,
451b6267-b887-5caf-1991-103fd06eccbc,f63fce41-3a9a-ca5e-1761-32ed069f14f1,f7860b50-11c5-8ef0-dd46-3c09475287aa,503.8,2026-08-28T22:57:49,False,,
48dc1e26-c7c2-564a-fab8-328f2cae93a2,aff8754d-1238-d630-743b-65a2dc0f2fcf,3dc98290-15ea-bb27-30e9-12f2f2b43abf,1788.93,2026-08-28T22:57:56,False,,
d18183d1-ac2b-0cfc-c5c5-1060991121e7,04fc6d82-7d15-4385-52fb-e43b99546eb4,c29cfc0c-fa02-eaec-96ef-2ad6b97e6703,15000.0,2026-08-28T23:13:01,False,,
c40f5405-7a25-ed81-4128-17eb224629cd,9e8fc965-0a2c-827e-9832-685694340a03,610cf373-4299-9aa4-0cdf-742b2e85cb21,5062.17,2026-08-28T23:13:45,False,,
e188d3d7-a573-dc30-49b4-96251752815c,766ecb15-474e-bc19-2ef9-12766c006f61,341c6494-0d36-6dfc-c28e-bd7071299889,5226.57,2026-08-28T23:14:35,False,,
38e591c4-17d2-efe7-6df5-fa4a4a8e9dd2,913e4de2-e0c5-3cb8-3da9-c2a90ed42f1a,8ae8905b-54b4-a482-6858-6eba6a34c854,1831.86,2026-08-28T23:19:22,False,,
ab7aeb66-f4ac-c7e2-fa57-5cea39571344,fcf56188-d32e-6dcd-83bc-9478dd6ac7b8,c4b032cc-d7c5-24a5-5304-317faf42e12f,1211.16,2026-08-28T23:50:41,False,,
7a732f35-6c55-40f0-cc9c-f41c86969901,3e896c64-e117-dac3-119c-4ea3e1805081,c0e9ab30-ed26-62e9-17e0-11b7f8102383,100.0,2026-08-28T23:51:49,False,,
6aa56e6d-9277-9574-c457-6cc335f789bc,8a14be62-295b-4715-c333-e8615fb8d16c,aff8754d-1238-d630-743b-65a2dc0f2fcf,232.6,2026-08-28T23:59:13,False,,
fcea545a-c066-98e4-b013-b8e468729600,722764e6-8c41-561b-e827-a1b9d4a02e53,288b78b5-b5b4-53ca-3d42-993ccc9fd334,353.93,2026-08-29T00:16:34,False,,
8d67e82c-e804-8c91-4c15-b7ec8bcae422,2e183554-cae2-8e66-ae8a-781390e0a95b,beb79919-3f22-faf8-23be-d01d43cf2fde,1916.28,2026-08-29T00:40:31,False,,
73b5bad5-600b-4b35-6a0a-a7d5a0b85755,19675f06-bd76-7e35-f5c9-b0479c10c572,d9178793-a9d3-c2e6-505c-c6869f871ce7,2168.85,2026-08-29T00:44:58,False,,
027a76dc-bce0-caef-f17f-a5c04e39f65a,61ee6c5b-deef-580f-9c07-a75114374509,3e896c64-e117-dac3-119c-4ea3e1805081,6073.61,2026-08-29T00:50:45,False,,
db62a1f7-6964-eb16-1623-2e873acdc514,11b7e948-d0e6-e660-7c69-dee1bb5e4bcf,c2a79689-1933-918c-fa74-57616f18c108,1678.17,2026-08-29T01:33:37,False,,
910171d2-1138-978b-45fb-3e8a563b04fa,e3e9de99-f10c-718b-1eb0-e38a675dd5af,2053da42-f1af-db65-b289-f2244ac9778d,8851.79,2026-08-29T01:38:38,False,,
35aad597-c1b0-f44b-29b2-b32c1f27fa2c,fcf56188-d32e-6dcd-83bc-9478dd6ac7b8,7656af72-29d4-beef-3eab-edcbbaa80dd4,1430.64,2026-08-29T01:46:20,False,,
105291d3-b34c-6c73-5833-0b306c776e95,27a0c3d7-7c96-7f79-b7e9-9acaa97065e1,1a3d1fa7-bc89-60a9-23b8-c1e9392456de,453.11,2026-08-29T01:46:53,False,,
300a491a-faa1-d736-bee6-b06e37f7a96a,e3e9de99-f10c-718b-1eb0-e38a675dd5af,1a3d1fa7-bc89-60a9-23b8-c1e9392456de,2620.96,2026-08-29T01:51:29,False,,
7afeb114-9561-c813-0d25-9caab8adad87,f264accc-79ac-1b1e-a8e5-6e0c20de435d,f7860b50-11c5-8ef0-dd46-3c09475287aa,1470.08,2026-08-29T01:58:17,False,,
d2d12566-fc82-9c09-aa00-075652e0234e,1e52d770-3f89-7142-fe71-6b1415ce6a66,8b8148f6-b38a-088c-a65e-d389b74d0fb1,1455.77,2026-08-29T01:59:20,False,,
259d537f-3f8a-16b8-919a-5591f3b20598,db52ca58-0500-0bc6-b20d-cb6ef2311f17,f16287e4-e9c3-49e0-3602-f8ac10f1bc81,1360.21,2026-08-29T02:54:34,False,,
e7f0916e-bf78-bad8-08c2-fd6fd9caa609,341c6494-0d36-6dfc-c28e-bd7071299889,e2817efd-ae84-9217-1d53-434bb88139b9,1219.13,2026-08-29T03:00:47,False,,
a49b1cd9-9082-889b-e1cd-e87fec955f87,d6d7b3b8-3309-4d35-3f4d-f561f319c125,654821d0-7fcd-9eb1-a7ca-d415366eb16f,2021.66,2026-08-29T03:07:45,False,,
5207c6cc-9b5a-d674-8896-54b2ce926059,a6d964a3-f510-ab53-c7fe-e39f1190f938,da4bd9ca-eb5c-f467-80ba-cd647a0ecfea,2016.54,2026-08-29T03:13:40,False,,
b5a78756-ef40-55dd-d98d-213c0ddb0654,3e83b91f-2544-0fe0-6e41-7d475ff595ea,61985d54-cfb8-7e6f-e9d6-8f23b489d070,8617.1,2026-08-29T04:11:45,False,,
a83db2df-e4aa-212a-a682-13c7a525dcd0,d1843324-17e8-392a-55ce-e5db9e87e04c,ccf3a171-56dc-8907-ba6c-34ab6712303a,1574.2,2026-08-29T04:22:33,False,,
114c440d-675d-b93b-d473-6d379e12d7cf,722764e6-8c41-561b-e827-a1b9d4a02e53,4d6168bd-2def-e193-5c62-b3a23a3c563e,1203.33,2026-08-29T04:35:36,False,,
64f434d6-d1e9-1691-a320-9116222df6a4,e3e9de99-f10c-718b-1eb0-e38a675dd5af,7656af72-29d4-beef-3eab-edcbbaa80dd4,4680.42,2026-08-29T04:38:48,False,,
27d81ea0-653d-171f-c0bd-e748dbb464a3,19675f06-bd76-7e35-f5c9-b0479c10c572,61985d54-cfb8-7e6f-e9d6-8f23b489d070,676.72,2026-08-29T05:41:14,False,,
8f7bf6c2-a46e-47a2-b342-29688191086b,fbe33b24-3eae-0032-0bd4-a9900640be0f,d47d577b-fa5a-91ca-059d-d55d4b943e30,488.69,2026-08-29T05:54:02,False,,
5a304528-0b59-9562-2227-219f551ff086,341c6494-0d36-6dfc-c28e-bd7071299889,ff5e9ff0-ff50-bde4-3825-67b85cabcc97,740.92,2026-08-29T05:57:59,False,,
a4d21eae-cd0d-4d73-ca1c-3218c19d11c5,2053da42-f1af-db65-b289-f2244ac9778d,688c7015-aab9-7e49-4f2d-479681d2c7de,231.23,2026-08-29T05:59:03,False,,
d6ac0d84-1604-c332-09a6-1674cb1fa325,1d870966-0710-d430-f071-d87954c63cd8,580d7b71-d8f5-6413-5be6-128e18c26797,354.18,2026-08-29T06:03:08,False,,
17871810-4ce0-9ecb-cfa2-8fb84199322e,82ec9f2d-fbf6-e16f-9b30-80d56fb78271,6651529e-8268-690b-a438-25b559e4b671,1796.0,2026-08-29T06:15:38,False,,
4fbdb622-46c9-ae33-0c90-6c013b44dabc,9261549d-3d22-5c30-b28f-41defb140bc3,07a0ca6e-0822-e8f3-6c03-1199972a8469,1742.87,2026-08-29T06:20:42,False,,
24c61f93-a081-9bf5-6940-240ca45ee904,e9ff1cae-41c8-ca8c-2a1f-955ad499da99,a6d964a3-f510-ab53-c7fe-e39f1190f938,4007.3,2026-08-29T06:37:04,False,,
c7903dc5-900c-0af7-1b0a-e22eecc817a6,4ab7706e-b773-50ca-eec2-59dc7f95897c,06cb0fb3-9a1d-e644-815e-f6d13b8faa18,1003.13,2026-08-29T06:52:04,False,,
d24938d2-000d-f764-9d46-ea9a0a1d9238,da4bd9ca-eb5c-f467-80ba-cd647a0ecfea,53f8382b-8fb8-64e4-f173-8856e25d36eb,1206.34,2026-08-29T07:05:06,False,,
b9ff2c29-57d9-cbb0-309e-47bad0e656e5,db946570-1ac7-0ec0-ab8d-deb45230dfbd,c4b032cc-d7c5-24a5-5304-317faf42e12f,241.0,2026-08-29T07:16:18,False,,
cf0671c7-720b-274b-82a7-f586e61d9cde,033d2bce-575a-ed2c-a5c5-650c8186a576,acdabacc-1165-e210-9854-3881118a9d29,315.53,2026-08-29T07:24:58,False,,
1c00b895-78fa-3b84-3f5c-d7eddf8b4008,1c8eaee9-5715-bd6f-a416-1293c4c2e2e3,033d2bce-575a-ed2c-a5c5-650c8186a576,516.9,2026-08-29T07:25:45,False,,
cef483f6-71d5-a861-b6bd-6dbe3a8e36fd,3c19e71d-1184-05ad-9e11-d2cd0930aef6,6efb63b1-1b04-9863-7d7d-dbedd284476c,167.35,2026-08-29T07:54:29,False,,
e3b16d36-78e3-6397-123b-31cf9ee339ff,d52721e7-19bc-143e-fb02-bebb48729a4d,336749b5-2cf6-bf75-6a5e-6920bf5ae7e6,3359.59,2026-08-29T07:54:49,False,,
616d41c8-575c-9669-a00a-06e6e42f0c28,dd2467ac-778e-edb3-693d-ffbc6c6fa611,faf14ff0-7b85-179a-d5b0-77e06a5d932b,2270.21,2026-08-29T08:22:15,False,,
32399ffb-2704-6f25-4b91-b8cb6ae66582,d52721e7-19bc-143e-fb02-bebb48729a4d,1dad09b2-52c2-1221-409d-360250843242,373.25,2026-08-29T08:26:47,False,,
f765f8a0-ce43-07c4-2bfd-dbf938498d35,b24445a7-b7e5-8481-31c6-81ec935f2b0a,faf14ff0-7b85-179a-d5b0-77e06a5d932b,670.55,2026-08-29T08:32:56,False,,
5b951652-c11e-a16b-a6d6-2330f5b19be4,04f64d86-7866-0765-14f7-ce8dd5bcb8d0,d4aac9a3-3ed8-c56c-da09-dfa052828d80,327.11,2026-08-29T09:01:04,False,,
774f6354-7316-ce64-2a14-7a961b0c62eb,506e5a9a-b758-588d-ab73-295b344a54b8,8b8148f6-b38a-088c-a65e-d389b74d0fb1,2623.65,2026-08-29T09:14:03,False,,
cb61716c-dd91-cf6b-b102-0282b5b2e008,b4a69f3c-8d3a-ed99-711c-21c9bdc14f1f,9549c931-e9af-299d-7f67-1eec3da70577,1552.58,2026-08-29T09:32:57,False,,
3b803c61-bde7-8473-a3fd-d59c82d29bf8,d6d7b3b8-3309-4d35-3f4d-f561f319c125,6b8e869f-d538-5b0e-34f3-193c0ff0a55c,1434.53,2026-08-29T09:37:02,False,,
98eeac2b-fe9f-ecaa-6182-f347533f5a72,6786d506-38ba-8abc-4b53-05e517d2582e,beb79919-3f22-faf8-23be-d01d43cf2fde,267.12,2026-08-29T09:59:57,False,,
ed94898b-5b92-3c67-1295-38dfd926fe41,db20a56e-dc81-5fe7-ceda-8bbb71710434,beb79919-3f22-faf8-23be-d01d43cf2fde,3441.81,2026-08-29T10:16:58,False,,
d42aa238-284b-2e1d-73fb-6c56e2ea5644,53f8382b-8fb8-64e4-f173-8856e25d36eb,a0ee89ae-d453-dd32-4b0d-bb418d5288f1,401.8,2026-08-29T10:17:50,False,,
e6faa03b-2c85-ef20-7db8-aa1c8448d4ed,902059e4-ff9a-b5c2-9f04-4aed75523327,7135f221-a6c9-537f-84da-d06a7872bdeb,623.42,2026-08-29T10:20:40,False,,
07997940-f9ad-de7d-0b3d-58ad5c230306,dd750e98-90e0-b95f-0212-b554464458b4,faf14ff0-7b85-179a-d5b0-77e06a5d932b,1287.65,2026-08-29T10:22:26,False,,
1190e515-b420-9103-bca7-26eb03ef0f77,ccc56569-f9e8-a369-2999-b735dd56cc94,3e6dd58b-7367-c28d-e1b2-94de4767d76c,2199.99,2026-08-29T10:49:58,False,,
3056b87f-e8f2-6d63-84be-d7ed1491b51d,5e5ba13d-746c-db77-1fa3-82e8895ccd99,7bb38605-da74-3152-627b-41a1ffd6f232,646.38,2026-08-29T10:55:35,False,,
0d6ba019-1fb8-e3c2-0457-3e35f4c3559b,3e896c64-e117-dac3-119c-4ea3e1805081,a7f36ae9-25c7-3c44-3e75-c3b4664fa663,275.6,2026-08-29T11:17:56,False,,
aa1c5dca-f0c7-915e-03a0-b96b842ee348,1dad09b2-52c2-1221-409d-360250843242,0bbb2599-11ce-5dd2-b45e-d1f03139d32c,15000.0,2026-08-29T11:43:36,False,,
79257d0f-e545-5ccc-35b3-9c0eb588489e,d1843324-17e8-392a-55ce-e5db9e87e04c,e2817efd-ae84-9217-1d53-434bb88139b9,396.75,2026-08-29T12:41:09,False,,
4067f790-8444-0504-13ed-280ad5e14d1f,96fc734d-a003-cd28-ca8f-3653c9af18f8,d865d69a-74f3-3103-4006-6ff2b0b862ef,1037.34,2026-08-29T12:41:43,False,,
a1fd4187-9c3a-1e0b-b5f3-f8aadc6dafff,ffe3fa49-054f-92ff-f366-bad4964db03f,0bbb2599-11ce-5dd2-b45e-d1f03139d32c,895.88,2026-08-29T12:58:51,False,,
528a34f3-63ea-c0a1-9202-b09c60b36938,a8b317fa-18d0-752b-1825-bc5430beb45f,a0ee89ae-d453-dd32-4b0d-bb418d5288f1,148.68,2026-08-29T13:03:25,False,,
43816e47-df3c-5c8a-6510-76d6c7610e83,7428a656-b3ee-4d3b-5a10-412954aebd1b,7656af72-29d4-beef-3eab-edcbbaa80dd4,149.35,2026-08-29T13:20:55,False,,
b993ff63-c6b1-8d94-324b-cc3d9a7791a2,72bb912d-7da6-7785-b63b-4dc3a559e463,6dadd6c7-95a7-6d79-bf3c-4c06434308bc,711.55,2026-08-29T13:31:06,False,,
a8909e31-7517-5f39-7354-44fbe44a0371,f42d47cc-00d4-af59-7427-3ca3287d06ca,22f235f2-e11b-868d-bf0d-073d821c1336,463.86,2026-08-29T14:00:52,False,,
b0416f19-bbe7-1835-4e8b-f78a60ddc7f1,80962718-2051-acef-097a-1e10f6febc0e,f1eedba3-1343-2e61-1ca3-c4480279b6a6,2234.15,2026-08-29T14:10:35,False,,
30c95ec4-4f2f-cfd6-46b8-21c7fe731856,907bfe36-9786-48f8-64de-82e6e82c7d7b,336749b5-2cf6-bf75-6a5e-6920bf5ae7e6,1120.26,2026-08-29T14:24:25,False,,
2e4c16e2-1b79-9e6b-f52e-f4a6ac6c2e1b,eededb07-e623-a689-5d59-cd2a4eea04e7,59970043-f3b1-025b-fff9-f5850d557b61,357.93,2026-08-29T14:40:41,False,,
26fa466b-1573-3a73-8266-557cefc66c4c,7f2984f5-bec3-9a37-9b3d-74bde91e314e,dfcaf0b7-19b1-7e80-dea4-ae1754fd9ad3,1413.38,2026-08-29T14:53:06,False,,
80499bbf-76f6-a778-2246-0ac94a7eebc2,c1a6423b-9f64-eeed-5c9d-927d84b871bb,988c24c9-61b1-cd22-6280-1c4510435a10,2616.53,2026-08-29T14:56:04,False,,
c73e69e9-9806-9315-ce62-665f476a3991,6105716b-ab0e-664e-9c3e-b2d591e1aa96,654821d0-7fcd-9eb1-a7ca-d415366eb16f,448.06,2026-08-29T15:08:34,False,,
74661e6f-e1ee-b1f1-33b1-d0dce552d0a8,d865d69a-74f3-3103-4006-6ff2b0b862ef,49c8a43f-7ed7-0ed7-b194-990b6961929e,248.25,2026-08-29T15:46:02,False,,
31286dc8-40b1-fb20-d9eb-b4955d7ecb5f,907bfe36-9786-48f8-64de-82e6e82c7d7b,cf36d58b-4737-8190-96da-1dac72ff5d2a,5104.78,2026-08-29T15:46:33,False,,
a388ca32-68d2-6992-01b1-c62616a48bfa,a65e688e-abf3-ad39-fec2-1bbe66245bfa,8ae8905b-54b4-a482-6858-6eba6a34c854,1634.71,2026-08-29T16:11:26,False,,
3fc0796e-44f4-caeb-49a4-443e940d8bcc,9f4c3b79-fb10-987f-20ac-3703eb67146a,dd750e98-90e0-b95f-0212-b554464458b4,1018.47,2026-08-29T16:17:49,False,,
c98e3f5b-9134-c0b7-6f73-573bfaeebacd,d4f8fd72-f382-1cfd-c083-b73a473bd358,d664d264-4c6e-27ff-b9de-7a3a486822b9,1078.77,2026-08-29T16:31:48,False,,
74d90398-c17a-608e-ff2d-a31889ee49ed,6786d506-38ba-8abc-4b53-05e517d2582e,77097749-527e-ecfa-a79a-c9aa9b4e2c24,8203.12,2026-08-29T16:32:09,False,,
c4376d89-5a4e-b9f3-ad2e-4db89defc23f,6502d6a2-ca6a-2224-171e-16cc5da36f1b,8ae8905b-54b4-a482-6858-6eba6a34c854,1020.86,2026-08-29T16:37:02,False,,
21de2360-1ed6-8b71-3ab8-ec3f2612e9e5,9b49bd26-df57-c59a-8715-a10343dac043,a911d192-43bf-d931-3605-bf54a021c0ca,312.85,2026-08-29T16:47:36,False,,
91519998-f293-3585-5a07-d758b357f3f9,a56c0941-fbf2-4050-a748-dbcfac619e63,beb79919-3f22-faf8-23be-d01d43cf2fde,222.64,2026-08-29T17:13:12,False,,
cecea5d3-5ea9-09ef-7257-dcb6a8be6c80,70286046-49bc-473f-ed7b-f656218a1536,b7b56ea7-35eb-d32d-9ad6-20ab48212ddb,1365.33,2026-08-29T17:27:43,False,,
df0fea06-bcbd-6eeb-ceab-2f76f776f4e8,7a4c75d4-dc99-e04c-f0e9-8b3b40a26c60,580d7b71-d8f5-6413-5be6-128e18c26797,428.42,2026-08-29T17:55:40,False,,
e40b50e4-0a08-6989-833c-8f55a1298fa2,46d483f3-d450-281c-6c6f-7633a2607723,ce9e1a11-fcbb-4e59-fbdd-cf7c9c96e9ec,1774.03,2026-08-29T18:08:06,False,,
ad463549-bf41-13cb-32e1-5f176b47ed61,d52721e7-19bc-143e-fb02-bebb48729a4d,a0ee89ae-d453-dd32-4b0d-bb418d5288f1,570.99,2026-08-29T18:33:11,False,,
4cf2fdf8-ec1f-5d97-2a98-3090831fd302,a56c0941-fbf2-4050-a748-dbcfac619e63,cf36d58b-4737-8190-96da-1dac72ff5d2a,955.88,2026-08-29T18:59:01,False,,
3eb862c6-676c-269f-b8f9-1075a08145d2,04f64d86-7866-0765-14f7-ce8dd5bcb8d0,8b8148f6-b38a-088c-a65e-d389b74d0fb1,483.86,2026-08-29T19:21:08,False,,
611eb15c-741a-5b09-a63f-63eaac852cc7,2053da42-f1af-db65-b289-f2244ac9778d,0bbb2599-11ce-5dd2-b45e-d1f03139d32c,1750.56,2026-08-29T19:32:22,False,,
7b53359e-1bac-bd0d-af35-b30b4c68eb17,93b7a886-12f7-0c97-7de3-1a516694c343,1ff49b78-8946-3e85-759c-de66bacfb3d0,2339.07,2026-08-29T19:47:42,False,,
d60bf603-a750-350e-1bad-52a8a976dc4d,a6348e78-4d5c-55c7-b379-cb1ee8cda0cc,1a3d1fa7-bc89-60a9-23b8-c1e9392456de,388.68,2026-08-29T19:58:18,False,,
07ef2ba8-b45a-6ab3-7b94-a34de4aa786d,53f8382b-8fb8-64e4-f173-8856e25d36eb,1e52d770-3f89-7142-fe71-6b1415ce6a66,2897.41,2026-08-29T20:05:44,False,,
99714b2b-f353-3e8a-3781-d306d5e0a664,398d1ca6-8b68-70b5-1d61-fac36cd5e859,a3917c99-4c95-5f6a-966b-1964fcd6bdca,627.08,2026-08-29T20:13:17,False,,
ae8e8200-c5c7-34b4-88c5-3b179733b490,1c8eaee9-5715-bd6f-a416-1293c4c2e2e3,ff233d5f-6ced-d15d-5800-7c0287ea7ff5,424.57,2026-08-29T20:15:34,False,,
4a2f3876-6e93-5615-38da-9a90170fad32,f264accc-79ac-1b1e-a8e5-6e0c20de435d,eb6c1016-cee6-24d0-9dac-6e8345241ea6,542.84,2026-08-29T21:22:45,False,,
3190b8f4-d73d-52ba-ca17-31d097c768d6,49c8a43f-7ed7-0ed7-b194-990b6961929e,bb026576-f512-c4c3-b253-d2186c4a37ea,152.1,2026-08-29T21:25:45,False,,
b48c531b-4eeb-87ff-c064-f074c847b130,ef8c485b-c07a-30f2-edd4-253b50f0fd0a,3e83b91f-2544-0fe0-6e41-7d475ff595ea,629.25,2026-08-29T21:26:55,False,,
3a8da127-44f6-4bef-b9f9-d376c79e049b,dd81b7f5-7d59-11c6-a8f1-e091ffb8102d,907bfe36-9786-48f8-64de-82e6e82c7d7b,219.72,2026-08-29T21:29:34,False,,
8ec29e07-ee0c-2303-79c1-1c4a639817e5,2d06e8cf-3805-f907-6cd6-6193c7468f59,3d85de89-c217-1429-8e20-07247d137018,5668.46,2026-08-29T21:29:38,False,,
ba6c557c-84f1-6d9d-af8f-8cf0451a9ec7,913e4de2-e0c5-3cb8-3da9-c2a90ed42f1a,a53f8a28-abf3-e3fc-2181-3d25655238a6,2145.96,2026-08-29T22:05:29,False,,
e504d1c6-4312-153d-484f-7f7c244f52f4,43e42caf-8181-a8cc-3691-47eb89a2688b,506e5a9a-b758-588d-ab73-295b344a54b8,845.94,2026-08-29T22:16:02,False,,
285eed0a-3fac-4317-16e8-27b0c552f3c5,439472e6-da58-7e8a-a25d-6b29afffcfd2,b4d7e28e-271e-3ee2-b1a6-b1f1620e99d3,2305.99,2026-08-29T22:38:15,False,,
a51e01ad-7e8a-2078-53d1-06cb61004ffe,22f235f2-e11b-868d-bf0d-073d821c1336,dfcaf0b7-19b1-7e80-dea4-ae1754fd9ad3,672.2,2026-08-29T22:51:45,False,,
c44c5c78-80ed-319c-ef01-6e79a9b24a99,6232b17a-2507-4181-8d1f-b54074eff545,766ecb15-474e-bc19-2ef9-12766c006f61,198.87,2026-08-29T23:33:25,False,,
8d3ba57f-300f-fa68-4f22-7efae8e13f98,474a493b-3ced-df2d-839f-bc501223b513,a5d04d53-1e12-42e3-f272-92b6762172ed,1518.98,2026-08-29T23:41:04,False,,
609626ba-b03a-c41d-3e90-11e8035bd879,2e8d0e87-5334-20e6-d9d8-0b8d7e8adee7,e2817efd-ae84-9217-1d53-434bb88139b9,2167.56,2026-08-29T23:47:04,False,,
9061498f-e096-521e-a2c7-23d4bfb8abb9,770c7798-37cc-863b-f2a0-345990604f62,19675f06-bd76-7e35-f5c9-b0479c10c572,2762.87,2026-08-30T00:14:09,False,,
542504b8-e098-d2e3-bd3f-db6271980a55,a2a9d4d8-102e-fde5-a5cc-8bf738ab854c,87e5f0fe-5da8-d6d2-f8b3-8a8be05fb8bc,3205.13,2026-08-30T00:48:29,False,,
4ab7d5e0-f814-af2e-81e2-6ceb40328c40,0964fbbf-8cd3-21b0-c2b0-1cfdd045dd1c,0a4c9f7f-9384-ec2b-44fe-acaed248a9a7,3413.93,2026-08-30T00:58:48,False,,
87f89f62-11a1-e557-290c-44148df50b01,7f2984f5-bec3-9a37-9b3d-74bde91e314e,0e5dd462-cbd0-0ef2-530a-37df0bc61066,1333.88,2026-08-30T01:30:45,False,,
6fa22f92-90c9-7f00-7b01-1fdd94c0b9e0,badcc32a-c159-0f53-8a0f-4efbedcd465e,464c04af-3d3f-3799-a072-95e97c0e8cd8,3124.71,2026-08-30T01:45:32,False,,
d5411860-8583-d0bb-32fb-59fd0c00f8ff,913e4de2-e0c5-3cb8-3da9-c2a90ed42f1a,a319dcb4-217d-65a0-c568-11cd5563f616,1203.96,2026-08-30T01:53:12,False,,
aa3794fb-d997-5545-de8e-76023dc559fc,3e83b91f-2544-0fe0-6e41-7d475ff595ea,0bbb2599-11ce-5dd2-b45e-d1f03139d32c,557.96,2026-08-30T01:56:25,False,,
accc8e70-5663-e490-6cfa-d76f40987d5c,f63fce41-3a9a-ca5e-1761-32ed069f14f1,236c7b87-14a0-bccb-8a47-6a87e49d681d,945.98,2026-08-30T02:16:04,False,,
6248953e-7412-c272-02b7-1c519fbeffb3,dd81b7f5-7d59-11c6-a8f1-e091ffb8102d,398d1ca6-8b68-70b5-1d61-fac36cd5e859,1021.98,2026-08-30T02:33:23,False,,
aad26db6-e4a3-5a10-2674-d1ff6cdcd3be,6e068097-25e9-7977-8d72-48e2951f58d0,654821d0-7fcd-9eb1-a7ca-d415366eb16f,2749.65,2026-08-30T02:35:52,False,,
caaa4685-f526-6edf-0267-c983f7636b4d,1c8eaee9-5715-bd6f-a416-1293c4c2e2e3,551ac8ea-585a-0afa-7bfd-cc1289e06ab3,2652.11,2026-08-30T02:37:40,False,,
19b1a043-3b70-324e-36a0-95737237e20d,3a3c8a71-ff57-4e2b-4991-ab9bebc2026f,db52ca58-0500-0bc6-b20d-cb6ef2311f17,587.37,2026-08-30T02:43:12,False,,
724af3fb-a016-db34-187d-e0c5c39bf6de,9e50aa42-ca6d-fda1-989b-c4da9b37a22b,59970043-f3b1-025b-fff9-f5850d557b61,808.17,2026-08-30T03:00:34,False,,
b8a60402-23d2-6b8d-ae46-024d51d05ef3,560c95ee-638c-254c-076e-2bba7c5308bf,246998e8-d39e-198b-4400-7d5ae88da719,832.93,2026-08-30T03:05:22,False,,
307a1acb-ad5c-3c49-ba09-8a2748708a92,787f2425-dbcc-c477-09e9-db0adf465290,ae340454-cac5-b68c-28f4-9481a0a04dc4,470.14,2026-08-30T03:08:49,False,,
2bbba89d-34fa-dee1-0696-9d4818d42238,4d3485c5-c5c1-4eb4-b27b-3d901a16342c,ccc56569-f9e8-a369-2999-b735dd56cc94,3160.31,2026-08-30T03:18:06,False,,
5eef0d1e-38c5-ef5e-4359-ff43106793b6,04f64d86-7866-0765-14f7-ce8dd5bcb8d0,14822f53-8201-0c62-f5f5-9b220e8fa8e0,845.91,2026-08-30T03:20:11,False,,
2b8d2c49-5e30-03e1-f541-a44e16ccb813,bcae8081-bdf0-70aa-f0b5-156bb82c9074,8b8148f6-b38a-088c-a65e-d389b74d0fb1,1113.85,2026-08-30T03:30:29,False,,
6279403c-e1a2-cfe7-810d-5c5752645a59,93b7a886-12f7-0c97-7de3-1a516694c343,75a66981-4104-a8b5-a34d-b7c5760debbb,2529.29,2026-08-30T03:41:12,False,,
f0f7ad22-c76a-8e0f-48f0-91f09b8b38ae,2f32751e-5738-811d-70c2-903f7a8d03aa,1dad09b2-52c2-1221-409d-360250843242,795.22,2026-08-30T04:12:52,False,,
78cb7469-6142-894a-1899-598d5b5cfadf,b8a6171f-1ee3-4dc4-3b04-8a8b405bfdc9,c4b032cc-d7c5-24a5-5304-317faf42e12f,2629.42,2026-08-30T04:52:57,False,,
65b411ed-05d1-f737-4377-be10c719f5ea,bb026576-f512-c4c3-b253-d2186c4a37ea,ff5e9ff0-ff50-bde4-3825-67b85cabcc97,1411.26,2026-08-30T05:08:44,False,,
e250891a-e984-6baa-f7e4-7c8c9628e429,902059e4-ff9a-b5c2-9f04-4aed75523327,766ecb15-474e-bc19-2ef9-12766c006f61,397.1,2026-08-30T05:11:19,False,,
7408f646-53a7-1719-bcdf-83028c37e264,69ca97d2-7644-14fd-8ae7-69edde8ede0b,80962718-2051-acef-097a-1e10f6febc0e,2875.8,2026-08-30T05:30:57,False,,
61eaaa65-a1d7-70ea-c704-e80ea2466cd7,a8c01f05-c478-f6f1-b88e-c318c16d83ed,474a493b-3ced-df2d-839f-bc501223b513,14187.05,2026-08-30T05:43:56,False,,
a9e27ba9-952e-6abb-14dd-5061555736f8,61ee6c5b-deef-580f-9c07-a75114374509,b7b56ea7-35eb-d32d-9ad6-20ab48212ddb,2471.36,2026-08-30T06:11:50,False,,
bef81d85-20d4-c165-9691-f45d10bb794e,b8a6171f-1ee3-4dc4-3b04-8a8b405bfdc9,cf36d58b-4737-8190-96da-1dac72ff5d2a,1875.27,2026-08-30T06:30:50,False,,
faec8f42-6411-18ec-ddf0-177192e9b765,dd750e98-90e0-b95f-0212-b554464458b4,50c187fc-ce17-7b4e-0837-b8a3d261a7ab,889.51,2026-08-30T06:32:56,False,,
f909c46c-2d47-de92-cbf8-0a9f3dec163c,a6d964a3-f510-ab53-c7fe-e39f1190f938,a2a9d4d8-102e-fde5-a5cc-8bf738ab854c,2242.58,2026-08-30T06:50:09,False,,
25f88c74-53ea-4919-db48-62c2d5ff2a1f,766ecb15-474e-bc19-2ef9-12766c006f61,787f2425-dbcc-c477-09e9-db0adf465290,488.68,2026-08-30T06:53:54,False,,
c65de86e-f00f-63ef-e59f-c1c2004ea81a,3d85de89-c217-1429-8e20-07247d137018,f84f16b3-a79f-bfaf-def5-768968f45bce,1159.48,2026-08-30T07:05:56,False,,
9c8d1ade-f3e8-16b5-a353-ea98cb68a34e,d89a40c0-e87d-1c78-e7c4-21c740497b71,0c0fd195-c17a-f08a-1745-d6d87e570ddf,2406.19,2026-08-30T07:17:12,False,,
0a349670-be8b-15f3-b7e1-c9a264cc7a90,22bd3388-6db9-9102-a48b-3dbe157d94a1,80962718-2051-acef-097a-1e10f6febc0e,195.23,2026-08-30T07:29:04,False,,
5302e6e2-387b-ccda-7133-0766d11ce313,5e781fd7-94e0-d3ba-a9f9-48b24e6384bb,2dea9493-0658-663a-698c-206fe1a47e10,493.15,2026-08-30T08:06:32,False,,
1d447f41-79e9-84e1-bdc4-d680b3c95502,a9597663-6daa-2e68-8861-fe1858e25888,b386f7a4-c991-603f-28c1-3091444d610b,5020.66,2026-08-30T08:08:29,False,,
5fa5c8d5-4cad-3598-603d-e16161f041d0,9326dffd-5be4-bf51-9269-869861a11729,9f4c3b79-fb10-987f-20ac-3703eb67146a,1326.95,2026-08-30T08:10:19,False,,
8269041a-7453-3044-2e07-336d9f8d367d,a0a11839-e745-7704-18df-bc3ca0d4de3d,610cf373-4299-9aa4-0cdf-742b2e85cb21,927.86,2026-08-30T08:12:41,False,,
7b07fd31-a424-4f23-0d5b-a7cd400035f0,8dfa6a56-d12d-bc9a-aaf9-15310200b1f0,61ee6c5b-deef-580f-9c07-a75114374509,813.21,2026-08-30T08:29:02,False,,
6d53628b-4985-1b79-b4f1-36fcfc7cbe71,088a93ec-70d9-c9f8-c9e2-60744f1639a0,dd81b7f5-7d59-11c6-a8f1-e091ffb8102d,1386.05,2026-08-30T08:37:02,False,,
5f3c44dc-5ef7-87b8-f2e6-195f732e2016,439472e6-da58-7e8a-a25d-6b29afffcfd2,654821d0-7fcd-9eb1-a7ca-d415366eb16f,160.97,2026-08-30T08:59:11,False,,
8ad303b1-d77d-d689-a98d-61ec3ad41c9a,0a4c9f7f-9384-ec2b-44fe-acaed248a9a7,6dadd6c7-95a7-6d79-bf3c-4c06434308bc,865.62,2026-08-30T09:04:12,False,,
91c069ee-3ad1-c48f-6b39-c4dcc94b3a6f,f7860b50-11c5-8ef0-dd46-3c09475287aa,ab9099a4-35a2-40ae-5af3-05535ec42e08,8726.18,2026-08-30T09:07:50,False,,
d6f83aa7-ba26-6e87-432f-174f91b72a5c,1497d658-7010-f719-7e69-5d0d8a3c3b5e,07a0ca6e-0822-e8f3-6c03-1199972a8469,219.95,2026-08-30T09:27:59,False,,
75ffe99a-a2ef-0f53-8138-34472376324f,8b10550c-d570-4f32-702c-dd20286218b8,ff5e9ff0-ff50-bde4-3825-67b85cabcc97,436.73,2026-08-30T09:42:10,False,,
78883058-e9ad-0e9b-8c9a-a1e9b3b26337,b4d7e28e-271e-3ee2-b1a6-b1f1620e99d3,d58842de-a2bc-372f-7412-b29347294739,470.22,2026-08-30T09:44:13,False,,
d38a9b74-ddd8-6b0e-6d0f-adedc2045288,59970043-f3b1-025b-fff9-f5850d557b61,1a2a73ed-562b-0f79-c374-59eef50bea63,2080.74,2026-08-30T10:37:00,False,,
fe65b782-57c2-6cfd-f9d5-9f7f1e014975,c2a79689-1933-918c-fa74-57616f18c108,1a3d1fa7-bc89-60a9-23b8-c1e9392456de,641.65,2026-08-30T10:48:14,False,,
da024444-f284-46fa-6f63-35bf6ecfaab4,fcf56188-d32e-6dcd-83bc-9478dd6ac7b8,75b17a55-d426-2982-e43e-4288a2b5b498,549.75,2026-08-30T11:00:08,False,,
e5bb7f3b-687b-b3ce-f9a0-13be55c1a0d9,dd81b7f5-7d59-11c6-a8f1-e091ffb8102d,464c04af-3d3f-3799-a072-95e97c0e8cd8,2075.69,2026-08-30T11:10:03,False,,
7b163453-7042-eb9e-0612-85a7b6fac9b9,b4fb0eb9-49c1-3de7-3b42-06c5085b15fb,b02b61c4-a3d7-0628-ece6-6fa2fd5166e6,1981.91,2026-08-30T11:10:45,False,,
42a5c37c-e5de-9e28-53ba-140f321e2462,ce777f00-ecf2-7e76-8519-7ff4006ed6e3,a0ee89ae-d453-dd32-4b0d-bb418d5288f1,550.19,2026-08-30T11:55:36,False,,
7e85f617-f17e-993d-84cd-a1d23c32f2ee,77097749-527e-ecfa-a79a-c9aa9b4e2c24,8b8148f6-b38a-088c-a65e-d389b74d0fb1,477.32,2026-08-30T12:09:32,False,,
1327adb9-abdd-439a-dc23-3c06ceb380ac,87e5f0fe-5da8-d6d2-f8b3-8a8be05fb8bc,771ad655-cdfc-6ee0-e61e-de900267deb3,433.83,2026-08-30T12:15:35,False,,
dc4676c7-393a-cfff-1a2b-23395ebbb87b,d664d264-4c6e-27ff-b9de-7a3a486822b9,f63fce41-3a9a-ca5e-1761-32ed069f14f1,3914.15,2026-08-30T12:17:54,False,,
e3bb22ae-6552-ac53-09ed-a6f566d71d97,5283aac7-bc0a-6a5d-6e99-6e3ee3b137fc,0a4c9f7f-9384-ec2b-44fe-acaed248a9a7,1582.24,2026-08-30T13:08:05,False,,
65daced0-460a-6125-3f8c-93d4c32afc4a,7f2984f5-bec3-9a37-9b3d-74bde91e314e,0a4c9f7f-9384-ec2b-44fe-acaed248a9a7,354.35,2026-08-30T13:31:44,False,,
19e32dbe-e1cd-2b70-cffe-7547a347cf55,d289f0ab-618a-e305-95a5-bafa431d029f,fcf56188-d32e-6dcd-83bc-9478dd6ac7b8,3099.86,2026-08-30T13:56:53,False,,
1ea391e2-9662-f883-5bbc-cb30c124b471,c0e9ab30-ed26-62e9-17e0-11b7f8102383,beb79919-3f22-faf8-23be-d01d43cf2fde,627.47,2026-08-30T14:13:44,False,,
13853f45-0ed5-7c8c-e2c9-4a442248fe75,551ac8ea-585a-0afa-7bfd-cc1289e06ab3,e45b712e-b822-5688-d0a4-44329cd6c852,474.1,2026-08-30T14:24:05,False,,
af326af5-78cf-536a-a020-72d991be0c2a,82ec9f2d-fbf6-e16f-9b30-80d56fb78271,a319dcb4-217d-65a0-c568-11cd5563f616,843.12,2026-08-30T14:28:59,False,,
fb2cef68-8437-2286-f4ea-bfa5535fd8d2,246998e8-d39e-198b-4400-7d5ae88da719,cf36d58b-4737-8190-96da-1dac72ff5d2a,8862.1,2026-08-30T14:50:42,False,,
a0b6d265-9120-6a37-2703-c75df540838e,93b7a886-12f7-0c97-7de3-1a516694c343,944528c0-0ef8-c2d6-f7fd-564637bb3eec,597.16,2026-08-30T15:09:09,False,,
7ff8a2c6-b79a-566b-2e14-82be98a547b2,badcc32a-c159-0f53-8a0f-4efbedcd465e,894a05e4-30b1-87ef-310c-0c003fa7f104,1002.51,2026-08-30T15:19:41,False,,
53bfa311-9915-5bef-28c0-ce9b560b63a9,0b2c782a-6928-8e92-c68a-152fdb23aa8c,a319dcb4-217d-65a0-c568-11cd5563f616,1422.89,2026-08-30T15:22:07,False,,
0e484034-ad74-dd43-1a11-5f5910d7a164,9191b363-4e2d-6645-6dc7-cac7fd72b050,d4f8fd72-f382-1cfd-c083-b73a473bd358,1160.55,2026-08-30T15:33:43,False,,
6494dd5c-da29-6905-ee22-a70b1ee93260,2790cebd-bfdd-c3d9-9ee3-ac2af94d6204,ae9bec36-35c7-936c-5b99-62c6e61fecc0,571.44,2026-08-30T15:41:38,False,,
f39eab73-a24a-7b89-3f22-cd74a367b563,7922bac2-82dc-4c8e-36b5-229aacf5e81e,eededb07-e623-a689-5d59-cd2a4eea04e7,2728.11,2026-08-30T16:19:04,False,,
53d32d79-f632-090a-c226-64f47f258778,a65e688e-abf3-ad39-fec2-1bbe66245bfa,eb6c1016-cee6-24d0-9dac-6e8345241ea6,1331.56,2026-08-30T16:53:10,False,,
333ee344-7dbf-4bc1-ffa6-23d0ea9e5c8d,6e0d2648-35ce-8841-4973-2d6c4dcabfb7,0a4c9f7f-9384-ec2b-44fe-acaed248a9a7,904.73,2026-08-30T16:53:18,False,,
3b1d0181-9cc3-c1f5-9129-bc759b08e5a8,1e52d770-3f89-7142-fe71-6b1415ce6a66,580d7b71-d8f5-6413-5be6-128e18c26797,1129.76,2026-08-30T17:00:36,False,,
ccdf1d3e-bb34-94d1-f327-33efc50bd5b9,2790cebd-bfdd-c3d9-9ee3-ac2af94d6204,d58842de-a2bc-372f-7412-b29347294739,3264.89,2026-08-30T17:17:35,False,,
7ca9e68f-e12f-3b21-0400-594028628b4e,8ae8905b-54b4-a482-6858-6eba6a34c854,ff5e9ff0-ff50-bde4-3825-67b85cabcc97,2085.41,2026-08-30T17:32:45,False,,
3d884938-6ad6-5b8c-3a38-b844afbffde4,1efa2197-7394-988f-847f-d9b4e64d1bcb,9191b363-4e2d-6645-6dc7-cac7fd72b050,1685.16,2026-08-30T17:33:14,False,,
a590fd3c-ad6e-cc57-a520-c3d0fbcdbf5e,db20a56e-dc81-5fe7-ceda-8bbb71710434,b8a6171f-1ee3-4dc4-3b04-8a8b405bfdc9,1175.92,2026-08-30T17:49:17,False,,
690e5ee8-c152-caf6-0f29-301d111ac671,92f5df7b-0323-d342-df6a-8f931a432f0a,f6802cdb-77e4-90c7-1d7b-c313cde22f1c,1697.21,2026-08-30T18:20:00,False,,
714a0ae0-398e-1f36-ffdb-3a3852e6ef74,f36cb62b-892e-6161-be2d-740a1e9b23bc,07a0ca6e-0822-e8f3-6c03-1199972a8469,2101.59,2026-08-30T18:41:10,False,,
3bf85406-389d-2267-b7c2-5d94cef44098,9191b363-4e2d-6645-6dc7-cac7fd72b050,d1843324-17e8-392a-55ce-e5db9e87e04c,562.23,2026-08-30T18:42:45,False,,
edd877c8-9be7-1737-06b8-92318e867f3c,f1533ae8-670a-cc5c-b321-bf214dd8eb85,f16287e4-e9c3-49e0-3602-f8ac10f1bc81,6990.3,2026-08-30T18:51:52,False,,
bddfd7eb-8591-5036-288c-22220148a245,2f32751e-5738-811d-70c2-903f7a8d03aa,72bb912d-7da6-7785-b63b-4dc3a559e463,2460.35,2026-08-30T19:22:03,False,,
723b80d4-23ef-5561-839e-7623c1d841d3,9b49bd26-df57-c59a-8715-a10343dac043,a319dcb4-217d-65a0-c568-11cd5563f616,1658.11,2026-08-30T19:24:13,False,,
187eb974-1fe3-6111-7c7b-5816cf3eb0d7,d289f0ab-618a-e305-95a5-bafa431d029f,580d7b71-d8f5-6413-5be6-128e18c26797,2037.97,2026-08-30T19:30:57,False,,
ffad7df2-c959-95ec-5ae6-54b79e3b37e6,ff233d5f-6ced-d15d-5800-7c0287ea7ff5,9b1bc895-2af4-3ab7-5e6f-ea07c4536f1d,5233.78,2026-08-30T19:36:18,False,,
7f6bf62c-a1c1-6b96-baab-d9f2850b7073,f264accc-79ac-1b1e-a8e5-6e0c20de435d,75b17a55-d426-2982-e43e-4288a2b5b498,404.09,2026-08-30T19:41:58,False,,
9780c215-2b2b-b8e9-a417-c09380a8a23d,8e485223-46b9-8991-e14e-b70db380c73a,07a0ca6e-0822-e8f3-6c03-1199972a8469,622.47,2026-08-30T19:51:38,False,,
1e2c2e7d-502c-f0ee-224a-66a6ac0f6801,2053da42-f1af-db65-b289-f2244ac9778d,da4bd9ca-eb5c-f467-80ba-cd647a0ecfea,548.45,2026-08-30T19:55:34,False,,
00102dc0-dfe6-b589-79b8-023d2a3189ba,8da01097-be0f-051b-1b66-b5a9e3c43657,2260e70f-e0cc-edc5-f05d-b76e1a84a51a,903.41,2026-08-30T20:26:16,False,,
bae3438e-2f43-b2f0-402b-f49539e9c6ef,85d51695-90b2-b633-956b-8c0ca8499b92,82ec9f2d-fbf6-e16f-9b30-80d56fb78271,422.45,2026-08-30T20:32:38,False,,
458fa881-c3da-b31b-8a90-517c05e5120a,17dc8eff-6872-13f9-8d60-593603802b70,6b8e869f-d538-5b0e-34f3-193c0ff0a55c,599.0,2026-08-30T20:35:18,False,,
a7af5545-3d3f-ec1b-5c17-ebb5093b4d72,b4a69f3c-8d3a-ed99-711c-21c9bdc14f1f,654821d0-7fcd-9eb1-a7ca-d415366eb16f,1038.68,2026-08-30T20:44:53,False,,
8f7763e0-5982-aa44-5573-68cf0ba56050,907bfe36-9786-48f8-64de-82e6e82c7d7b,d58842de-a2bc-372f-7412-b29347294739,1043.71,2026-08-30T20:53:08,False,,
8677098c-144a-1458-4019-a1f60cd11081,7135f221-a6c9-537f-84da-d06a7872bdeb,5e781fd7-94e0-d3ba-a9f9-48b24e6384bb,1732.43,2026-08-30T21:03:04,False,,
e09ef2a3-ae77-e249-34a6-3e7632173525,c29cfc0c-fa02-eaec-96ef-2ad6b97e6703,d6d7b3b8-3309-4d35-3f4d-f561f319c125,6951.46,2026-08-30T21:11:36,False,,
b1bad5eb-3e66-8eb8-cb31-7618daafb63a,11b7e948-d0e6-e660-7c69-dee1bb5e4bcf,3d85de89-c217-1429-8e20-07247d137018,231.88,2026-08-30T21:12:15,False,,
f6a97c38-13f7-4636-c7be-540661650f34,793b4c32-2050-0494-3d11-48022702878b,2095eef6-8ded-f9fb-4bb0-0f20b27c4026,3725.97,2026-08-30T21:12:21,False,,
929af586-ca37-6c36-7d94-bf104d187b75,c268283e-e32f-2e63-b7fd-dd71a075e927,654821d0-7fcd-9eb1-a7ca-d415366eb16f,2620.51,2026-08-30T21:14:09,False,,
57d714f1-3192-c29c-5a0e-d9b75e2227d4,78b2b549-3bdb-c09e-acc2-16a01bbc91f7,9326dffd-5be4-bf51-9269-869861a11729,4065.57,2026-08-30T21:17:16,False,,
396c357b-dd66-4071-8fd7-b1a1bd4f6118,2e183554-cae2-8e66-ae8a-781390e0a95b,f1533ae8-670a-cc5c-b321-bf214dd8eb85,3525.52,2026-08-30T21:49:07,False,,
ce315937-34fa-32b6-d043-7e4c34e50699,8dfa6a56-d12d-bc9a-aaf9-15310200b1f0,d664d264-4c6e-27ff-b9de-7a3a486822b9,882.11,2026-08-30T21:52:05,False,,
ef252aa8-44a9-844f-a10e-193140686515,19675f06-bd76-7e35-f5c9-b0479c10c572,07a0ca6e-0822-e8f3-6c03-1199972a8469,6365.32,2026-08-30T22:07:09,False,,
81df6517-561c-9210-97fe-56c54c9a9f24,70286046-49bc-473f-ed7b-f656218a1536,c268283e-e32f-2e63-b7fd-dd71a075e927,1408.8,2026-08-30T22:16:30,False,,
01b158e9-0406-ff44-7ce4-0679a8c6dbc0,dd750e98-90e0-b95f-0212-b554464458b4,12476f57-a5e5-a5ab-aefc-fad8efc89849,2067.14,2026-08-30T22:17:49,False,,
bb1fdb98-6f5a-181a-b1ca-a64c93727484,770c7798-37cc-863b-f2a0-345990604f62,2053da42-f1af-db65-b289-f2244ac9778d,2629.08,2026-08-30T22:24:19,False,,
e1fdc6d1-6978-5221-7fb7-5c574b8c031f,587ef344-6f3f-920c-98b8-e4cc1bc044fc,f16287e4-e9c3-49e0-3602-f8ac10f1bc81,446.57,2026-08-30T22:49:49,False,,
e338e579-7521-aa18-dde4-f5c1532c5c01,913e4de2-e0c5-3cb8-3da9-c2a90ed42f1a,ffe3fa49-054f-92ff-f366-bad4964db03f,804.99,2026-08-30T22:55:34,False,,
2f4f914c-058b-5ee1-a2dd-d15a257066e8,43e42caf-8181-a8cc-3691-47eb89a2688b,d58842de-a2bc-372f-7412-b29347294739,2226.56,2026-08-30T23:02:30,False,,
eea90156-d5bd-2de2-e751-0ccfd358a5d7,81f631d4-a392-31a7-d777-a4774c66e0a8,9b689c88-3ae9-09fe-cc82-18dac696f5e6,2043.07,2026-08-30T23:08:16,False,,
df10c0ab-f734-7784-a049-d164952f6d11,27a0c3d7-7c96-7f79-b7e9-9acaa97065e1,8b8148f6-b38a-088c-a65e-d389b74d0fb1,237.2,2026-08-30T23:23:37,False,,
0222305d-f1f7-1605-a79e-36267707ac0e,688c7015-aab9-7e49-4f2d-479681d2c7de,1a3d1fa7-bc89-60a9-23b8-c1e9392456de,1309.89,2026-08-30T23:58:52,False,,
02a95064-d351-1e95-0c3e-dd5c39590149,85d51695-90b2-b633-956b-8c0ca8499b92,bdd640fb-0667-1ad1-1c80-317fa3b1799d,1828.41,2026-08-30T23:59:43,False,,
